Workbook

Sheet Nach Mannschaften sortiert
A1: fortlaufende Nummer | B1: Runde | C1: Mannschaft | D1: fixierter Termin | E1: fixierte Uhrzeit | F1: Ort | G1: Gegner | H1: Auswärt/Heim
B2: 0 | C2: KM | D2: 46220 | E2: 0.79166667 | F2: Rohrbach | G2: Rohrbach | H2: Auswärts
B3: 0 | C3: KM | D3: 46241 | E3: 0.79166667 | F3: Neufeld | G3: Bad Fischau | H3: Heim
B4: 0 | C4: U16 | D4: 46199 | E4: 0.75 | F4: Wimpassing | G4: SK Rapid Wien | H4: Heim
B5: 0 | C5: U15 | D5: 46199 | E5: 0.66666667 | F5: Wimpassing | G5: SK Rapid Wien | H5: Heim
A6: 1 | B6: 1 | C6: KM
A7: 2 | B7: 2 | C7: KM
A8: 3 | B8: 3 | C8: KM
A9: 4 | B9: 4 | C9: KM
A10: 5 | B10: 5 | C10: KM
A11: 6 | B11: 6 | C11: KM
A12: 7 | B12: 7 | C12: KM
A13: 8 | B13: 8 | C13: KM
A14: 9 | B14: 9 | C14: KM
A15: 10 | B15: 10 | C15: KM
A16: 11 | B16: 11 | C16: KM
A17: 12 | B17: 12 | C17: KM
... A77: 67 | B77: 4 | C77: U11
B78: 5 | C78: U11
B79: 6 | C79: U11
B80: 7 | C80: U11
B81: 8 | C81: U11
B82: 9 | C82: U11
A83: 68 | B83: 10 | C83: U11
A84: 69 | B84: 1 | C84: U10
A85: 70 | B85: 2 | C85: U10
A86: 71 | B86: 3 | C86: U10
B87: 4 | C87: U10
B88: 5 | C88: U10
B89: 6 | C89: U10
B90: 7 | C90: U10
B91: 8 | C91: U10
A92: 72 | B92: 9 | C92: U10
A93: 73 | B93: 10 | C93: U10
A94: 74 | B94: 1 | C94: U9
A95: 75 | B95: 2 | C95: U9
B96: 3 | C96: U9
B97: 4 | C97: U9
B98: 5 | C98: U9
B99: 6 | C99: U9
B100: 7 | C100: U9
A101: 76 | B101: 8 | C101: U9
A102: 77 | B102: 9 | C102: U9
A103: 78 | B103: 10 | C103: U9
A104: 79 | B104: 1 | C104: U8
B105: 2 | C105: U8
B106: 3 | C106: U8
B107: 4 | C107: U8
B108: 5 | C108: U8
B109: 1 | C109: U7
B110: 2 | C110: U7
B111: 3 | C111: U7
A112: 80 | B112: 4 | C112: U7
A113: 81 | B113: 5 | C113: U7
B114: 1 | C114: TECO 7 CAMP | D114: 46321 | E114: 0.375 | F114: Neufeld | G114: CAMP | H114: Heim
B115: 2 | C115: TECO 7 CAMP | D115: 46322 | E115: 0.375 | F115: Neufeld | G115: CAMP | H115: Heim
B116: 3 | C116: TECO 7 CAMP | D116: 46323 | E116: 0.375 | F116: Neufeld | G116: CAMP | H116: Heim
B117: 1 | C117: REAL MADRID CAMP | D117: 46230 | E117: 0.375 | F117: Neufeld | G117: CAMP | H117: Heim
B118: 2 | C118: REAL MADRID CAMP | D118: 46231 | E118: 0.375 | F118: Neufeld | G118: CAMP | H118: Heim
B119: 3 | C119: REAL MADRID CAMP | D119: 46232 | E119: 0.375 | F119: Neufeld | G119: CAMP | H119: Heim
B120: 4 | C120: REAL MADRID CAMP | D120: 46233 | E120: 0.375 | F120: Neufeld | G120: CAMP | H120: Heim
B121: 5 | C121: REAL MADRID CAMP | D121: 46234 | E121: 0.375 | F121: Neufeld | G121: CAMP | H121: Heim
A122: 83 | B122: 2 | C122: GGG | D122: 46256 | E122: 0.375 | F122: Neufeld | G122: viele Gegner | H122: Heim

Sheet ICS2
A1: GAME_ID | B1: TITEL | C1: DATUM | D1: STARTZEIT | E1: ENDZEIT | F1: ORT | G1: BESCHREIBUNG | H1: TYP | I1: GEGNER | J1: LIGA | K1: STATUS | L1: SPIELART | M1: ART
A2: GAME000001 | C2: 46220 | D2: 0.79166667 | E2: =IF(I2 = "KM",C2+"1:45",IF(I2="U23",C2+"1:45",IF(I2 = "U16",C2+"1:45",IF(I2 = "U15",C2+"1:30",IF(I2 = "U14",C2+"1:30",IF(I2 = "U13",C2+"1:35",IF(I2 = "U12",C2+"1:10",IF(I2 = "U11",C2+"1:10",IF(I2 = "U10",C2+"1:03",C2+"3:00"))))))))) | F2: ROHRBACH | H2: Auswärts | I2: Rohrbach | J2: KM | K2: aktiv | L2: Freundschaft | M2: Spiel
A3: GAME000002 | C3: 46241 | D3: 0.79166667 | E3: =IF(I3 = "KM",C3+"1:45",IF(I3="U23",C3+"1:45",IF(I3 = "U16",C3+"1:45",IF(I3 = "U15",C3+"1:30",IF(I3 = "U14",C3+"1:30",IF(I3 = "U13",C3+"1:35",IF(I3 = "U12",C3+"1:10",IF(I3 = "U11",C3+"1:10",IF(I3 = "U10",C3+"1:03",C3+"3:00"))))))))) | F3: NEUFELD | H3: Heim | I3: Bad Fischau | J3: KM | K3: aktiv | L3: Freundschaft | M3: Spiel
A4: GAME000003 | C4: 2026-08-07 | D4: 19:00 | E4: 20:00 | F4: WIMPASSING | G4: nan | H4: Heim | I4: Austria Wien | J4: U16 | K4: aktiv | L4: Freundschaft | M4: Spiel
A5: GAME000004 | C5: 46199 | D5: 0.66666667 | E5: =IF(I5 = "KM",C5+"1:45",IF(I5="U23",C5+"1:45",IF(I5 = "U16",C5+"1:45",IF(I5 = "U15",C5+"1:30",IF(I5 = "U14",C5+"1:30",IF(I5 = "U13",C5+"1:35",IF(I5 = "U12",C5+"1:10",IF(I5 = "U11",C5+"1:10",IF(I5 = "U10",C5+"1:03",C5+"3:00"))))))))) | F5: WIMPASSING | H5: Heim | I5: SK Rapid Wien | J5: U15 | K5: aktiv | L5: Freundschaft | M5: Spiel
A6: GAME000005 | C6: 36526 | D6: 0 | E6: 0.072916667 | J6: ='Nach Mannschaften sortiert'!C6 | K6: inaktiv | L6: Liga | M6: Spiel
A7: GAME000006 | C7: 36527 | D7: 0 | E7: 0.072916667 | J7: ='Nach Mannschaften sortiert'!C7 | K7: inaktiv | L7: Liga | M7: Spiel
A8: GAME000007 | C8: 36528 | D8: 0 | E8: 0.072916667 | J8: ='Nach Mannschaften sortiert'!C8 | K8: inaktiv | L8: Liga | M8: Spiel
A9: GAME000008 | C9: 36529 | D9: 0 | E9: 0.072916667 | J9: ='Nach Mannschaften sortiert'!C9 | K9: inaktiv | L9: Liga | M9: Spiel
A10: GAME000009 | C10: 36530 | D10: 0 | E10: 0.072916667 | J10: ='Nach Mannschaften sortiert'!C10 | K10: inaktiv | L10: Liga | M10: Spiel
A11: GAME000010 | C11: 36531 | D11: 0 | E11: 0.072916667 | J11: ='Nach Mannschaften sortiert'!C11 | K11: inaktiv | L11: Liga | M11: Spiel
A12: GAME000011 | C12: 36532 | D12: 0 | E12: 0.072916667 | J12: ='Nach Mannschaften sortiert'!C12 | K12: inaktiv | L12: Liga | M12: Spiel
A13: GAME000012 | C13: 36533 | D13: 0 | E13: 0.072916667 | J13: ='Nach Mannschaften sortiert'!C13 | K13: inaktiv | L13: Liga | M13: Spiel
A14: GAME000013 | C14: 36534 | D14: 0 | E14: 0.072916667 | J14: ='Nach Mannschaften sortiert'!C14 | K14: inaktiv | L14: Liga | M14: Spiel
A15: GAME000014 | C15: 36535 | D15: 0 | E15: 0.072916667 | J15: ='Nach Mannschaften sortiert'!C15 | K15: inaktiv | L15: Liga | M15: Spiel
A16: GAME000015 | C16: 36536 | D16: 0 | E16: 0.072916667 | J16: ='Nach Mannschaften sortiert'!C16 | K16: inaktiv | L16: Liga | M16: Spiel
A17: GAME000016 | C17: 36537 | D17: 0 | E17: 0.072916667 | J17: ='Nach Mannschaften sortiert'!C17 | K17: inaktiv | L17: Liga | M17: Spiel
... A113: GAME000112 | C113: 36633 | D113: 0 | E113: 0.072916667 | J113: ='Nach Mannschaften sortiert'!C113 | K113: inaktiv | L113: Liga | M113: Spiel
A114: GAME000113 | C114: ='Nach Mannschaften sortiert'!D114 | D114: 0.375 | E114: =IF(I114 = "KM",C114+"1:45",IF(I114="U23",C114+"1:45",IF(I114 = "U16",C114+"1:45",IF(I114 = "U15",C114+"1:30",IF(I114 = "U14",C114+"1:30",IF(I114 = "U13",C114+"1:35",IF(I114 = "U12",C114+"1:10",IF(I114 = "U11",C114+"1:10",IF(I114 = "U10",C114+"1:03",C114+"3:00"))))))))) | F114: Neufeld | H114: Heim | I114: CAMP | J114: TECO 7 CAMP | K114: aktiv | L114: Camp | M114: Camp
A115: GAME000114 | C115: ='Nach Mannschaften sortiert'!D115 | D115: 0.375 | E115: =IF(I115 = "KM",C115+"1:45",IF(I115="U23",C115+"1:45",IF(I115 = "U16",C115+"1:45",IF(I115 = "U15",C115+"1:30",IF(I115 = "U14",C115+"1:30",IF(I115 = "U13",C115+"1:35",IF(I115 = "U12",C115+"1:10",IF(I115 = "U11",C115+"1:10",IF(I115 = "U10",C115+"1:03",C115+"3:00"))))))))) | F115: Neufeld | H115: Heim | I115: CAMP | J115: TECO 7 CAMP | K115: aktiv | L115: Camp | M115: Camp
A116: GAME000115 | C116: ='Nach Mannschaften sortiert'!D116 | D116: 0.375 | E116: =IF(I116 = "KM",C116+"1:45",IF(I116="U23",C116+"1:45",IF(I116 = "U16",C116+"1:45",IF(I116 = "U15",C116+"1:30",IF(I116 = "U14",C116+"1:30",IF(I116 = "U13",C116+"1:35",IF(I116 = "U12",C116+"1:10",IF(I116 = "U11",C116+"1:10",IF(I116 = "U10",C116+"1:03",C116+"3:00"))))))))) | F116: Neufeld | H116: Heim | I116: CAMP | J116: TECO 7 CAMP | K116: aktiv | L116: Camp | M116: Camp
A117: GAME000116 | C117: ='Nach Mannschaften sortiert'!D117 | D117: 0.375 | E117: =IF(I117 = "KM",C117+"1:45",IF(I117="U23",C117+"1:45",IF(I117 = "U16",C117+"1:45",IF(I117 = "U15",C117+"1:30",IF(I117 = "U14",C117+"1:30",IF(I117 = "U13",C117+"1:35",IF(I117 = "U12",C117+"1:10",IF(I117 = "U11",C117+"1:10",IF(I117 = "U10",C117+"1:03",C117+"3:00"))))))))) | F117: Neufeld | H117: Heim | I117: CAMP | J117: REAL MADRID CAMP | K117: aktiv | L117: Camp | M117: Camp
A118: GAME000117 | C118: ='Nach Mannschaften sortiert'!D118 | D118: 0.375 | E118: =IF(I118 = "KM",C118+"1:45",IF(I118="U23",C118+"1:45",IF(I118 = "U16",C118+"1:45",IF(I118 = "U15",C118+"1:30",IF(I118 = "U14",C118+"1:30",IF(I118 = "U13",C118+"1:35",IF(I118 = "U12",C118+"1:10",IF(I118 = "U11",C118+"1:10",IF(I118 = "U10",C118+"1:03",C118+"3:00"))))))))) | F118: Neufeld | H118: Heim | I118: CAMP | J118: REAL MADRID CAMP | K118: aktiv | L118: Camp | M118: Camp
A119: GAME000118 | C119: ='Nach Mannschaften sortiert'!D119 | D119: 0.375 | E119: =IF(I119 = "KM",C119+"1:45",IF(I119="U23",C119+"1:45",IF(I119 = "U16",C119+"1:45",IF(I119 = "U15",C119+"1:30",IF(I119 = "U14",C119+"1:30",IF(I119 = "U13",C119+"1:35",IF(I119 = "U12",C119+"1:10",IF(I119 = "U11",C119+"1:10",IF(I119 = "U10",C119+"1:03",C119+"3:00"))))))))) | F119: Neufeld | H119: Heim | I119: CAMP | J119: REAL MADRID CAMP | K119: aktiv | L119: Camp | M119: Camp
A120: GAME000119 | C120: ='Nach Mannschaften sortiert'!D120 | D120: 0.375 | E120: =IF(I120 = "KM",C120+"1:45",IF(I120="U23",C120+"1:45",IF(I120 = "U16",C120+"1:45",IF(I120 = "U15",C120+"1:30",IF(I120 = "U14",C120+"1:30",IF(I120 = "U13",C120+"1:35",IF(I120 = "U12",C120+"1:10",IF(I120 = "U11",C120+"1:10",IF(I120 = "U10",C120+"1:03",C120+"3:00"))))))))) | F120: Neufeld | H120: Heim | I120: CAMP | J120: REAL MADRID CAMP | K120: aktiv | L120: Camp | M120: Camp
A121: GAME000120 | C121: ='Nach Mannschaften sortiert'!D121 | D121: 0.375 | E121: =IF(I121 = "KM",C121+"1:45",IF(I121="U23",C121+"1:45",IF(I121 = "U16",C121+"1:45",IF(I121 = "U15",C121+"1:30",IF(I121 = "U14",C121+"1:30",IF(I121 = "U13",C121+"1:35",IF(I121 = "U12",C121+"1:10",IF(I121 = "U11",C121+"1:10",IF(I121 = "U10",C121+"1:03",C121+"3:00"))))))))) | F121: Neufeld | H121: Heim | I121: CAMP | J121: REAL MADRID CAMP | K121: aktiv | L121: Camp | M121: Camp
A122: GAME000121 | C122: 03.08.2026 | D122: 10:00 | E122: 15:00 | F122: Neufeld | G122: nan | H122: Heim | I122: CAMP | J122: MÄDCHEN CAMP | K122: aktiv | L122: Camp | M122: Camp
A123: GAME000122 | C123: 46238 | D123: 0.375 | E123: 0.625 | F123: Neufeld | H123: Heim | I123: CAMP | J123: MÄDCHEN CAMP | K123: aktiv | L123: Camp | M123: Camp
A124: GAME000123 | C124: 46239 | D124: 0.375 | E124: 0.625 | F124: Neufeld | H124: Heim | I124: CAMP | J124: MÄDCHEN CAMP | K124: aktiv | L124: Camp | M124: Camp
A125: GAME000124 | C125: ='Nach Mannschaften sortiert'!D122 | D125: ='Nach Mannschaften sortiert'!E122 | E125: =IF(I125 = "KM",C125+"1:45",IF(I125="U23",C125+"1:45",IF(I125 = "U16",C125+"1:45",IF(I125 = "U15",C125+"1:30",IF(I125 = "U14",C125+"1:30",IF(I125 = "U13",C125+"1:35",IF(I125 = "U12",C125+"1:10",IF(I125 = "U11",C125+"1:10",IF(I125 = "U10",C125+"1:03",C125+"3:00"))))))))) | F125: Neufeld | H125: Heim | I125: ='Nach Mannschaften sortiert'!G122 | J125: ='Nach Mannschaften sortiert'!C122 | K125: aktiv | L125: Turnier | M125: Turnier
A126: GAME000125 | C126: 26.06.2026 | D126: 10:00 | E126: 11:30 | F126: Neufeld | H126: Heim | I126: FC Arsenal | J126: U14 | K126: Aktiv | M126: Spiel
A127: GAME000126 | C127: 28.06.2026 | D127: 10:00 | E127: 12:00 | F127: Neufeld | G127: Testspiel | H127: Heim | I127: Real Madrid | J127: U9 | K127: Aktiv | M127: Spiel

Sheet HISTORY
A1: Zeitpunkt | B1: GAME_ID | C1: Bereich | D1: Aktion | E1: Objekt | F1: ExcelZeile | G1: Grund | H1: Bemerkung | I1: Benutzer
A2: 26.06.2026 10:19:36 | C2: Spiel | D2: Bearbeitet | E2: MÄDCHEN CAMP | 03.08.2026 | CAMP | F2: 122 | H2: Spiel wurde bearbeitet | I2: System
A3: 26.06.2026 11:14:54 | B3: GAME000121 | C3: Spiel | D3: Bearbeitet | E3: MÄDCHEN CAMP | 03.08.2026 | CAMP | F3: 122 | H3: Spiel wurde bearbeitet | I3: System
A4: 26.06.2026 11:17:37 | B4: GAME000003 | C4: Spiel | D4: Bearbeitet | E4: U16 | 2026-08-07 | Austria Wien | F4: 4 | H4: Spiel wurde bearbeitet | I4: System

Sheet Kalendernamen
A1: Kategorie | C1: ABOLINK
A2: Alle Spiele des ASV Neufeld | B2: alle_spiele.ics | C2: ="https://dtb-asv.github.io/asv-neufeld/"&B2
A3: Alle Heimspiele des ASV Neufelds | B3: heimspiele.ics | C3: ="https://dtb-asv.github.io/asv-neufeld/"&B3
A4: Alle Auswärtsspiele des ASV Neufelds | B4: auswaertsspiele.ics | C4: ="https://dtb-asv.github.io/asv-neufeld/"&B4
A5: Alle Spiele der Kampfmannschaft | B5: KM.ics | C5: ="https://dtb-asv.github.io/asv-neufeld/"&B5
A6: Alle Spiele der U23 | B6: U23.ics | C6: ="https://dtb-asv.github.io/asv-neufeld/"&B6
A7: Alle Spiele der U16 | B7: U16.ics | C7: ="https://dtb-asv.github.io/asv-neufeld/"&B7
A8: Alle Spiele der U15 | B8: U15.ics | C8: ="https://dtb-asv.github.io/asv-neufeld/"&B8
A9: Alle Spiele der U14 | B9: U14.ics | C9: ="https://dtb-asv.github.io/asv-neufeld/"&B9
A10: Alle Spiele der U13 | B10: U13.ics | C10: ="https://dtb-asv.github.io/asv-neufeld/"&B10
A11: Alle Spiele der U12 | B11: U12.ics | C11: ="https://dtb-asv.github.io/asv-neufeld/"&B11
A12: Alle Spiele der U11 | B12: U11.ics | C12: ="https://dtb-asv.github.io/asv-neufeld/"&B12
A13: Alle Spiele der U10 | B13: U10.ics | C13: ="https://dtb-asv.github.io/asv-neufeld/"&B13
... A16: Alle Spiele der U7 | B16: U7.ics | C16: ="https://dtb-asv.github.io/asv-neufeld/"&B16
B17: Camp.ics | C17: ="https://dtb-asv.github.io/asv-neufeld/"&B17
B18: GGG.ics | C18: ="https://dtb-asv.github.io/asv-neufeld/"&B18

Sheet Trainingsplan
A1: TRAININGSORTE/TAGE
A2: MANNSCHAFT | B2: TRAINER | C2: MONTAG | D2: DIENSTAG | E2: MITTWOCH | F2: DONNERSTAG | G2: FREITAG | H2: SAMSTAG | I2: WENN KM-TRAINING MUSS DAS HAUPTFELD AB 18:45 FREI SEIN
A3: FKG | B3: RONNIE ARCHAM | E3: 16:00 - 16:45
A4: U7 | B4: ÖMER TÜRKES TAHA MAHSUMI | D4: 17:30 - 18:30 | F4: 17:30 - 18:30
A5: U8 | B5: TOBIAS BERGER SEBASTIAN PUTRIC | C5: 16:30 - 18:00 | F5: 17: 00 - 18:30
A6: U9 | B6: THOMAS BRANDL DANIEL HOFBAUER | D6: 17:00 - 18:30 | F6: 17:00 - 18:30
A7: U11 | B7: MARIO MAGLER RONNIE ARCHAM | C7: 17:00 - 18:30 | E7: 17:00 - 18:30 | G7: 17:00 - 18:30
A8: U13 | B8: THOMAS PÖSCHL LENZ HONC | C8: 17:00 - 18:30 | E8: 17:00 - 18:30 | G8: 17:00 - 18:30
A9: U14 | B9: GERNOT SEVELDA MARKUS DORINGER | C9: 17:00 - 18:30 | F9: 17:00 - 18:30 | G9: 17:00 - 18:30 | H9: 10:00 - 11:00
A10: U15 | B10: SERDAR EKINCI HUBERT OBERHOFER | D10: 18:30 - 20:15 | F10: 18:00 - 19:30 | G10: 18:30 - 20:15
A11: U16 | B11: JOSCH KÖGL | E11: 17:15 - 19:00 | G11: WIMPASSING
A12: U23 | B12: DINGES STEFAN | C12: 18:45 - 20:15 | E12: 18:45 - 20:15 | F12: 18:45 - 20:15
A13: KM | B13: PLENINGER STEFAN | C13: 18:45 - 20:15 | E13: 18:45 - 20:15 | F13: 18:45 - 20:15
A14: JUNIOREN/SENIOREN | D14: 18:45 - 20:15
A15: HAUPTFELD
A16: TRAININGSPLATZ
A17: HINTERM TOR
A18: SPIELGEMEINSCHAFTEN MIT WIMPASSING

Sheet Heimspiele
A1: ='Nach Mannschaften sortiert'!A1 | B1: ='Nach Mannschaften sortiert'!B1 | C1: ='Nach Mannschaften sortiert'!C1 | D1: ='Nach Mannschaften sortiert'!D1 | E1: ='Nach Mannschaften sortiert'!E1 | F1: ='Nach Mannschaften sortiert'!F1 | G1: ='Nach Mannschaften sortiert'!G1 | H1: ='Nach Mannschaften sortiert'!H1
A2: ='Nach Mannschaften sortiert'!A6 | B2: ='Nach Mannschaften sortiert'!B6 | C2: ='Nach Mannschaften sortiert'!C6 | D2: ='Nach Mannschaften sortiert'!D6 | E2: ='Nach Mannschaften sortiert'!E6 | F2: ='Nach Mannschaften sortiert'!F6 | G2: ='Nach Mannschaften sortiert'!G6 | H2: ='Nach Mannschaften sortiert'!H6
A3: ='Nach Mannschaften sortiert'!A7 | B3: ='Nach Mannschaften sortiert'!B7 | C3: ='Nach Mannschaften sortiert'!C7 | D3: ='Nach Mannschaften sortiert'!D7 | E3: ='Nach Mannschaften sortiert'!E7 | F3: ='Nach Mannschaften sortiert'!F7 | G3: ='Nach Mannschaften sortiert'!G7 | H3: ='Nach Mannschaften sortiert'!H7
A4: ='Nach Mannschaften sortiert'!A8 | B4: ='Nach Mannschaften sortiert'!B8 | C4: ='Nach Mannschaften sortiert'!C8 | D4: ='Nach Mannschaften sortiert'!D8 | E4: ='Nach Mannschaften sortiert'!E8 | F4: ='Nach Mannschaften sortiert'!F8 | G4: ='Nach Mannschaften sortiert'!G8 | H4: ='Nach Mannschaften sortiert'!H8
A5: ='Nach Mannschaften sortiert'!A50 | B5: ='Nach Mannschaften sortiert'!B50 | C5: ='Nach Mannschaften sortiert'!C50 | D5: ='Nach Mannschaften sortiert'!D50 | E5: ='Nach Mannschaften sortiert'!E50 | F5: ='Nach Mannschaften sortiert'!F50 | G5: ='Nach Mannschaften sortiert'!G50 | H5: ='Nach Mannschaften sortiert'!H50
A6: ='Nach Mannschaften sortiert'!A10 | B6: ='Nach Mannschaften sortiert'!B10 | C6: ='Nach Mannschaften sortiert'!C10 | D6: ='Nach Mannschaften sortiert'!D10 | E6: ='Nach Mannschaften sortiert'!E10 | F6: ='Nach Mannschaften sortiert'!F10 | G6: ='Nach Mannschaften sortiert'!G10 | H6: ='Nach Mannschaften sortiert'!H10
A7: ='Nach Mannschaften sortiert'!A58 | B7: ='Nach Mannschaften sortiert'!B58 | C7: ='Nach Mannschaften sortiert'!C58 | D7: ='Nach Mannschaften sortiert'!D58 | E7: ='Nach Mannschaften sortiert'!E58 | F7: ='Nach Mannschaften sortiert'!F58 | G7: ='Nach Mannschaften sortiert'!G58 | H7: ='Nach Mannschaften sortiert'!H58
A8: ='Nach Mannschaften sortiert'!A12 | B8: ='Nach Mannschaften sortiert'!B12 | C8: ='Nach Mannschaften sortiert'!C12 | D8: ='Nach Mannschaften sortiert'!D12 | E8: ='Nach Mannschaften sortiert'!E12 | F8: ='Nach Mannschaften sortiert'!F12 | G8: ='Nach Mannschaften sortiert'!G12 | H8: ='Nach Mannschaften sortiert'!H12
A9: ='Nach Mannschaften sortiert'!A104 | B9: ='Nach Mannschaften sortiert'!B104 | C9: ='Nach Mannschaften sortiert'!C104 | D9: ='Nach Mannschaften sortiert'!D104 | E9: ='Nach Mannschaften sortiert'!E104 | F9: ='Nach Mannschaften sortiert'!F104 | G9: ='Nach Mannschaften sortiert'!G104 | H9: ='Nach Mannschaften sortiert'!H104
A10: ='Nach Mannschaften sortiert'!A14 | B10: ='Nach Mannschaften sortiert'!B14 | C10: ='Nach Mannschaften sortiert'!C14 | D10: ='Nach Mannschaften sortiert'!D14 | E10: ='Nach Mannschaften sortiert'!E14 | F10: ='Nach Mannschaften sortiert'!F14 | G10: ='Nach Mannschaften sortiert'!G14 | H10: ='Nach Mannschaften sortiert'!H14
A11: ='Nach Mannschaften sortiert'!A112 | B11: ='Nach Mannschaften sortiert'!B112 | C11: ='Nach Mannschaften sortiert'!C112 | D11: ='Nach Mannschaften sortiert'!D112 | E11: ='Nach Mannschaften sortiert'!E112 | F11: ='Nach Mannschaften sortiert'!F112 | G11: ='Nach Mannschaften sortiert'!G112 | H11: ='Nach Mannschaften sortiert'!H112
A12: ='Nach Mannschaften sortiert'!A16 | B12: ='Nach Mannschaften sortiert'!B16 | C12: ='Nach Mannschaften sortiert'!C16 | D12: ='Nach Mannschaften sortiert'!D16 | E12: ='Nach Mannschaften sortiert'!E16 | F12: ='Nach Mannschaften sortiert'!F16 | G12: ='Nach Mannschaften sortiert'!G16 | H12: ='Nach Mannschaften sortiert'!H16
A13: ='Nach Mannschaften sortiert'!A17 | B13: ='Nach Mannschaften sortiert'!B17 | C13: ='Nach Mannschaften sortiert'!C17 | D13: ='Nach Mannschaften sortiert'!D17 | E13: ='Nach Mannschaften sortiert'!E17 | F13: ='Nach Mannschaften sortiert'!F17 | G13: ='Nach Mannschaften sortiert'!G17 | H13: ='Nach Mannschaften sortiert'!H17
A14: ='Nach Mannschaften sortiert'!A113 | B14: ='Nach Mannschaften sortiert'!B113 | C14: ='Nach Mannschaften sortiert'!C113 | D14: ='Nach Mannschaften sortiert'!D113 | E14: ='Nach Mannschaften sortiert'!E113 | F14: ='Nach Mannschaften sortiert'!F113 | G14: ='Nach Mannschaften sortiert'!G113 | H14: ='Nach Mannschaften sortiert'!H113
A15: ='Nach Mannschaften sortiert'!A32 | B15: ='Nach Mannschaften sortiert'!B32 | C15: ='Nach Mannschaften sortiert'!C32 | D15: ='Nach Mannschaften sortiert'!D32 | E15: ='Nach Mannschaften sortiert'!E32 | F15: ='Nach Mannschaften sortiert'!F32 | G15: ='Nach Mannschaften sortiert'!G32 | H15: ='Nach Mannschaften sortiert'!H32
A16: ='Nach Mannschaften sortiert'!A33 | B16: ='Nach Mannschaften sortiert'!B33 | C16: ='Nach Mannschaften sortiert'!C33 | D16: ='Nach Mannschaften sortiert'!D33 | E16: ='Nach Mannschaften sortiert'!E33 | F16: ='Nach Mannschaften sortiert'!F33 | G16: ='Nach Mannschaften sortiert'!G33 | H16: ='Nach Mannschaften sortiert'!H33
A17: ='Nach Mannschaften sortiert'!A34 | B17: ='Nach Mannschaften sortiert'!B34 | C17: ='Nach Mannschaften sortiert'!C34 | D17: ='Nach Mannschaften sortiert'!D34 | E17: ='Nach Mannschaften sortiert'!E34 | F17: ='Nach Mannschaften sortiert'!F34 | G17: ='Nach Mannschaften sortiert'!G34 | H17: ='Nach Mannschaften sortiert'!H34
A18: ='Nach Mannschaften sortiert'!A9 | B18: ='Nach Mannschaften sortiert'!B9 | C18: ='Nach Mannschaften sortiert'!C9 | D18: ='Nach Mannschaften sortiert'!D9 | E18: ='Nach Mannschaften sortiert'!E9 | F18: ='Nach Mannschaften sortiert'!F9 | G18: ='Nach Mannschaften sortiert'!G9 | H18: ='Nach Mannschaften sortiert'!H9
A19: ='Nach Mannschaften sortiert'!A36 | B19: ='Nach Mannschaften sortiert'!B36 | C19: ='Nach Mannschaften sortiert'!C36 | D19: ='Nach Mannschaften sortiert'!D36 | E19: ='Nach Mannschaften sortiert'!E36 | F19: ='Nach Mannschaften sortiert'!F36 | G19: ='Nach Mannschaften sortiert'!G36 | H19: ='Nach Mannschaften sortiert'!H36
A20: ='Nach Mannschaften sortiert'!A37 | B20: ='Nach Mannschaften sortiert'!B37 | C20: ='Nach Mannschaften sortiert'!C37 | D20: ='Nach Mannschaften sortiert'!D37 | E20: ='Nach Mannschaften sortiert'!E37 | F20: ='Nach Mannschaften sortiert'!F37 | G20: ='Nach Mannschaften sortiert'!G37 | H20: ='Nach Mannschaften sortiert'!H37
A21: ='Nach Mannschaften sortiert'!A38 | B21: ='Nach Mannschaften sortiert'!B38 | C21: ='Nach Mannschaften sortiert'!C38 | D21: ='Nach Mannschaften sortiert'!D38 | E21: ='Nach Mannschaften sortiert'!E38 | F21: ='Nach Mannschaften sortiert'!F38 | G21: ='Nach Mannschaften sortiert'!G38 | H21: ='Nach Mannschaften sortiert'!H38
A22: ='Nach Mannschaften sortiert'!A39 | B22: ='Nach Mannschaften sortiert'!B39 | C22: ='Nach Mannschaften sortiert'!C39 | D22: ='Nach Mannschaften sortiert'!D39 | E22: ='Nach Mannschaften sortiert'!E39 | F22: ='Nach Mannschaften sortiert'!F39 | G22: ='Nach Mannschaften sortiert'!G39 | H22: ='Nach Mannschaften sortiert'!H39
A23: ='Nach Mannschaften sortiert'!A40 | B23: ='Nach Mannschaften sortiert'!B40 | C23: ='Nach Mannschaften sortiert'!C40 | D23: ='Nach Mannschaften sortiert'!D40 | E23: ='Nach Mannschaften sortiert'!E40 | F23: ='Nach Mannschaften sortiert'!F40 | G23: ='Nach Mannschaften sortiert'!G40 | H23: ='Nach Mannschaften sortiert'!H40
A24: ='Nach Mannschaften sortiert'!A74 | B24: ='Nach Mannschaften sortiert'!B74 | C24: ='Nach Mannschaften sortiert'!C74 | D24: ='Nach Mannschaften sortiert'!D74 | E24: ='Nach Mannschaften sortiert'!E74 | F24: ='Nach Mannschaften sortiert'!F74 | G24: ='Nach Mannschaften sortiert'!G74 | H24: ='Nach Mannschaften sortiert'!H74
A25: ='Nach Mannschaften sortiert'!#REF! | B25: ='Nach Mannschaften sortiert'!#REF! | C25: ='Nach Mannschaften sortiert'!#REF! | D25: ='Nach Mannschaften sortiert'!#REF! | E25: ='Nach Mannschaften sortiert'!#REF! | F25: ='Nach Mannschaften sortiert'!#REF! | G25: ='Nach Mannschaften sortiert'!#REF! | H25: ='Nach Mannschaften sortiert'!#REF!
A26: ='Nach Mannschaften sortiert'!A84 | B26: ='Nach Mannschaften sortiert'!B84 | C26: ='Nach Mannschaften sortiert'!C84 | D26: ='Nach Mannschaften sortiert'!D84 | E26: ='Nach Mannschaften sortiert'!E84 | F26: ='Nach Mannschaften sortiert'!F84 | G26: ='Nach Mannschaften sortiert'!G84 | H26: ='Nach Mannschaften sortiert'!H84
A27: ='Nach Mannschaften sortiert'!A43 | B27: ='Nach Mannschaften sortiert'!B43 | C27: ='Nach Mannschaften sortiert'!C43 | D27: ='Nach Mannschaften sortiert'!D43 | E27: ='Nach Mannschaften sortiert'!E43 | F27: ='Nach Mannschaften sortiert'!F43 | G27: ='Nach Mannschaften sortiert'!G43 | H27: ='Nach Mannschaften sortiert'!H43
A28: ='Nach Mannschaften sortiert'!A44 | B28: ='Nach Mannschaften sortiert'!B44 | C28: ='Nach Mannschaften sortiert'!C44 | D28: ='Nach Mannschaften sortiert'!D44 | E28: ='Nach Mannschaften sortiert'!E44 | F28: ='Nach Mannschaften sortiert'!F44 | G28: ='Nach Mannschaften sortiert'!G44 | H28: ='Nach Mannschaften sortiert'!H44
A29: ='Nach Mannschaften sortiert'!A94 | B29: ='Nach Mannschaften sortiert'!B94 | C29: ='Nach Mannschaften sortiert'!C94 | D29: ='Nach Mannschaften sortiert'!D94 | E29: ='Nach Mannschaften sortiert'!E94 | F29: ='Nach Mannschaften sortiert'!F94 | G29: ='Nach Mannschaften sortiert'!G94 | H29: ='Nach Mannschaften sortiert'!H94
A30: ='Nach Mannschaften sortiert'!#REF! | B30: ='Nach Mannschaften sortiert'!#REF! | C30: ='Nach Mannschaften sortiert'!#REF! | D30: ='Nach Mannschaften sortiert'!#REF! | E30: ='Nach Mannschaften sortiert'!#REF! | F30: ='Nach Mannschaften sortiert'!#REF! | G30: ='Nach Mannschaften sortiert'!#REF! | H30: ='Nach Mannschaften sortiert'!#REF!
A31: ='Nach Mannschaften sortiert'!A46 | B31: ='Nach Mannschaften sortiert'!B46 | C31: ='Nach Mannschaften sortiert'!C46 | D31: ='Nach Mannschaften sortiert'!D46 | E31: ='Nach Mannschaften sortiert'!E46 | F31: ='Nach Mannschaften sortiert'!F46 | G31: ='Nach Mannschaften sortiert'!G46 | H31: ='Nach Mannschaften sortiert'!H46
A32: ='Nach Mannschaften sortiert'!A47 | B32: ='Nach Mannschaften sortiert'!B47 | C32: ='Nach Mannschaften sortiert'!C47 | D32: ='Nach Mannschaften sortiert'!D47 | E32: ='Nach Mannschaften sortiert'!E47 | F32: ='Nach Mannschaften sortiert'!F47 | G32: ='Nach Mannschaften sortiert'!G47 | H32: ='Nach Mannschaften sortiert'!H47
A33: ='Nach Mannschaften sortiert'!A48 | B33: ='Nach Mannschaften sortiert'!B48 | C33: ='Nach Mannschaften sortiert'!C48 | D33: ='Nach Mannschaften sortiert'!D48 | E33: ='Nach Mannschaften sortiert'!E48 | F33: ='Nach Mannschaften sortiert'!F48 | G33: ='Nach Mannschaften sortiert'!G48 | H33: ='Nach Mannschaften sortiert'!H48
A34: ='Nach Mannschaften sortiert'!A49 | B34: ='Nach Mannschaften sortiert'!B49 | C34: ='Nach Mannschaften sortiert'!C49 | D34: ='Nach Mannschaften sortiert'!D49 | E34: ='Nach Mannschaften sortiert'!E49 | F34: ='Nach Mannschaften sortiert'!F49 | G34: ='Nach Mannschaften sortiert'!G49 | H34: ='Nach Mannschaften sortiert'!H49
A35: ='Nach Mannschaften sortiert'!A67 | B35: ='Nach Mannschaften sortiert'!B67 | C35: ='Nach Mannschaften sortiert'!C67 | D35: ='Nach Mannschaften sortiert'!D67 | E35: ='Nach Mannschaften sortiert'!E67 | F35: ='Nach Mannschaften sortiert'!F67 | G35: ='Nach Mannschaften sortiert'!G67 | H35: ='Nach Mannschaften sortiert'!H67
A36: ='Nach Mannschaften sortiert'!A51 | B36: ='Nach Mannschaften sortiert'!B51 | C36: ='Nach Mannschaften sortiert'!C51 | D36: ='Nach Mannschaften sortiert'!D51 | E36: ='Nach Mannschaften sortiert'!E51 | F36: ='Nach Mannschaften sortiert'!F51 | G36: ='Nach Mannschaften sortiert'!G51 | H36: ='Nach Mannschaften sortiert'!H51
A37: ='Nach Mannschaften sortiert'!A52 | B37: ='Nach Mannschaften sortiert'!B52 | C37: ='Nach Mannschaften sortiert'!C52 | D37: ='Nach Mannschaften sortiert'!D52 | E37: ='Nach Mannschaften sortiert'!E52 | F37: ='Nach Mannschaften sortiert'!F52 | G37: ='Nach Mannschaften sortiert'!G52 | H37: ='Nach Mannschaften sortiert'!H52
A38: ='Nach Mannschaften sortiert'!A42 | B38: ='Nach Mannschaften sortiert'!B42 | C38: ='Nach Mannschaften sortiert'!C42 | D38: ='Nach Mannschaften sortiert'!D42 | E38: ='Nach Mannschaften sortiert'!E42 | F38: ='Nach Mannschaften sortiert'!F42 | G38: ='Nach Mannschaften sortiert'!G42 | H38: ='Nach Mannschaften sortiert'!H42
A39: ='Nach Mannschaften sortiert'!#REF! | B39: ='Nach Mannschaften sortiert'!#REF! | C39: ='Nach Mannschaften sortiert'!#REF! | D39: ='Nach Mannschaften sortiert'!#REF! | E39: ='Nach Mannschaften sortiert'!#REF! | F39: ='Nach Mannschaften sortiert'!#REF! | G39: ='Nach Mannschaften sortiert'!#REF! | H39: ='Nach Mannschaften sortiert'!#REF!
A40: ='Nach Mannschaften sortiert'!A54 | B40: ='Nach Mannschaften sortiert'!B54 | C40: ='Nach Mannschaften sortiert'!C54 | D40: ='Nach Mannschaften sortiert'!D54 | E40: ='Nach Mannschaften sortiert'!E54 | F40: ='Nach Mannschaften sortiert'!F54 | G40: ='Nach Mannschaften sortiert'!G54 | H40: ='Nach Mannschaften sortiert'!H54
A41: ='Nach Mannschaften sortiert'!A11 | B41: ='Nach Mannschaften sortiert'!B11 | C41: ='Nach Mannschaften sortiert'!C11 | D41: ='Nach Mannschaften sortiert'!D11 | E41: ='Nach Mannschaften sortiert'!E11 | F41: ='Nach Mannschaften sortiert'!F11 | G41: ='Nach Mannschaften sortiert'!G11 | H41: ='Nach Mannschaften sortiert'!H11
A42: ='Nach Mannschaften sortiert'!A69 | B42: ='Nach Mannschaften sortiert'!B69 | C42: ='Nach Mannschaften sortiert'!C69 | D42: ='Nach Mannschaften sortiert'!D69 | E42: ='Nach Mannschaften sortiert'!E69 | F42: ='Nach Mannschaften sortiert'!F69 | G42: ='Nach Mannschaften sortiert'!G69 | H42: ='Nach Mannschaften sortiert'!H69
A43: ='Nach Mannschaften sortiert'!A57 | B43: ='Nach Mannschaften sortiert'!B57 | C43: ='Nach Mannschaften sortiert'!C57 | D43: ='Nach Mannschaften sortiert'!D57 | E43: ='Nach Mannschaften sortiert'!E57 | F43: ='Nach Mannschaften sortiert'!F57 | G43: ='Nach Mannschaften sortiert'!G57 | H43: ='Nach Mannschaften sortiert'!H57
A44: ='Nach Mannschaften sortiert'!A60 | B44: ='Nach Mannschaften sortiert'!B60 | C44: ='Nach Mannschaften sortiert'!C60 | D44: ='Nach Mannschaften sortiert'!D60 | E44: ='Nach Mannschaften sortiert'!E60 | F44: ='Nach Mannschaften sortiert'!F60 | G44: ='Nach Mannschaften sortiert'!G60 | H44: ='Nach Mannschaften sortiert'!H60
A45: ='Nach Mannschaften sortiert'!A53 | B45: ='Nach Mannschaften sortiert'!B53 | C45: ='Nach Mannschaften sortiert'!C53 | D45: ='Nach Mannschaften sortiert'!D53 | E45: ='Nach Mannschaften sortiert'!E53 | F45: ='Nach Mannschaften sortiert'!F53 | G45: ='Nach Mannschaften sortiert'!G53 | H45: ='Nach Mannschaften sortiert'!H53
A46: ='Nach Mannschaften sortiert'!#REF! | B46: ='Nach Mannschaften sortiert'!#REF! | C46: ='Nach Mannschaften sortiert'!#REF! | D46: ='Nach Mannschaften sortiert'!#REF! | E46: ='Nach Mannschaften sortiert'!#REF! | F46: ='Nach Mannschaften sortiert'!#REF! | G46: ='Nach Mannschaften sortiert'!#REF! | H46: ='Nach Mannschaften sortiert'!#REF!
A47: ='Nach Mannschaften sortiert'!A59 | B47: ='Nach Mannschaften sortiert'!B59 | C47: ='Nach Mannschaften sortiert'!C59 | D47: ='Nach Mannschaften sortiert'!D59 | E47: ='Nach Mannschaften sortiert'!E59 | F47: ='Nach Mannschaften sortiert'!F59 | G47: ='Nach Mannschaften sortiert'!G59 | H47: ='Nach Mannschaften sortiert'!H59
A48: ='Nach Mannschaften sortiert'!A35 | B48: ='Nach Mannschaften sortiert'!B35 | C48: ='Nach Mannschaften sortiert'!C35 | D48: ='Nach Mannschaften sortiert'!D35 | E48: ='Nach Mannschaften sortiert'!E35 | F48: ='Nach Mannschaften sortiert'!F35 | G48: ='Nach Mannschaften sortiert'!G35 | H48: ='Nach Mannschaften sortiert'!H35
A49: ='Nach Mannschaften sortiert'!A61 | B49: ='Nach Mannschaften sortiert'!B61 | C49: ='Nach Mannschaften sortiert'!C61 | D49: ='Nach Mannschaften sortiert'!D61 | E49: ='Nach Mannschaften sortiert'!E61 | F49: ='Nach Mannschaften sortiert'!F61 | G49: ='Nach Mannschaften sortiert'!G61 | H49: ='Nach Mannschaften sortiert'!H61
A50: ='Nach Mannschaften sortiert'!A62 | B50: ='Nach Mannschaften sortiert'!B62 | C50: ='Nach Mannschaften sortiert'!C62 | D50: ='Nach Mannschaften sortiert'!D62 | E50: ='Nach Mannschaften sortiert'!E62 | F50: ='Nach Mannschaften sortiert'!F62 | G50: ='Nach Mannschaften sortiert'!G62 | H50: ='Nach Mannschaften sortiert'!H62
A51: ='Nach Mannschaften sortiert'!#REF! | B51: ='Nach Mannschaften sortiert'!#REF! | C51: ='Nach Mannschaften sortiert'!#REF! | D51: ='Nach Mannschaften sortiert'!#REF! | E51: ='Nach Mannschaften sortiert'!#REF! | F51: ='Nach Mannschaften sortiert'!#REF! | G51: ='Nach Mannschaften sortiert'!#REF! | H51: ='Nach Mannschaften sortiert'!#REF!
A52: ='Nach Mannschaften sortiert'!A13 | B52: ='Nach Mannschaften sortiert'!B13 | C52: ='Nach Mannschaften sortiert'!C13 | D52: ='Nach Mannschaften sortiert'!D13 | E52: ='Nach Mannschaften sortiert'!E13 | F52: ='Nach Mannschaften sortiert'!F13 | G52: ='Nach Mannschaften sortiert'!G13 | H52: ='Nach Mannschaften sortiert'!H13
A53: ='Nach Mannschaften sortiert'!A64 | B53: ='Nach Mannschaften sortiert'!B64 | C53: ='Nach Mannschaften sortiert'!C64 | D53: ='Nach Mannschaften sortiert'!D64 | E53: ='Nach Mannschaften sortiert'!E64 | F53: ='Nach Mannschaften sortiert'!F64 | G53: ='Nach Mannschaften sortiert'!G64 | H53: ='Nach Mannschaften sortiert'!H64
A54: ='Nach Mannschaften sortiert'!A45 | B54: ='Nach Mannschaften sortiert'!B45 | C54: ='Nach Mannschaften sortiert'!C45 | D54: ='Nach Mannschaften sortiert'!D45 | E54: ='Nach Mannschaften sortiert'!E45 | F54: ='Nach Mannschaften sortiert'!F45 | G54: ='Nach Mannschaften sortiert'!G45 | H54: ='Nach Mannschaften sortiert'!H45
A55: ='Nach Mannschaften sortiert'!A66 | B55: ='Nach Mannschaften sortiert'!B66 | C55: ='Nach Mannschaften sortiert'!C66 | D55: ='Nach Mannschaften sortiert'!D66 | E55: ='Nach Mannschaften sortiert'!E66 | F55: ='Nach Mannschaften sortiert'!F66 | G55: ='Nach Mannschaften sortiert'!G66 | H55: ='Nach Mannschaften sortiert'!H66
A56: ='Nach Mannschaften sortiert'!A70 | B56: ='Nach Mannschaften sortiert'!B70 | C56: ='Nach Mannschaften sortiert'!C70 | D56: ='Nach Mannschaften sortiert'!D70 | E56: ='Nach Mannschaften sortiert'!E70 | F56: ='Nach Mannschaften sortiert'!F70 | G56: ='Nach Mannschaften sortiert'!G70 | H56: ='Nach Mannschaften sortiert'!H70
A57: ='Nach Mannschaften sortiert'!A68 | B57: ='Nach Mannschaften sortiert'!B68 | C57: ='Nach Mannschaften sortiert'!C68 | D57: ='Nach Mannschaften sortiert'!D68 | E57: ='Nach Mannschaften sortiert'!E68 | F57: ='Nach Mannschaften sortiert'!F68 | G57: ='Nach Mannschaften sortiert'!G68 | H57: ='Nach Mannschaften sortiert'!H68
A58: ='Nach Mannschaften sortiert'!A15 | B58: ='Nach Mannschaften sortiert'!B15 | C58: ='Nach Mannschaften sortiert'!C15 | D58: ='Nach Mannschaften sortiert'!D15 | E58: ='Nach Mannschaften sortiert'!E15 | F58: ='Nach Mannschaften sortiert'!F15 | G58: ='Nach Mannschaften sortiert'!G15 | H58: ='Nach Mannschaften sortiert'!H15
A59: ='Nach Mannschaften sortiert'!#REF! | B59: ='Nach Mannschaften sortiert'!#REF! | C59: ='Nach Mannschaften sortiert'!#REF! | D59: ='Nach Mannschaften sortiert'!#REF! | E59: ='Nach Mannschaften sortiert'!#REF! | F59: ='Nach Mannschaften sortiert'!#REF! | G59: ='Nach Mannschaften sortiert'!#REF! | H59: ='Nach Mannschaften sortiert'!#REF!
A60: ='Nach Mannschaften sortiert'!A55 | B60: ='Nach Mannschaften sortiert'!B55 | C60: ='Nach Mannschaften sortiert'!C55 | D60: ='Nach Mannschaften sortiert'!D55 | E60: ='Nach Mannschaften sortiert'!E55 | F60: ='Nach Mannschaften sortiert'!F55 | G60: ='Nach Mannschaften sortiert'!G55 | H60: ='Nach Mannschaften sortiert'!H55
A61: ='Nach Mannschaften sortiert'!A71 | B61: ='Nach Mannschaften sortiert'!B71 | C61: ='Nach Mannschaften sortiert'!C71 | D61: ='Nach Mannschaften sortiert'!D71 | E61: ='Nach Mannschaften sortiert'!E71 | F61: ='Nach Mannschaften sortiert'!F71 | G61: ='Nach Mannschaften sortiert'!G71 | H61: ='Nach Mannschaften sortiert'!H71
A62: ='Nach Mannschaften sortiert'!A56 | B62: ='Nach Mannschaften sortiert'!B56 | C62: ='Nach Mannschaften sortiert'!C56 | D62: ='Nach Mannschaften sortiert'!D56 | E62: ='Nach Mannschaften sortiert'!E56 | F62: ='Nach Mannschaften sortiert'!F56 | G62: ='Nach Mannschaften sortiert'!G56 | H62: ='Nach Mannschaften sortiert'!H56
A63: ='Nach Mannschaften sortiert'!A73 | B63: ='Nach Mannschaften sortiert'!B73 | C63: ='Nach Mannschaften sortiert'!C73 | D63: ='Nach Mannschaften sortiert'!D73 | E63: ='Nach Mannschaften sortiert'!E73 | F63: ='Nach Mannschaften sortiert'!F73 | G63: ='Nach Mannschaften sortiert'!G73 | H63: ='Nach Mannschaften sortiert'!H73
A64: ='Nach Mannschaften sortiert'!#REF! | B64: ='Nach Mannschaften sortiert'!#REF! | C64: ='Nach Mannschaften sortiert'!#REF! | D64: ='Nach Mannschaften sortiert'!#REF! | E64: ='Nach Mannschaften sortiert'!#REF! | F64: ='Nach Mannschaften sortiert'!#REF! | G64: ='Nach Mannschaften sortiert'!#REF! | H64: ='Nach Mannschaften sortiert'!#REF!
A65: ='Nach Mannschaften sortiert'!A72 | B65: ='Nach Mannschaften sortiert'!B72 | C65: ='Nach Mannschaften sortiert'!C72 | D65: 46164 | E65: 0.70833333 | F65: ='Nach Mannschaften sortiert'!F72 | G65: ='Nach Mannschaften sortiert'!G72 | H65: ='Nach Mannschaften sortiert'!H72
A66: ='Nach Mannschaften sortiert'!A75 | B66: ='Nach Mannschaften sortiert'!B75 | C66: ='Nach Mannschaften sortiert'!C75 | D66: ='Nach Mannschaften sortiert'!D75 | E66: ='Nach Mannschaften sortiert'!E75 | F66: ='Nach Mannschaften sortiert'!F75 | G66: ='Nach Mannschaften sortiert'!G75 | H66: ='Nach Mannschaften sortiert'!H75
A67: ='Nach Mannschaften sortiert'!A76 | B67: ='Nach Mannschaften sortiert'!B76 | C67: ='Nach Mannschaften sortiert'!C76 | D67: ='Nach Mannschaften sortiert'!D76 | E67: ='Nach Mannschaften sortiert'!E76 | F67: ='Nach Mannschaften sortiert'!F76 | G67: ='Nach Mannschaften sortiert'!G76 | H67: ='Nach Mannschaften sortiert'!H76
A68: ='Nach Mannschaften sortiert'!A77 | B68: ='Nach Mannschaften sortiert'!B77 | C68: ='Nach Mannschaften sortiert'!C77 | D68: ='Nach Mannschaften sortiert'!D77 | E68: ='Nach Mannschaften sortiert'!E77 | F68: ='Nach Mannschaften sortiert'!F77 | G68: ='Nach Mannschaften sortiert'!G77 | H68: ='Nach Mannschaften sortiert'!H77
A69: ='Nach Mannschaften sortiert'!A83 | B69: ='Nach Mannschaften sortiert'!B83 | C69: ='Nach Mannschaften sortiert'!C83 | D69: ='Nach Mannschaften sortiert'!D83 | E69: ='Nach Mannschaften sortiert'!E83 | F69: ='Nach Mannschaften sortiert'!F83 | G69: ='Nach Mannschaften sortiert'!G83 | H69: ='Nach Mannschaften sortiert'!H83
A70: ='Nach Mannschaften sortiert'!A63 | B70: ='Nach Mannschaften sortiert'!B63 | C70: ='Nach Mannschaften sortiert'!C63 | D70: ='Nach Mannschaften sortiert'!D63 | E70: ='Nach Mannschaften sortiert'!E63 | F70: ='Nach Mannschaften sortiert'!F63 | G70: ='Nach Mannschaften sortiert'!G63 | H70: ='Nach Mannschaften sortiert'!H63
A71: ='Nach Mannschaften sortiert'!A85 | B71: ='Nach Mannschaften sortiert'!B85 | C71: ='Nach Mannschaften sortiert'!C85 | D71: ='Nach Mannschaften sortiert'!D85 | E71: ='Nach Mannschaften sortiert'!E85 | F71: ='Nach Mannschaften sortiert'!F85 | G71: ='Nach Mannschaften sortiert'!G85 | H71: ='Nach Mannschaften sortiert'!H85
A72: ='Nach Mannschaften sortiert'!A86 | B72: ='Nach Mannschaften sortiert'!B86 | C72: ='Nach Mannschaften sortiert'!C86 | D72: ='Nach Mannschaften sortiert'!D86 | E72: ='Nach Mannschaften sortiert'!E86 | F72: ='Nach Mannschaften sortiert'!F86 | G72: ='Nach Mannschaften sortiert'!G86 | H72: ='Nach Mannschaften sortiert'!H86
A73: ='Nach Mannschaften sortiert'!A92 | B73: ='Nach Mannschaften sortiert'!B92 | C73: ='Nach Mannschaften sortiert'!C92 | D73: ='Nach Mannschaften sortiert'!D92 | E73: ='Nach Mannschaften sortiert'!E92 | F73: ='Nach Mannschaften sortiert'!F92 | G73: ='Nach Mannschaften sortiert'!G92 | H73: ='Nach Mannschaften sortiert'!H92
A74: ='Nach Mannschaften sortiert'!A93 | B74: ='Nach Mannschaften sortiert'!B93 | C74: ='Nach Mannschaften sortiert'!C93 | D74: ='Nach Mannschaften sortiert'!D93 | E74: ='Nach Mannschaften sortiert'!E93 | F74: ='Nach Mannschaften sortiert'!F93 | G74: ='Nach Mannschaften sortiert'!G93 | H74: ='Nach Mannschaften sortiert'!H93
A75: ='Nach Mannschaften sortiert'!A18 | B75: ='Nach Mannschaften sortiert'!B18 | C75: ='Nach Mannschaften sortiert'!C18 | D75: ='Nach Mannschaften sortiert'!D18 | E75: ='Nach Mannschaften sortiert'!E18 | F75: ='Nach Mannschaften sortiert'!F18 | G75: ='Nach Mannschaften sortiert'!G18 | H75: ='Nach Mannschaften sortiert'!H18
A76: ='Nach Mannschaften sortiert'!A95 | B76: ='Nach Mannschaften sortiert'!B95 | C76: ='Nach Mannschaften sortiert'!C95 | D76: ='Nach Mannschaften sortiert'!D95 | E76: ='Nach Mannschaften sortiert'!E95 | F76: ='Nach Mannschaften sortiert'!F95 | G76: ='Nach Mannschaften sortiert'!G95 | H76: ='Nach Mannschaften sortiert'!H95
A77: ='Nach Mannschaften sortiert'!A101 | B77: ='Nach Mannschaften sortiert'!B101 | C77: ='Nach Mannschaften sortiert'!C101 | D77: ='Nach Mannschaften sortiert'!D101 | E77: ='Nach Mannschaften sortiert'!E101 | F77: ='Nach Mannschaften sortiert'!F101 | G77: ='Nach Mannschaften sortiert'!G101 | H77: ='Nach Mannschaften sortiert'!H101
A78: ='Nach Mannschaften sortiert'!A102 | B78: ='Nach Mannschaften sortiert'!B102 | C78: ='Nach Mannschaften sortiert'!C102 | D78: ='Nach Mannschaften sortiert'!D102 | E78: ='Nach Mannschaften sortiert'!E102 | F78: ='Nach Mannschaften sortiert'!F102 | G78: ='Nach Mannschaften sortiert'!G102 | H78: ='Nach Mannschaften sortiert'!H102
A79: ='Nach Mannschaften sortiert'!A103 | B79: ='Nach Mannschaften sortiert'!B103 | C79: ='Nach Mannschaften sortiert'!C103 | D79: ='Nach Mannschaften sortiert'!D103 | E79: ='Nach Mannschaften sortiert'!E103 | F79: ='Nach Mannschaften sortiert'!F103 | G79: ='Nach Mannschaften sortiert'!G103 | H79: ='Nach Mannschaften sortiert'!H103
A80: ='Nach Mannschaften sortiert'!A65 | B80: ='Nach Mannschaften sortiert'!B65 | C80: ='Nach Mannschaften sortiert'!C65 | D80: ='Nach Mannschaften sortiert'!D65 | E80: ='Nach Mannschaften sortiert'!E65 | F80: ='Nach Mannschaften sortiert'!F65 | G80: ='Nach Mannschaften sortiert'!G65 | H80: ='Nach Mannschaften sortiert'!H65
A81: ='Nach Mannschaften sortiert'!#REF! | B81: ='Nach Mannschaften sortiert'!#REF! | C81: ='Nach Mannschaften sortiert'!#REF! | D81: ='Nach Mannschaften sortiert'!#REF! | E81: ='Nach Mannschaften sortiert'!#REF! | F81: ='Nach Mannschaften sortiert'!#REF! | G81: ='Nach Mannschaften sortiert'!#REF! | H81: ='Nach Mannschaften sortiert'!#REF!
A82: ='Nach Mannschaften sortiert'!A41 | B82: ='Nach Mannschaften sortiert'!B41 | C82: ='Nach Mannschaften sortiert'!C41 | D82: ='Nach Mannschaften sortiert'!D41 | E82: ='Nach Mannschaften sortiert'!E41 | F82: ='Nach Mannschaften sortiert'!F41 | G82: ='Nach Mannschaften sortiert'!G41 | H82: ='Nach Mannschaften sortiert'!H41
A83: ='Nach Mannschaften sortiert'!#REF! | B83: ='Nach Mannschaften sortiert'!#REF! | C83: ='Nach Mannschaften sortiert'!#REF! | D83: ='Nach Mannschaften sortiert'!#REF! | E83: ='Nach Mannschaften sortiert'!#REF! | F83: ='Nach Mannschaften sortiert'!#REF! | G83: ='Nach Mannschaften sortiert'!#REF! | H83: ='Nach Mannschaften sortiert'!#REF!
A84: ='Nach Mannschaften sortiert'!A122 | B84: ='Nach Mannschaften sortiert'!B122 | C84: ='Nach Mannschaften sortiert'!C122 | D84: ='Nach Mannschaften sortiert'!D122 | E84: ='Nach Mannschaften sortiert'!E122 | F84: ='Nach Mannschaften sortiert'!F122 | G84: ='Nach Mannschaften sortiert'!G122 | H84: ='Nach Mannschaften sortiert'!H122

Sheet Tabelle1
A1: U11 | B1: 25 - 26.04 | C1: freihalten
A2: U9 | B2: 04.06. - 08.06. | C2: kein Turnier

Sheet Stefans Liste 2026
A1: Mannschaft | B1: fixierter Termin | C1: Uhrzeit | D1: Ort | E1: Gegner | F1: Spielfeld | G1: Spielfeldgröße | H1: Tore | I1: Ball | J1: Trainer/Ansprechpartner | K1: Tel
A2: U8 | B2: 46091 | C2: 0.6875 | D2: Neufeld | E2: Freundschaftsspiel Großhöflein | F2: U8 | G2: =IF(F2="Großfeld","Großfeld",IF(F2="U16","Großfeld",IF(F2="U15","Großfeld",IF(F2="U14","Großfeld",IF(F2="U13","75x55",IF(F2="U11/U12","55x40",IF(F2="U9/U10","40x25",IF(F2="U8","29x22","25x20")))))))) | H2: =IF(F2="Großfeld","7,32x2,44",IF(F2="U16","7,32x2,44",IF(F2="U15","7,32x2,44",IF(F2="U14","7,32x2,44",IF(F2="U13","5x2",IF(F2="U11/U12","5x2",IF(F2="U9/U10","5x2","4 Minitore"))))))) | I2: =IF(F2="Großfeld","5",IF(F2="U16","5",IF(F2="U15","5",IF(F2="U14","4",IF(F2="U13","4",IF(F2="U11/U12","4",IF(F2="U9/U10","4",IF(F2="U9","4","3")))))))) | J2: =IF(A2="KM Neufeld","Pleninger Stefan",IF(A2="U16 LL","Josch Kögl",IF(A2="U15 LL Nord","Serdar Ekinci",IF(A2="U14 Nord","Gernot Servelda",IF(A2="U13 Nord","Thomas Pöschl & Lenz Honc",IF(A2="U11 Nord D","Mario Magler&Ronny Archam",IF(A2="U9","Thomas Brandl&Daniel Hofbauer",IF(A2="U8","Berger Tobias&Sebastian Putric",IF(A2="U7","Türkes Ömer&Mahsumi Taha",IF(A2="Camp","Berger Dieter",IF(A2="Turnier","Berger Dieter","FEHLER"))))))))))) | K2: =IF(A2="KM Neufeld","+43 664 415 99 09",IF(A2="U16 LL","+43 650 262 82 63",IF(A2="U15 LL Nord","+43 650 701 02 44",IF(A2="U14 Nord","+43 676 401 09 13",IF(A2="U13 Nord","+43 677 613 55 114 & +43 664 114 43 52",IF(A2="U11 Nord D","+43 664 762 09 93 & +43 699 111 93 828",IF(A2="U9","+43 676 377 16 30 & +43 399 197 871 81",IF(A2="U8","+43 660 199 13 52 & +43 660 914 92 36",IF(A2="U7","+43 676 661 62 26 & +43 681 208 115 99",IF(A2="Camp","+43 660 77 39 500",IF(A2="Turnier","+43 660 77 39 500","FEHLER")))))))))))
A3: =Heimspiele!C4 | B3: =Heimspiele!D4 | D3: =Heimspiele!F4 | E3: =Heimspiele!G4 | F3: Großfeld | G3: =IF(F3="Großfeld","Großfeld",IF(F3="U16","Großfeld",IF(F3="U15","Großfeld",IF(F3="U14","Großfeld",IF(F3="U13","75x55",IF(F3="U11/U12","55x40",IF(F3="U9/U10","40x25",IF(F3="U8","29x22","25x20")))))))) | H3: =IF(F3="Großfeld","7,32x2,44",IF(F3="U16","7,32x2,44",IF(F3="U15","7,32x2,44",IF(F3="U14","7,32x2,44",IF(F3="U13","5x2",IF(F3="U11/U12","5x2",IF(F3="U9/U10","5x2","4 Minitore"))))))) | I3: =IF(F3="Großfeld","5",IF(F3="U16","5",IF(F3="U15","5",IF(F3="U14","4",IF(F3="U13","4",IF(F3="U11/U12","4",IF(F3="U9/U10","4",IF(F3="U9","4","3")))))))) | J3: =IF(A3="KM Neufeld","Pleninger Stefan",IF(A3="U16 LL","Josch Kögl",IF(A3="U15 LL Nord","Serdar Ekinci",IF(A3="U14 Nord","Gernot Servelda",IF(A3="U13 - Nord","Thomas Pöschl & Lenz Honc",IF(A3="U11 Nord D","Mario Magler&Ronny Archam",IF(A3="U9","Thomas Brandl&Daniel Hofbauer",IF(A3="U8","Berger Tobias&Sebastian Putric",IF(A3="U7","Türkes Ömer&Mahsumi Taha",IF(A3="Camp","Berger Dieter",IF(A3="Turnier","Berger Dieter","FEHLER"))))))))))) | K3: =IF(A3="KM Neufeld","+43 664 415 99 09",IF(A3="U16 LL","+43 650 262 82 63",IF(A3="U15 LL Nord","+43 650 701 02 44",IF(A3="U14 - Nord","+43 676 401 09 13",IF(A3="U13 - Nord","+43 677 613 55 114 & +43 664 114 43 52",IF(A3="U11 Nord D","+43 664 762 09 93 & +43 699 111 93 828",IF(A3="U9","+43 676 377 16 30 & +43 399 197 871 81",IF(A3="U8","+43 660 199 13 52 & +43 660 914 92 36",IF(A3="U7","+43 676 661 62 26 & +43 681 208 115 99",IF(A3="Camp","+43 660 77 39 500",IF(A3="Turnier","+43 660 77 39 500","FEHLER")))))))))))
A4: U16 LL | B4: 46095 | C4: 0.54166667 | D4: Neufeld | E4: Freundschaftspiel Felixdorf | F4: U16 | G4: =IF(F4="Großfeld","Großfeld",IF(F4="U16","Großfeld",IF(F4="U15","Großfeld",IF(F4="U14","Großfeld",IF(F4="U13","75x55",IF(F4="U11/U12","55x40",IF(F4="U9/U10","40x25",IF(F4="U8","29x22","25x20")))))))) | H4: =IF(F4="Großfeld","7,32x2,44",IF(F4="U16","7,32x2,44",IF(F4="U15","7,32x2,44",IF(F4="U14","7,32x2,44",IF(F4="U13","5x2",IF(F4="U11/U12","5x2",IF(F4="U9/U10","5x2",IF(F3="Turnier","5x2","4 Minitore")))))))) | I4: =IF(F4="Großfeld","5",IF(F4="U16","5",IF(F4="U15","5",IF(F4="U14","4",IF(F4="U13","4",IF(F4="U11/U12","4",IF(F4="U9/U10","4",IF(F4="U9","4","3")))))))) | J4: =IF(A4="KM Neufeld","Pleninger Stefan",IF(A4="U16 LL","Josch Kögl",IF(A4="U15 LL Nord","Serdar Ekinci",IF(A4="U14 Nord","Gernot Servelda",IF(A4="U13 Nord","Thomas Pöschl & Lenz Honc",IF(A4="U11 Nord D","Mario Magler&Ronny Archam",IF(A4="U9","Thomas Brandl&Daniel Hofbauer",IF(A4="U8","Berger Tobias&Sebastian Putric",IF(A4="U7","Türkes Ömer&Mahsumi Taha",IF(A4="Camp","Berger Dieter",IF(A4="Turnier","Berger Dieter","FEHLER"))))))))))) | K4: =IF(A4="KM Neufeld","+43 664 415 99 09",IF(A4="U16 LL","+43 650 262 82 63",IF(A4="U15 LL Nord","+43 650 701 02 44",IF(A4="U14 Nord","+43 676 401 09 13",IF(A4="U13 Nord","+43 677 613 55 114 & +43 664 114 43 52",IF(A4="U11 Nord D","+43 664 762 09 93 & +43 699 111 93 828",IF(A4="U9","+43 676 377 16 30 & +43 399 197 871 81",IF(A4="U8","+43 660 199 13 52 & +43 660 914 92 36",IF(A4="U7","+43 676 661 62 26 & +43 681 208 115 99",IF(A4="Camp","+43 660 77 39 500",IF(A4="Turnier","+43 660 77 39 500","FEHLER")))))))))))
A5: =Heimspiele!C6 | B5: =Heimspiele!D6 | D5: =Heimspiele!F6 | E5: =Heimspiele!G6 | F5: Großfeld | G5: =IF(F5="Großfeld","Großfeld",IF(F5="U16","Großfeld",IF(F5="U15","Großfeld",IF(F5="U14","Großfeld",IF(F5="U13","75x55",IF(F5="U11/U12","55x40",IF(F5="U9/U10","40x25",IF(F5="U8","29x22","25x20")))))))) | H5: =IF(F5="Großfeld","7,32x2,44",IF(F5="U16","7,32x2,44",IF(F5="U15","7,32x2,44",IF(F5="U14","7,32x2,44",IF(F5="U13","5x2",IF(F5="U11/U12","5x2",IF(F5="U9/U10","5x2","4 Minitore"))))))) | I5: =IF(F5="Großfeld","5",IF(F5="U16","5",IF(F5="U15","5",IF(F5="U14","4",IF(F5="U13","4",IF(F5="U11/U12","4",IF(F5="U9/U10","4",IF(F5="U9","4","3")))))))) | J5: =IF(A5="KM Neufeld","Pleninger Stefan",IF(A5="U16 LL","Josch Kögl",IF(A5="U15 LL Nord","Serdar Ekinci",IF(A5="U14 Nord","Gernot Servelda",IF(A5="U13 - Nord","Thomas Pöschl & Lenz Honc",IF(A5="U11 Nord D","Mario Magler&Ronny Archam",IF(A5="U9","Thomas Brandl&Daniel Hofbauer",IF(A5="U8","Berger Tobias&Sebastian Putric",IF(A5="U7","Türkes Ömer&Mahsumi Taha",IF(A5="Camp","Berger Dieter",IF(A5="Turnier","Berger Dieter","FEHLER"))))))))))) | K5: =IF(A5="KM Neufeld","+43 664 415 99 09",IF(A5="U16 LL","+43 650 262 82 63",IF(A5="U15 LL Nord","+43 650 701 02 44",IF(A5="U14 - Nord","+43 676 401 09 13",IF(A5="U13 - Nord","+43 677 613 55 114 & +43 664 114 43 52",IF(A5="U11 Nord D","+43 664 762 09 93 & +43 699 111 93 828",IF(A5="U9","+43 676 377 16 30 & +43 399 197 871 81",IF(A5="U8","+43 660 199 13 52 & +43 660 914 92 36",IF(A5="U7","+43 676 661 62 26 & +43 681 208 115 99",IF(A5="Camp","+43 660 77 39 500",IF(A5="Turnier","+43 660 77 39 500","FEHLER")))))))))))
A6: U15 LL Nord | B6: 46096 | C6: 0.45833333 | D6: Neufeld | E6: Freundschaftsspiel Baden | F6: U15 | G6: =IF(F6="Großfeld","Großfeld",IF(F6="U16","Großfeld",IF(F6="U15","Großfeld",IF(F6="U14","Großfeld",IF(F6="U13","75x55",IF(F6="U11/U12","55x40",IF(F6="U9/U10","40x25",IF(F6="U8","29x22","25x20")))))))) | H6: =IF(F6="Großfeld","7,32x2,44",IF(F6="U16","7,32x2,44",IF(F6="U15","7,32x2,44",IF(F6="U14","7,32x2,44",IF(F6="U13","5x2",IF(F6="U11/U12","5x2",IF(F6="U9/U10","5x2",IF(F5="Turnier","5x2","4 Minitore")))))))) | I6: =IF(F6="Großfeld","5",IF(F6="U16","5",IF(F6="U15","5",IF(F6="U14","4",IF(F6="U13","4",IF(F6="U11/U12","4",IF(F6="U9/U10","4",IF(F6="U9","4","3")))))))) | J6: =IF(A6="KM Neufeld","Pleninger Stefan",IF(A6="U16 LL","Josch Kögl",IF(A6="U15 LL Nord","Serdar Ekinci",IF(A6="U14 Nord","Gernot Servelda",IF(A6="U13 Nord","Thomas Pöschl & Lenz Honc",IF(A6="U11 Nord D","Mario Magler&Ronny Archam",IF(A6="U9","Thomas Brandl&Daniel Hofbauer",IF(A6="U8","Berger Tobias&Sebastian Putric",IF(A6="U7","Türkes Ömer&Mahsumi Taha",IF(A6="Camp","Berger Dieter",IF(A6="Turnier","Berger Dieter","FEHLER"))))))))))) | K6: =IF(A6="KM Neufeld","+43 664 415 99 09",IF(A6="U16 LL","+43 650 262 82 63",IF(A6="U15 LL Nord","+43 650 701 02 44",IF(A6="U14 Nord","+43 676 401 09 13",IF(A6="U13 Nord","+43 677 613 55 114 & +43 664 114 43 52",IF(A6="U11 Nord D","+43 664 762 09 93 & +43 699 111 93 828",IF(A6="U9","+43 676 377 16 30 & +43 399 197 871 81",IF(A6="U8","+43 660 199 13 52 & +43 660 914 92 36",IF(A6="U7","+43 676 661 62 26 & +43 681 208 115 99",IF(A6="Camp","+43 660 77 39 500",IF(A6="Turnier","+43 660 77 39 500","FEHLER")))))))))))
A7: =Heimspiele!C8 | B7: =Heimspiele!D8 | D7: =Heimspiele!F8 | E7: =Heimspiele!G8 | F7: Großfeld | G7: =IF(F7="Großfeld","Großfeld",IF(F7="U16","Großfeld",IF(F7="U15","Großfeld",IF(F7="U14","Großfeld",IF(F7="U13","75x55",IF(F7="U11/U12","55x40",IF(F7="U9/U10","40x25",IF(F7="U8","29x22","25x20")))))))) | H7: =IF(F7="Großfeld","7,32x2,44",IF(F7="U16","7,32x2,44",IF(F7="U15","7,32x2,44",IF(F7="U14","7,32x2,44",IF(F7="U13","5x2",IF(F7="U11/U12","5x2",IF(F7="U9/U10","5x2","4 Minitore"))))))) | I7: =IF(F7="Großfeld","5",IF(F7="U16","5",IF(F7="U15","5",IF(F7="U14","4",IF(F7="U13","4",IF(F7="U11/U12","4",IF(F7="U9/U10","4",IF(F7="U9","4","3")))))))) | J7: =IF(A7="KM Neufeld","Pleninger Stefan",IF(A7="U16 LL","Josch Kögl",IF(A7="U15 LL Nord","Serdar Ekinci",IF(A7="U14 Nord","Gernot Servelda",IF(A7="U13 - Nord","Thomas Pöschl & Lenz Honc",IF(A7="U11 Nord D","Mario Magler&Ronny Archam",IF(A7="U9","Thomas Brandl&Daniel Hofbauer",IF(A7="U8","Berger Tobias&Sebastian Putric",IF(A7="U7","Türkes Ömer&Mahsumi Taha",IF(A7="Camp","Berger Dieter",IF(A7="Turnier","Berger Dieter","FEHLER"))))))))))) | K7: =IF(A7="KM Neufeld","+43 664 415 99 09",IF(A7="U16 LL","+43 650 262 82 63",IF(A7="U15 LL Nord","+43 650 701 02 44",IF(A7="U14 - Nord","+43 676 401 09 13",IF(A7="U13 - Nord","+43 677 613 55 114 & +43 664 114 43 52",IF(A7="U11 Nord D","+43 664 762 09 93 & +43 699 111 93 828",IF(A7="U9","+43 676 377 16 30 & +43 399 197 871 81",IF(A7="U8","+43 660 199 13 52 & +43 660 914 92 36",IF(A7="U7","+43 676 661 62 26 & +43 681 208 115 99",IF(A7="Camp","+43 660 77 39 500",IF(A7="Turnier","+43 660 77 39 500","FEHLER")))))))))))
A8: U11 Nord D | B8: 46102 | C8: 0.5 | D8: Neufeld | E8: Freundschaftspiel Pöttsching | F8: U11/U12 | G8: =IF(F8="Großfeld","Großfeld",IF(F8="U16","Großfeld",IF(F8="U15","Großfeld",IF(F8="U14","Großfeld",IF(F8="U13","75x55",IF(F8="U11/U12","55x40",IF(F8="U9/U10","40x25",IF(F8="U8","29x22","25x20")))))))) | H8: =IF(F8="Großfeld","7,32x2,44",IF(F8="U16","7,32x2,44",IF(F8="U15","7,32x2,44",IF(F8="U14","7,32x2,44",IF(F8="U13","5x2",IF(F8="U11/U12","5x2",IF(F8="U9/U10","5x2",IF(F7="Turnier","5x2","4 Minitore")))))))) | I8: =IF(F8="Großfeld","5",IF(F8="U16","5",IF(F8="U15","5",IF(F8="U14","4",IF(F8="U13","4",IF(F8="U11/U12","4",IF(F8="U9/U10","4",IF(F8="U9","4","3")))))))) | J8: =IF(A8="KM Neufeld","Pleninger Stefan",IF(A8="U16 LL","Josch Kögl",IF(A8="U15 LL Nord","Serdar Ekinci",IF(A8="U14 Nord","Gernot Servelda",IF(A8="U13 Nord","Thomas Pöschl & Lenz Honc",IF(A8="U11 Nord D","Mario Magler&Ronny Archam",IF(A8="U9","Thomas Brandl&Daniel Hofbauer",IF(A8="U8","Berger Tobias&Sebastian Putric",IF(A8="U7","Türkes Ömer&Mahsumi Taha",IF(A8="Camp","Berger Dieter",IF(A8="Turnier","Berger Dieter","FEHLER"))))))))))) | K8: =IF(A8="KM Neufeld","+43 664 415 99 09",IF(A8="U16 LL","+43 650 262 82 63",IF(A8="U15 LL Nord","+43 650 701 02 44",IF(A8="U14 Nord","+43 676 401 09 13",IF(A8="U13 Nord","+43 677 613 55 114 & +43 664 114 43 52",IF(A8="U11 Nord D","+43 664 762 09 93 & +43 699 111 93 828",IF(A8="U9","+43 676 377 16 30 & +43 399 197 871 81",IF(A8="U8","+43 660 199 13 52 & +43 660 914 92 36",IF(A8="U7","+43 676 661 62 26 & +43 681 208 115 99",IF(A8="Camp","+43 660 77 39 500",IF(A8="Turnier","+43 660 77 39 500","FEHLER")))))))))))
A9: =Heimspiele!C10 | B9: =Heimspiele!D10 | D9: =Heimspiele!F10 | E9: =Heimspiele!G10 | F9: Großfeld | G9: =IF(F9="Großfeld","Großfeld",IF(F9="U16","Großfeld",IF(F9="U15","Großfeld",IF(F9="U14","Großfeld",IF(F9="U13","75x55",IF(F9="U11/U12","55x40",IF(F9="U9/U10","40x25",IF(F9="U8","29x22","25x20")))))))) | H9: =IF(F9="Großfeld","7,32x2,44",IF(F9="U16","7,32x2,44",IF(F9="U15","7,32x2,44",IF(F9="U14","7,32x2,44",IF(F9="U13","5x2",IF(F9="U11/U12","5x2",IF(F9="U9/U10","5x2","4 Minitore"))))))) | I9: =IF(F9="Großfeld","5",IF(F9="U16","5",IF(F9="U15","5",IF(F9="U14","4",IF(F9="U13","4",IF(F9="U11/U12","4",IF(F9="U9/U10","4",IF(F9="U9","4","3")))))))) | J9: =IF(A9="KM Neufeld","Pleninger Stefan",IF(A9="U16 LL","Josch Kögl",IF(A9="U15 LL Nord","Serdar Ekinci",IF(A9="U14 Nord","Gernot Servelda",IF(A9="U13 - Nord","Thomas Pöschl & Lenz Honc",IF(A9="U11 Nord D","Mario Magler&Ronny Archam",IF(A9="U9","Thomas Brandl&Daniel Hofbauer",IF(A9="U8","Berger Tobias&Sebastian Putric",IF(A9="U7","Türkes Ömer&Mahsumi Taha",IF(A9="Camp","Berger Dieter",IF(A9="Turnier","Berger Dieter","FEHLER"))))))))))) | K9: =IF(A9="KM Neufeld","+43 664 415 99 09",IF(A9="U16 LL","+43 650 262 82 63",IF(A9="U15 LL Nord","+43 650 701 02 44",IF(A9="U14 - Nord","+43 676 401 09 13",IF(A9="U13 - Nord","+43 677 613 55 114 & +43 664 114 43 52",IF(A9="U11 Nord D","+43 664 762 09 93 & +43 699 111 93 828",IF(A9="U9","+43 676 377 16 30 & +43 399 197 871 81",IF(A9="U8","+43 660 199 13 52 & +43 660 914 92 36",IF(A9="U7","+43 676 661 62 26 & +43 681 208 115 99",IF(A9="Camp","+43 660 77 39 500",IF(A9="Turnier","+43 660 77 39 500","FEHLER")))))))))))
A10: =Heimspiele!C3 | B10: =Heimspiele!D3 | C10: =Heimspiele!E3 | D10: =Heimspiele!F3 | E10: =Heimspiele!G3 | F10: Großfeld | G10: =IF(F10="Großfeld","Großfeld",IF(F10="U16","Großfeld",IF(F10="U15","Großfeld",IF(F10="U14","Großfeld",IF(F10="U13","75x55",IF(F10="U11/U12","55x40",IF(F10="U9/U10","40x25",IF(F10="U8","29x22","25x20")))))))) | H10: =IF(F10="Großfeld","7,32x2,44",IF(F10="U16","7,32x2,44",IF(F10="U15","7,32x2,44",IF(F10="U14","7,32x2,44",IF(F10="U13","5x2",IF(F10="U11/U12","5x2",IF(F10="U9/U10","5x2","4 Minitore"))))))) | I10: =IF(F10="Großfeld","5",IF(F10="U16","5",IF(F10="U15","5",IF(F10="U14","4",IF(F10="U13","4",IF(F10="U11/U12","4",IF(F10="U9/U10","4",IF(F10="U9","4","3")))))))) | J10: =IF(A10="KM Neufeld","Pleninger Stefan",IF(A10="U16 LL","Josch Kögl",IF(A10="U15 LL Nord","Serdar Ekinci",IF(A10="U14 Nord","Gernot Servelda",IF(A10="U13 Nord","Thomas Pöschl & Lenz Honc",IF(A10="U11 Nord D","Mario Magler&Ronny Archam",IF(A10="U9","Thomas Brandl&Daniel Hofbauer",IF(A10="U8","Berger Tobias&Sebastian Putric",IF(A10="U7","Türkes Ömer&Mahsumi Taha",IF(A10="Camp","Berger Dieter",IF(A10="Turnier","Berger Dieter","FEHLER"))))))))))) | K10: =IF(A10="KM Neufeld","+43 664 415 99 09",IF(A10="U16 LL","+43 650 262 82 63",IF(A10="U15 LL Nord","+43 650 701 02 44",IF(A10="U14 Nord","+43 676 401 09 13",IF(A10="U13 Nord","+43 677 613 55 114 & +43 664 114 43 52",IF(A10="U11 Nord D","+43 664 762 09 93 & +43 699 111 93 828",IF(A10="U9","+43 676 377 16 30 & +43 399 197 871 81",IF(A10="U8","+43 660 199 13 52 & +43 660 914 92 36",IF(A10="U7","+43 676 661 62 26 & +43 681 208 115 99",IF(A10="Camp","+43 660 77 39 500",IF(A10="Turnier","+43 660 77 39 500","FEHLER")))))))))))
A11: =Heimspiele!C12 | B11: =Heimspiele!D12 | D11: =Heimspiele!F12 | E11: =Heimspiele!G12 | F11: Großfeld | G11: =IF(F11="Großfeld","Großfeld",IF(F11="U16","Großfeld",IF(F11="U15","Großfeld",IF(F11="U14","Großfeld",IF(F11="U13","75x55",IF(F11="U11/U12","55x40",IF(F11="U9/U10","40x25",IF(F11="U8","29x22","25x20")))))))) | H11: =IF(F11="Großfeld","7,32x2,44",IF(F11="U16","7,32x2,44",IF(F11="U15","7,32x2,44",IF(F11="U14","7,32x2,44",IF(F11="U13","5x2",IF(F11="U11/U12","5x2",IF(F11="U9/U10","5x2","4 Minitore"))))))) | I11: =IF(F11="Großfeld","5",IF(F11="U16","5",IF(F11="U15","5",IF(F11="U14","4",IF(F11="U13","4",IF(F11="U11/U12","4",IF(F11="U9/U10","4",IF(F11="U9","4","3")))))))) | J11: =IF(A11="KM Neufeld","Pleninger Stefan",IF(A11="U16 LL","Josch Kögl",IF(A11="U15 LL Nord","Serdar Ekinci",IF(A11="U14 Nord","Gernot Servelda",IF(A11="U13 - Nord","Thomas Pöschl & Lenz Honc",IF(A11="U11 Nord D","Mario Magler&Ronny Archam",IF(A11="U9","Thomas Brandl&Daniel Hofbauer",IF(A11="U8","Berger Tobias&Sebastian Putric",IF(A11="U7","Türkes Ömer&Mahsumi Taha",IF(A11="Camp","Berger Dieter",IF(A11="Turnier","Berger Dieter","FEHLER"))))))))))) | K11: =IF(A11="KM Neufeld","+43 664 415 99 09",IF(A11="U16 LL","+43 650 262 82 63",IF(A11="U15 LL Nord","+43 650 701 02 44",IF(A11="U14 - Nord","+43 676 401 09 13",IF(A11="U13 - Nord","+43 677 613 55 114 & +43 664 114 43 52",IF(A11="U11 Nord D","+43 664 762 09 93 & +43 699 111 93 828",IF(A11="U9","+43 676 377 16 30 & +43 399 197 871 81",IF(A11="U8","+43 660 199 13 52 & +43 660 914 92 36",IF(A11="U7","+43 676 661 62 26 & +43 681 208 115 99",IF(A11="Camp","+43 660 77 39 500",IF(A11="Turnier","+43 660 77 39 500","FEHLER")))))))))))
A12: =Heimspiele!C13 | B12: =Heimspiele!D13 | D12: =Heimspiele!F13 | E12: =Heimspiele!G13 | F12: Großfeld | G12: =IF(F12="Großfeld","Großfeld",IF(F12="U16","Großfeld",IF(F12="U15","Großfeld",IF(F12="U14","Großfeld",IF(F12="U13","75x55",IF(F12="U11/U12","55x40",IF(F12="U9/U10","40x25",IF(F12="U8","29x22","25x20")))))))) | H12: =IF(F12="Großfeld","7,32x2,44",IF(F12="U16","7,32x2,44",IF(F12="U15","7,32x2,44",IF(F12="U14","7,32x2,44",IF(F12="U13","5x2",IF(F12="U11/U12","5x2",IF(F12="U9/U10","5x2","4 Minitore"))))))) | I12: =IF(F12="Großfeld","5",IF(F12="U16","5",IF(F12="U15","5",IF(F12="U14","4",IF(F12="U13","4",IF(F12="U11/U12","4",IF(F12="U9/U10","4",IF(F12="U9","4","3")))))))) | J12: =IF(A12="KM Neufeld","Pleninger Stefan",IF(A12="U16 LL","Josch Kögl",IF(A12="U15 LL Nord","Serdar Ekinci",IF(A12="U14 Nord","Gernot Servelda",IF(A12="U13 - Nord","Thomas Pöschl & Lenz Honc",IF(A12="U11 Nord D","Mario Magler&Ronny Archam",IF(A12="U9","Thomas Brandl&Daniel Hofbauer",IF(A12="U8","Berger Tobias&Sebastian Putric",IF(A12="U7","Türkes Ömer&Mahsumi Taha",IF(A12="Camp","Berger Dieter",IF(A12="Turnier","Berger Dieter","FEHLER"))))))))))) | K12: =IF(A12="KM Neufeld","+43 664 415 99 09",IF(A12="U16 LL","+43 650 262 82 63",IF(A12="U15 LL Nord","+43 650 701 02 44",IF(A12="U14 - Nord","+43 676 401 09 13",IF(A12="U13 - Nord","+43 677 613 55 114 & +43 664 114 43 52",IF(A12="U11 Nord D","+43 664 762 09 93 & +43 699 111 93 828",IF(A12="U9","+43 676 377 16 30 & +43 399 197 871 81",IF(A12="U8","+43 660 199 13 52 & +43 660 914 92 36",IF(A12="U7","+43 676 661 62 26 & +43 681 208 115 99",IF(A12="Camp","+43 660 77 39 500",IF(A12="Turnier","+43 660 77 39 500","FEHLER")))))))))))
A13: =Heimspiele!C5 | B13: =Heimspiele!D5 | C13: =Heimspiele!E5 | D13: =Heimspiele!F5 | E13: =Heimspiele!G5 | F13: U14 | G13: =IF(F13="Großfeld","Großfeld",IF(F13="U16","Großfeld",IF(F13="U15","Großfeld",IF(F13="U14","Großfeld",IF(F13="U13","75x55",IF(F13="U11/U12","55x40",IF(F13="U9/U10","40x25",IF(F13="U8","29x22","25x20")))))))) | H13: =IF(F13="Großfeld","7,32x2,44",IF(F13="U16","7,32x2,44",IF(F13="U15","7,32x2,44",IF(F13="U14","7,32x2,44",IF(F13="U13","5x2",IF(F13="U11/U12","5x2",IF(F13="U9/U10","5x2","4 Minitore"))))))) | I13: =IF(F13="Großfeld","5",IF(F13="U16","5",IF(F13="U15","5",IF(F13="U14","4",IF(F13="U13","4",IF(F13="U11/U12","4",IF(F13="U9/U10","4",IF(F13="U9","4","3")))))))) | J13: =IF(A13="KM Neufeld","Pleninger Stefan",IF(A13="U16 LL","Josch Kögl",IF(A13="U15 LL Nord","Serdar Ekinci",IF(A13="U14 Nord","Gernot Servelda",IF(A13="U13 Nord","Thomas Pöschl & Lenz Honc",IF(A13="U11 Nord D","Mario Magler&Ronny Archam",IF(A13="U9","Thomas Brandl&Daniel Hofbauer",IF(A13="U8","Berger Tobias&Sebastian Putric",IF(A13="U7","Türkes Ömer&Mahsumi Taha",IF(A13="Camp","Berger Dieter",IF(A13="Turnier","Berger Dieter","FEHLER"))))))))))) | K13: =IF(A13="KM Neufeld","+43 664 415 99 09",IF(A13="U16 LL","+43 650 262 82 63",IF(A13="U15 LL Nord","+43 650 701 02 44",IF(A13="U14 Nord","+43 676 401 09 13",IF(A13="U13 Nord","+43 677 613 55 114 & +43 664 114 43 52",IF(A13="U11 Nord D","+43 664 762 09 93 & +43 699 111 93 828",IF(A13="U9","+43 676 377 16 30 & +43 399 197 871 81",IF(A13="U8","+43 660 199 13 52 & +43 660 914 92 36",IF(A13="U7","+43 676 661 62 26 & +43 681 208 115 99",IF(A13="Camp","+43 660 77 39 500",IF(A13="Turnier","+43 660 77 39 500","FEHLER")))))))))))
A14: =Heimspiele!C15 | B14: =Heimspiele!D15 | D14: =Heimspiele!F15 | E14: =Heimspiele!G15 | F14: Großfeld | G14: =IF(F14="Großfeld","Großfeld",IF(F14="U16","Großfeld",IF(F14="U15","Großfeld",IF(F14="U14","Großfeld",IF(F14="U13","75x55",IF(F14="U11/U12","55x40",IF(F14="U9/U10","40x25",IF(F14="U8","29x22","25x20")))))))) | H14: =IF(F14="Großfeld","7,32x2,44",IF(F14="U16","7,32x2,44",IF(F14="U15","7,32x2,44",IF(F14="U14","7,32x2,44",IF(F14="U13","5x2",IF(F14="U11/U12","5x2",IF(F14="U9/U10","5x2","4 Minitore"))))))) | I14: =IF(F14="Großfeld","5",IF(F14="U16","5",IF(F14="U15","5",IF(F14="U14","4",IF(F14="U13","4",IF(F14="U11/U12","4",IF(F14="U9/U10","4",IF(F14="U9","4","3")))))))) | J14: =IF(A14="KM Neufeld","Pleninger Stefan",IF(A14="U16 LL","Josch Kögl",IF(A14="U15 LL Nord","Serdar Ekinci",IF(A14="U14 Nord","Gernot Servelda",IF(A14="U13 - Nord","Thomas Pöschl & Lenz Honc",IF(A14="U11 Nord D","Mario Magler&Ronny Archam",IF(A14="U9","Thomas Brandl&Daniel Hofbauer",IF(A14="U8","Berger Tobias&Sebastian Putric",IF(A14="U7","Türkes Ömer&Mahsumi Taha",IF(A14="Camp","Berger Dieter",IF(A14="Turnier","Berger Dieter","FEHLER"))))))))))) | K14: =IF(A14="KM Neufeld","+43 664 415 99 09",IF(A14="U16 LL","+43 650 262 82 63",IF(A14="U15 LL Nord","+43 650 701 02 44",IF(A14="U14 - Nord","+43 676 401 09 13",IF(A14="U13 - Nord","+43 677 613 55 114 & +43 664 114 43 52",IF(A14="U11 Nord D","+43 664 762 09 93 & +43 699 111 93 828",IF(A14="U9","+43 676 377 16 30 & +43 399 197 871 81",IF(A14="U8","+43 660 199 13 52 & +43 660 914 92 36",IF(A14="U7","+43 676 661 62 26 & +43 681 208 115 99",IF(A14="Camp","+43 660 77 39 500",IF(A14="Turnier","+43 660 77 39 500","FEHLER")))))))))))
A15: =Heimspiele!C16 | B15: =Heimspiele!D16 | D15: =Heimspiele!F16 | E15: =Heimspiele!G16 | F15: Großfeld | G15: =IF(F15="Großfeld","Großfeld",IF(F15="U16","Großfeld",IF(F15="U15","Großfeld",IF(F15="U14","Großfeld",IF(F15="U13","75x55",IF(F15="U11/U12","55x40",IF(F15="U9/U10","40x25",IF(F15="U8","29x22","25x20")))))))) | H15: =IF(F15="Großfeld","7,32x2,44",IF(F15="U16","7,32x2,44",IF(F15="U15","7,32x2,44",IF(F15="U14","7,32x2,44",IF(F15="U13","5x2",IF(F15="U11/U12","5x2",IF(F15="U9/U10","5x2","4 Minitore"))))))) | I15: =IF(F15="Großfeld","5",IF(F15="U16","5",IF(F15="U15","5",IF(F15="U14","4",IF(F15="U13","4",IF(F15="U11/U12","4",IF(F15="U9/U10","4",IF(F15="U9","4","3")))))))) | J15: =IF(A15="KM Neufeld","Pleninger Stefan",IF(A15="U16 LL","Josch Kögl",IF(A15="U15 LL Nord","Serdar Ekinci",IF(A15="U14 Nord","Gernot Servelda",IF(A15="U13 - Nord","Thomas Pöschl & Lenz Honc",IF(A15="U11 Nord D","Mario Magler&Ronny Archam",IF(A15="U9","Thomas Brandl&Daniel Hofbauer",IF(A15="U8","Berger Tobias&Sebastian Putric",IF(A15="U7","Türkes Ömer&Mahsumi Taha",IF(A15="Camp","Berger Dieter",IF(A15="Turnier","Berger Dieter","FEHLER"))))))))))) | K15: =IF(A15="KM Neufeld","+43 664 415 99 09",IF(A15="U16 LL","+43 650 262 82 63",IF(A15="U15 LL Nord","+43 650 701 02 44",IF(A15="U14 - Nord","+43 676 401 09 13",IF(A15="U13 - Nord","+43 677 613 55 114 & +43 664 114 43 52",IF(A15="U11 Nord D","+43 664 762 09 93 & +43 699 111 93 828",IF(A15="U9","+43 676 377 16 30 & +43 399 197 871 81",IF(A15="U8","+43 660 199 13 52 & +43 660 914 92 36",IF(A15="U7","+43 676 661 62 26 & +43 681 208 115 99",IF(A15="Camp","+43 660 77 39 500",IF(A15="Turnier","+43 660 77 39 500","FEHLER")))))))))))
A16: =Heimspiele!C17 | B16: =Heimspiele!D17 | D16: =Heimspiele!F17 | E16: =Heimspiele!G17 | F16: Großfeld | G16: =IF(F16="Großfeld","Großfeld",IF(F16="U16","Großfeld",IF(F16="U15","Großfeld",IF(F16="U14","Großfeld",IF(F16="U13","75x55",IF(F16="U11/U12","55x40",IF(F16="U9/U10","40x25",IF(F16="U8","29x22","25x20")))))))) | H16: =IF(F16="Großfeld","7,32x2,44",IF(F16="U16","7,32x2,44",IF(F16="U15","7,32x2,44",IF(F16="U14","7,32x2,44",IF(F16="U13","5x2",IF(F16="U11/U12","5x2",IF(F16="U9/U10","5x2","4 Minitore"))))))) | I16: =IF(F16="Großfeld","5",IF(F16="U16","5",IF(F16="U15","5",IF(F16="U14","4",IF(F16="U13","4",IF(F16="U11/U12","4",IF(F16="U9/U10","4",IF(F16="U9","4","3")))))))) | J16: =IF(A16="KM Neufeld","Pleninger Stefan",IF(A16="U16 LL","Josch Kögl",IF(A16="U15 LL Nord","Serdar Ekinci",IF(A16="U14 Nord","Gernot Servelda",IF(A16="U13 - Nord","Thomas Pöschl & Lenz Honc",IF(A16="U11 Nord D","Mario Magler&Ronny Archam",IF(A16="U9","Thomas Brandl&Daniel Hofbauer",IF(A16="U8","Berger Tobias&Sebastian Putric",IF(A16="U7","Türkes Ömer&Mahsumi Taha",IF(A16="Camp","Berger Dieter",IF(A16="Turnier","Berger Dieter","FEHLER"))))))))))) | K16: =IF(A16="KM Neufeld","+43 664 415 99 09",IF(A16="U16 LL","+43 650 262 82 63",IF(A16="U15 LL Nord","+43 650 701 02 44",IF(A16="U14 - Nord","+43 676 401 09 13",IF(A16="U13 - Nord","+43 677 613 55 114 & +43 664 114 43 52",IF(A16="U11 Nord D","+43 664 762 09 93 & +43 699 111 93 828",IF(A16="U9","+43 676 377 16 30 & +43 399 197 871 81",IF(A16="U8","+43 660 199 13 52 & +43 660 914 92 36",IF(A16="U7","+43 676 661 62 26 & +43 681 208 115 99",IF(A16="Camp","+43 660 77 39 500",IF(A16="Turnier","+43 660 77 39 500","FEHLER")))))))))))
A17: =Heimspiele!C7 | B17: =Heimspiele!D7 | C17: =Heimspiele!E7 | D17: =Heimspiele!F7 | E17: =Heimspiele!G7 | F17: U13 | G17: =IF(F17="Großfeld","Großfeld",IF(F17="U16","Großfeld",IF(F17="U15","Großfeld",IF(F17="U14","Großfeld",IF(F17="U13","75x55",IF(F17="U11/U12","55x40",IF(F17="U9/U10","40x25",IF(F17="U8","29x22","25x20")))))))) | H17: =IF(F17="Großfeld","7,32x2,44",IF(F17="U16","7,32x2,44",IF(F17="U15","7,32x2,44",IF(F17="U14","7,32x2,44",IF(F17="U13","5x2",IF(F17="U11/U12","5x2",IF(F17="U9/U10","5x2","4 Minitore"))))))) | I17: =IF(F17="Großfeld","5",IF(F17="U16","5",IF(F17="U15","5",IF(F17="U14","4",IF(F17="U13","4",IF(F17="U11/U12","4",IF(F17="U9/U10","4",IF(F17="U9","4","3")))))))) | J17: =IF(A17="KM Neufeld","Pleninger Stefan",IF(A17="U16 LL","Josch Kögl",IF(A17="U15 LL Nord","Serdar Ekinci",IF(A17="U14 Nord","Gernot Servelda",IF(A17="U13 Nord","Thomas Pöschl & Lenz Honc",IF(A17="U11 Nord D","Mario Magler&Ronny Archam",IF(A17="U9","Thomas Brandl&Daniel Hofbauer",IF(A17="U8","Berger Tobias&Sebastian Putric",IF(A17="U7","Türkes Ömer&Mahsumi Taha",IF(A17="Camp","Berger Dieter",IF(A17="Turnier","Berger Dieter","FEHLER"))))))))))) | K17: =IF(A17="KM Neufeld","+43 664 415 99 09",IF(A17="U16 LL","+43 650 262 82 63",IF(A17="U15 LL Nord","+43 650 701 02 44",IF(A17="U14 Nord","+43 676 401 09 13",IF(A17="U13 Nord","+43 677 613 55 114 & +43 664 114 43 52",IF(A17="U11 Nord D","+43 664 762 09 93 & +43 699 111 93 828",IF(A17="U9","+43 676 377 16 30 & +43 399 197 871 81",IF(A17="U8","+43 660 199 13 52 & +43 660 914 92 36",IF(A17="U7","+43 676 661 62 26 & +43 681 208 115 99",IF(A17="Camp","+43 660 77 39 500",IF(A17="Turnier","+43 660 77 39 500","FEHLER")))))))))))
A18: =Heimspiele!C19 | B18: =Heimspiele!D19 | D18: =Heimspiele!F19 | E18: =Heimspiele!G19 | F18: Großfeld | G18: =IF(F18="Großfeld","Großfeld",IF(F18="U16","Großfeld",IF(F18="U15","Großfeld",IF(F18="U14","Großfeld",IF(F18="U13","75x55",IF(F18="U11/U12","55x40",IF(F18="U9/U10","40x25",IF(F18="U8","29x22","25x20")))))))) | H18: =IF(F18="Großfeld","7,32x2,44",IF(F18="U16","7,32x2,44",IF(F18="U15","7,32x2,44",IF(F18="U14","7,32x2,44",IF(F18="U13","5x2",IF(F18="U11/U12","5x2",IF(F18="U9/U10","5x2","4 Minitore"))))))) | I18: =IF(F18="Großfeld","5",IF(F18="U16","5",IF(F18="U15","5",IF(F18="U14","4",IF(F18="U13","4",IF(F18="U11/U12","4",IF(F18="U9/U10","4",IF(F18="U9","4","3")))))))) | J18: =IF(A18="KM Neufeld","Pleninger Stefan",IF(A18="U16 LL","Josch Kögl",IF(A18="U15 LL Nord","Serdar Ekinci",IF(A18="U14 Nord","Gernot Servelda",IF(A18="U13 - Nord","Thomas Pöschl & Lenz Honc",IF(A18="U11 Nord D","Mario Magler&Ronny Archam",IF(A18="U9","Thomas Brandl&Daniel Hofbauer",IF(A18="U8","Berger Tobias&Sebastian Putric",IF(A18="U7","Türkes Ömer&Mahsumi Taha",IF(A18="Camp","Berger Dieter",IF(A18="Turnier","Berger Dieter","FEHLER"))))))))))) | K18: =IF(A18="KM Neufeld","+43 664 415 99 09",IF(A18="U16 LL","+43 650 262 82 63",IF(A18="U15 LL Nord","+43 650 701 02 44",IF(A18="U14 - Nord","+43 676 401 09 13",IF(A18="U13 - Nord","+43 677 613 55 114 & +43 664 114 43 52",IF(A18="U11 Nord D","+43 664 762 09 93 & +43 699 111 93 828",IF(A18="U9","+43 676 377 16 30 & +43 399 197 871 81",IF(A18="U8","+43 660 199 13 52 & +43 660 914 92 36",IF(A18="U7","+43 676 661 62 26 & +43 681 208 115 99",IF(A18="Camp","+43 660 77 39 500",IF(A18="Turnier","+43 660 77 39 500","FEHLER")))))))))))
A19: =Heimspiele!C20 | B19: =Heimspiele!D20 | D19: =Heimspiele!F20 | E19: =Heimspiele!G20 | F19: Großfeld | G19: =IF(F19="Großfeld","Großfeld",IF(F19="U16","Großfeld",IF(F19="U15","Großfeld",IF(F19="U14","Großfeld",IF(F19="U13","75x55",IF(F19="U11/U12","55x40",IF(F19="U9/U10","40x25",IF(F19="U8","29x22","25x20")))))))) | H19: =IF(F19="Großfeld","7,32x2,44",IF(F19="U16","7,32x2,44",IF(F19="U15","7,32x2,44",IF(F19="U14","7,32x2,44",IF(F19="U13","5x2",IF(F19="U11/U12","5x2",IF(F19="U9/U10","5x2","4 Minitore"))))))) | I19: =IF(F19="Großfeld","5",IF(F19="U16","5",IF(F19="U15","5",IF(F19="U14","4",IF(F19="U13","4",IF(F19="U11/U12","4",IF(F19="U9/U10","4",IF(F19="U9","4","3")))))))) | J19: =IF(A19="KM Neufeld","Pleninger Stefan",IF(A19="U16 LL","Josch Kögl",IF(A19="U15 LL Nord","Serdar Ekinci",IF(A19="U14 Nord","Gernot Servelda",IF(A19="U13 - Nord","Thomas Pöschl & Lenz Honc",IF(A19="U11 Nord D","Mario Magler&Ronny Archam",IF(A19="U9","Thomas Brandl&Daniel Hofbauer",IF(A19="U8","Berger Tobias&Sebastian Putric",IF(A19="U7","Türkes Ömer&Mahsumi Taha",IF(A19="Camp","Berger Dieter",IF(A19="Turnier","Berger Dieter","FEHLER"))))))))))) | K19: =IF(A19="KM Neufeld","+43 664 415 99 09",IF(A19="U16 LL","+43 650 262 82 63",IF(A19="U15 LL Nord","+43 650 701 02 44",IF(A19="U14 - Nord","+43 676 401 09 13",IF(A19="U13 - Nord","+43 677 613 55 114 & +43 664 114 43 52",IF(A19="U11 Nord D","+43 664 762 09 93 & +43 699 111 93 828",IF(A19="U9","+43 676 377 16 30 & +43 399 197 871 81",IF(A19="U8","+43 660 199 13 52 & +43 660 914 92 36",IF(A19="U7","+43 676 661 62 26 & +43 681 208 115 99",IF(A19="Camp","+43 660 77 39 500",IF(A19="Turnier","+43 660 77 39 500","FEHLER")))))))))))
A20: =Heimspiele!C21 | B20: =Heimspiele!D21 | D20: =Heimspiele!F21 | E20: =Heimspiele!G21 | F20: Großfeld | G20: =IF(F20="Großfeld","Großfeld",IF(F20="U16","Großfeld",IF(F20="U15","Großfeld",IF(F20="U14","Großfeld",IF(F20="U13","75x55",IF(F20="U11/U12","55x40",IF(F20="U9/U10","40x25",IF(F20="U8","29x22","25x20")))))))) | H20: =IF(F20="Großfeld","7,32x2,44",IF(F20="U16","7,32x2,44",IF(F20="U15","7,32x2,44",IF(F20="U14","7,32x2,44",IF(F20="U13","5x2",IF(F20="U11/U12","5x2",IF(F20="U9/U10","5x2","4 Minitore"))))))) | I20: =IF(F20="Großfeld","5",IF(F20="U16","5",IF(F20="U15","5",IF(F20="U14","4",IF(F20="U13","4",IF(F20="U11/U12","4",IF(F20="U9/U10","4",IF(F20="U9","4","3")))))))) | J20: =IF(A20="KM Neufeld","Pleninger Stefan",IF(A20="U16 LL","Josch Kögl",IF(A20="U15 LL Nord","Serdar Ekinci",IF(A20="U14 Nord","Gernot Servelda",IF(A20="U13 - Nord","Thomas Pöschl & Lenz Honc",IF(A20="U11 Nord D","Mario Magler&Ronny Archam",IF(A20="U9","Thomas Brandl&Daniel Hofbauer",IF(A20="U8","Berger Tobias&Sebastian Putric",IF(A20="U7","Türkes Ömer&Mahsumi Taha",IF(A20="Camp","Berger Dieter",IF(A20="Turnier","Berger Dieter","FEHLER"))))))))))) | K20: =IF(A20="KM Neufeld","+43 664 415 99 09",IF(A20="U16 LL","+43 650 262 82 63",IF(A20="U15 LL Nord","+43 650 701 02 44",IF(A20="U14 - Nord","+43 676 401 09 13",IF(A20="U13 - Nord","+43 677 613 55 114 & +43 664 114 43 52",IF(A20="U11 Nord D","+43 664 762 09 93 & +43 699 111 93 828",IF(A20="U9","+43 676 377 16 30 & +43 399 197 871 81",IF(A20="U8","+43 660 199 13 52 & +43 660 914 92 36",IF(A20="U7","+43 676 661 62 26 & +43 681 208 115 99",IF(A20="Camp","+43 660 77 39 500",IF(A20="Turnier","+43 660 77 39 500","FEHLER")))))))))))
A21: =Heimspiele!C22 | B21: =Heimspiele!D22 | D21: =Heimspiele!F22 | E21: =Heimspiele!G22 | F21: Großfeld | G21: =IF(F21="Großfeld","Großfeld",IF(F21="U16","Großfeld",IF(F21="U15","Großfeld",IF(F21="U14","Großfeld",IF(F21="U13","75x55",IF(F21="U11/U12","55x40",IF(F21="U9/U10","40x25",IF(F21="U8","29x22","25x20")))))))) | H21: =IF(F21="Großfeld","7,32x2,44",IF(F21="U16","7,32x2,44",IF(F21="U15","7,32x2,44",IF(F21="U14","7,32x2,44",IF(F21="U13","5x2",IF(F21="U11/U12","5x2",IF(F21="U9/U10","5x2","4 Minitore"))))))) | I21: =IF(F21="Großfeld","5",IF(F21="U16","5",IF(F21="U15","5",IF(F21="U14","4",IF(F21="U13","4",IF(F21="U11/U12","4",IF(F21="U9/U10","4",IF(F21="U9","4","3")))))))) | J21: =IF(A21="KM Neufeld","Pleninger Stefan",IF(A21="U16 LL","Josch Kögl",IF(A21="U15 LL Nord","Serdar Ekinci",IF(A21="U14 Nord","Gernot Servelda",IF(A21="U13 - Nord","Thomas Pöschl & Lenz Honc",IF(A21="U11 Nord D","Mario Magler&Ronny Archam",IF(A21="U9","Thomas Brandl&Daniel Hofbauer",IF(A21="U8","Berger Tobias&Sebastian Putric",IF(A21="U7","Türkes Ömer&Mahsumi Taha",IF(A21="Camp","Berger Dieter",IF(A21="Turnier","Berger Dieter","FEHLER"))))))))))) | K21: =IF(A21="KM Neufeld","+43 664 415 99 09",IF(A21="U16 LL","+43 650 262 82 63",IF(A21="U15 LL Nord","+43 650 701 02 44",IF(A21="U14 - Nord","+43 676 401 09 13",IF(A21="U13 - Nord","+43 677 613 55 114 & +43 664 114 43 52",IF(A21="U11 Nord D","+43 664 762 09 93 & +43 699 111 93 828",IF(A21="U9","+43 676 377 16 30 & +43 399 197 871 81",IF(A21="U8","+43 660 199 13 52 & +43 660 914 92 36",IF(A21="U7","+43 676 661 62 26 & +43 681 208 115 99",IF(A21="Camp","+43 660 77 39 500",IF(A21="Turnier","+43 660 77 39 500","FEHLER")))))))))))
A22: =Heimspiele!C23 | B22: =Heimspiele!D23 | D22: =Heimspiele!F23 | E22: =Heimspiele!G23 | F22: Großfeld | G22: =IF(F22="Großfeld","Großfeld",IF(F22="U16","Großfeld",IF(F22="U15","Großfeld",IF(F22="U14","Großfeld",IF(F22="U13","75x55",IF(F22="U11/U12","55x40",IF(F22="U9/U10","40x25",IF(F22="U8","29x22","25x20")))))))) | H22: =IF(F22="Großfeld","7,32x2,44",IF(F22="U16","7,32x2,44",IF(F22="U15","7,32x2,44",IF(F22="U14","7,32x2,44",IF(F22="U13","5x2",IF(F22="U11/U12","5x2",IF(F22="U9/U10","5x2","4 Minitore"))))))) | I22: =IF(F22="Großfeld","5",IF(F22="U16","5",IF(F22="U15","5",IF(F22="U14","4",IF(F22="U13","4",IF(F22="U11/U12","4",IF(F22="U9/U10","4",IF(F22="U9","4","3")))))))) | J22: =IF(A22="KM Neufeld","Pleninger Stefan",IF(A22="U16 LL","Josch Kögl",IF(A22="U15 LL Nord","Serdar Ekinci",IF(A22="U14 Nord","Gernot Servelda",IF(A22="U13 - Nord","Thomas Pöschl & Lenz Honc",IF(A22="U11 Nord D","Mario Magler&Ronny Archam",IF(A22="U9","Thomas Brandl&Daniel Hofbauer",IF(A22="U8","Berger Tobias&Sebastian Putric",IF(A22="U7","Türkes Ömer&Mahsumi Taha",IF(A22="Camp","Berger Dieter",IF(A22="Turnier","Berger Dieter","FEHLER"))))))))))) | K22: =IF(A22="KM Neufeld","+43 664 415 99 09",IF(A22="U16 LL","+43 650 262 82 63",IF(A22="U15 LL Nord","+43 650 701 02 44",IF(A22="U14 - Nord","+43 676 401 09 13",IF(A22="U13 - Nord","+43 677 613 55 114 & +43 664 114 43 52",IF(A22="U11 Nord D","+43 664 762 09 93 & +43 699 111 93 828",IF(A22="U9","+43 676 377 16 30 & +43 399 197 871 81",IF(A22="U8","+43 660 199 13 52 & +43 660 914 92 36",IF(A22="U7","+43 676 661 62 26 & +43 681 208 115 99",IF(A22="Camp","+43 660 77 39 500",IF(A22="Turnier","+43 660 77 39 500","FEHLER")))))))))))
A23: =Heimspiele!C9 | B23: =Heimspiele!D9 | C23: =Heimspiele!E9 | D23: =Heimspiele!F9 | E23: =Heimspiele!G9 | F23: Großfeld | G23: =IF(F23="Großfeld","Großfeld",IF(F23="U16","Großfeld",IF(F23="U15","Großfeld",IF(F23="U14","Großfeld",IF(F23="U13","75x55",IF(F23="U11/U12","55x40",IF(F23="U9/U10","40x25",IF(F23="U8","29x22","25x20")))))))) | H23: keine | I23: 3 | J23: =IF(A23="KM Neufeld","Pleninger Stefan",IF(A23="U16 LL","Josch Kögl",IF(A23="U15 LL Nord","Serdar Ekinci",IF(A23="U14 Nord","Gernot Servelda",IF(A23="U13 Nord","Thomas Pöschl & Lenz Honc",IF(A23="U11 Nord D","Mario Magler&Ronny Archam",IF(A23="U9","Thomas Brandl&Daniel Hofbauer",IF(A23="U8","Berger Tobias&Sebastian Putric",IF(A23="U7","Türkes Ömer&Mahsumi Taha",IF(A23="Camp","Berger Dieter",IF(A23="Turnier","Berger Dieter","FEHLER"))))))))))) | K23: =IF(A23="KM Neufeld","+43 664 415 99 09",IF(A23="U16 LL","+43 650 262 82 63",IF(A23="U15 LL Nord","+43 650 701 02 44",IF(A23="U14 Nord","+43 676 401 09 13",IF(A23="U13 Nord","+43 677 613 55 114 & +43 664 114 43 52",IF(A23="U11 Nord D","+43 664 762 09 93 & +43 699 111 93 828",IF(A23="U9","+43 676 377 16 30 & +43 399 197 871 81",IF(A23="U8","+43 660 199 13 52 & +43 660 914 92 36",IF(A23="U7","+43 676 661 62 26 & +43 681 208 115 99",IF(A23="Camp","+43 660 77 39 500",IF(A23="Turnier","+43 660 77 39 500","FEHLER")))))))))))
A24: =Heimspiele!C25 | B24: =Heimspiele!D25 | D24: =Heimspiele!F25 | E24: =Heimspiele!G25 | F24: Großfeld | G24: =IF(F24="Großfeld","Großfeld",IF(F24="U16","Großfeld",IF(F24="U15","Großfeld",IF(F24="U14","Großfeld",IF(F24="U13","75x55",IF(F24="U11/U12","55x40",IF(F24="U9/U10","40x25",IF(F24="U8","29x22","25x20")))))))) | H24: =IF(F24="Großfeld","7,32x2,44",IF(F24="U16","7,32x2,44",IF(F24="U15","7,32x2,44",IF(F24="U14","7,32x2,44",IF(F24="U13","5x2",IF(F24="U11/U12","5x2",IF(F24="U9/U10","5x2","4 Minitore"))))))) | I24: =IF(F24="Großfeld","5",IF(F24="U16","5",IF(F24="U15","5",IF(F24="U14","4",IF(F24="U13","4",IF(F24="U11/U12","4",IF(F24="U9/U10","4",IF(F24="U9","4","3")))))))) | J24: =IF(A24="KM Neufeld","Pleninger Stefan",IF(A24="U16 LL","Josch Kögl",IF(A24="U15 LL Nord","Serdar Ekinci",IF(A24="U14 Nord","Gernot Servelda",IF(A24="U13 - Nord","Thomas Pöschl & Lenz Honc",IF(A24="U11 Nord D","Mario Magler&Ronny Archam",IF(A24="U9","Thomas Brandl&Daniel Hofbauer",IF(A24="U8","Berger Tobias&Sebastian Putric",IF(A24="U7","Türkes Ömer&Mahsumi Taha",IF(A24="Camp","Berger Dieter",IF(A24="Turnier","Berger Dieter","FEHLER"))))))))))) | K24: =IF(A24="KM Neufeld","+43 664 415 99 09",IF(A24="U16 LL","+43 650 262 82 63",IF(A24="U15 LL Nord","+43 650 701 02 44",IF(A24="U14 - Nord","+43 676 401 09 13",IF(A24="U13 - Nord","+43 677 613 55 114 & +43 664 114 43 52",IF(A24="U11 Nord D","+43 664 762 09 93 & +43 699 111 93 828",IF(A24="U9","+43 676 377 16 30 & +43 399 197 871 81",IF(A24="U8","+43 660 199 13 52 & +43 660 914 92 36",IF(A24="U7","+43 676 661 62 26 & +43 681 208 115 99",IF(A24="Camp","+43 660 77 39 500",IF(A24="Turnier","+43 660 77 39 500","FEHLER")))))))))))
A25: =Heimspiele!C11 | B25: =Heimspiele!D11 | C25: =Heimspiele!E11 | D25: =Heimspiele!F11 | E25: =Heimspiele!G11 | F25: Großfeld | G25: =IF(F25="Großfeld","Großfeld",IF(F25="U16","Großfeld",IF(F25="U15","Großfeld",IF(F25="U14","Großfeld",IF(F25="U13","75x55",IF(F25="U11/U12","55x40",IF(F25="U9/U10","40x25",IF(F25="U8","29x22","25x20")))))))) | H25: keine | I25: 3 | J25: =IF(A25="KM Neufeld","Pleninger Stefan",IF(A25="U16 LL","Josch Kögl",IF(A25="U15 LL Nord","Serdar Ekinci",IF(A25="U14 Nord","Gernot Servelda",IF(A25="U13 Nord","Thomas Pöschl & Lenz Honc",IF(A25="U11 Nord D","Mario Magler&Ronny Archam",IF(A25="U9","Thomas Brandl&Daniel Hofbauer",IF(A25="U8","Berger Tobias&Sebastian Putric",IF(A25="U7","Türkes Ömer&Mahsumi Taha",IF(A25="Camp","Berger Dieter",IF(A25="Turnier","Berger Dieter","FEHLER"))))))))))) | K25: =IF(A25="KM Neufeld","+43 664 415 99 09",IF(A25="U16 LL","+43 650 262 82 63",IF(A25="U15 LL Nord","+43 650 701 02 44",IF(A25="U14 Nord","+43 676 401 09 13",IF(A25="U13 Nord","+43 677 613 55 114 & +43 664 114 43 52",IF(A25="U11 Nord D","+43 664 762 09 93 & +43 699 111 93 828",IF(A25="U9","+43 676 377 16 30 & +43 399 197 871 81",IF(A25="U8","+43 660 199 13 52 & +43 660 914 92 36",IF(A25="U7","+43 676 661 62 26 & +43 681 208 115 99",IF(A25="Camp","+43 660 77 39 500",IF(A25="Turnier","+43 660 77 39 500","FEHLER")))))))))))
A26: =Heimspiele!C27 | B26: =Heimspiele!D27 | D26: =Heimspiele!F27 | E26: =Heimspiele!G27 | F26: Großfeld | G26: =IF(F26="Großfeld","Großfeld",IF(F26="U16","Großfeld",IF(F26="U15","Großfeld",IF(F26="U14","Großfeld",IF(F26="U13","75x55",IF(F26="U11/U12","55x40",IF(F26="U9/U10","40x25",IF(F26="U8","29x22","25x20")))))))) | H26: =IF(F26="Großfeld","7,32x2,44",IF(F26="U16","7,32x2,44",IF(F26="U15","7,32x2,44",IF(F26="U14","7,32x2,44",IF(F26="U13","5x2",IF(F26="U11/U12","5x2",IF(F26="U9/U10","5x2","4 Minitore"))))))) | I26: =IF(F26="Großfeld","5",IF(F26="U16","5",IF(F26="U15","5",IF(F26="U14","4",IF(F26="U13","4",IF(F26="U11/U12","4",IF(F26="U9/U10","4",IF(F26="U9","4","3")))))))) | J26: =IF(A26="KM Neufeld","Pleninger Stefan",IF(A26="U16 LL","Josch Kögl",IF(A26="U15 LL Nord","Serdar Ekinci",IF(A26="U14 Nord","Gernot Servelda",IF(A26="U13 - Nord","Thomas Pöschl & Lenz Honc",IF(A26="U11 Nord D","Mario Magler&Ronny Archam",IF(A26="U9","Thomas Brandl&Daniel Hofbauer",IF(A26="U8","Berger Tobias&Sebastian Putric",IF(A26="U7","Türkes Ömer&Mahsumi Taha",IF(A26="Camp","Berger Dieter",IF(A26="Turnier","Berger Dieter","FEHLER"))))))))))) | K26: =IF(A26="KM Neufeld","+43 664 415 99 09",IF(A26="U16 LL","+43 650 262 82 63",IF(A26="U15 LL Nord","+43 650 701 02 44",IF(A26="U14 - Nord","+43 676 401 09 13",IF(A26="U13 - Nord","+43 677 613 55 114 & +43 664 114 43 52",IF(A26="U11 Nord D","+43 664 762 09 93 & +43 699 111 93 828",IF(A26="U9","+43 676 377 16 30 & +43 399 197 871 81",IF(A26="U8","+43 660 199 13 52 & +43 660 914 92 36",IF(A26="U7","+43 676 661 62 26 & +43 681 208 115 99",IF(A26="Camp","+43 660 77 39 500",IF(A26="Turnier","+43 660 77 39 500","FEHLER")))))))))))
A27: =Heimspiele!C28 | B27: =Heimspiele!D28 | D27: =Heimspiele!F28 | E27: =Heimspiele!G28 | F27: Großfeld | G27: =IF(F27="Großfeld","Großfeld",IF(F27="U16","Großfeld",IF(F27="U15","Großfeld",IF(F27="U14","Großfeld",IF(F27="U13","75x55",IF(F27="U11/U12","55x40",IF(F27="U9/U10","40x25",IF(F27="U8","29x22","25x20")))))))) | H27: =IF(F27="Großfeld","7,32x2,44",IF(F27="U16","7,32x2,44",IF(F27="U15","7,32x2,44",IF(F27="U14","7,32x2,44",IF(F27="U13","5x2",IF(F27="U11/U12","5x2",IF(F27="U9/U10","5x2","4 Minitore"))))))) | I27: =IF(F27="Großfeld","5",IF(F27="U16","5",IF(F27="U15","5",IF(F27="U14","4",IF(F27="U13","4",IF(F27="U11/U12","4",IF(F27="U9/U10","4",IF(F27="U9","4","3")))))))) | J27: =IF(A27="KM Neufeld","Pleninger Stefan",IF(A27="U16 LL","Josch Kögl",IF(A27="U15 LL Nord","Serdar Ekinci",IF(A27="U14 Nord","Gernot Servelda",IF(A27="U13 - Nord","Thomas Pöschl & Lenz Honc",IF(A27="U11 Nord D","Mario Magler&Ronny Archam",IF(A27="U9","Thomas Brandl&Daniel Hofbauer",IF(A27="U8","Berger Tobias&Sebastian Putric",IF(A27="U7","Türkes Ömer&Mahsumi Taha",IF(A27="Camp","Berger Dieter",IF(A27="Turnier","Berger Dieter","FEHLER"))))))))))) | K27: =IF(A27="KM Neufeld","+43 664 415 99 09",IF(A27="U16 LL","+43 650 262 82 63",IF(A27="U15 LL Nord","+43 650 701 02 44",IF(A27="U14 - Nord","+43 676 401 09 13",IF(A27="U13 - Nord","+43 677 613 55 114 & +43 664 114 43 52",IF(A27="U11 Nord D","+43 664 762 09 93 & +43 699 111 93 828",IF(A27="U9","+43 676 377 16 30 & +43 399 197 871 81",IF(A27="U8","+43 660 199 13 52 & +43 660 914 92 36",IF(A27="U7","+43 676 661 62 26 & +43 681 208 115 99",IF(A27="Camp","+43 660 77 39 500",IF(A27="Turnier","+43 660 77 39 500","FEHLER")))))))))))
A28: =Heimspiele!C14 | B28: =Heimspiele!D14 | C28: =Heimspiele!E14 | D28: =Heimspiele!F14 | E28: =Heimspiele!G14 | F28: Großfeld | G28: =IF(F28="Großfeld","Großfeld",IF(F28="U16","Großfeld",IF(F28="U15","Großfeld",IF(F28="U14","Großfeld",IF(F28="U13","75x55",IF(F28="U11/U12","55x40",IF(F28="U9/U10","40x25",IF(F28="U8","29x22","25x20")))))))) | H28: keine | I28: 3 | J28: =IF(A28="KM Neufeld","Pleninger Stefan",IF(A28="U16 LL","Josch Kögl",IF(A28="U15 LL Nord","Serdar Ekinci",IF(A28="U14 Nord","Gernot Servelda",IF(A28="U13 Nord","Thomas Pöschl & Lenz Honc",IF(A28="U11 Nord D","Mario Magler&Ronny Archam",IF(A28="U9","Thomas Brandl&Daniel Hofbauer",IF(A28="U8","Berger Tobias&Sebastian Putric",IF(A28="U7","Türkes Ömer&Mahsumi Taha",IF(A28="Camp","Berger Dieter",IF(A28="Turnier","Berger Dieter","FEHLER"))))))))))) | K28: =IF(A28="KM Neufeld","+43 664 415 99 09",IF(A28="U16 LL","+43 650 262 82 63",IF(A28="U15 LL Nord","+43 650 701 02 44",IF(A28="U14 Nord","+43 676 401 09 13",IF(A28="U13 Nord","+43 677 613 55 114 & +43 664 114 43 52",IF(A28="U11 Nord D","+43 664 762 09 93 & +43 699 111 93 828",IF(A28="U9","+43 676 377 16 30 & +43 399 197 871 81",IF(A28="U8","+43 660 199 13 52 & +43 660 914 92 36",IF(A28="U7","+43 676 661 62 26 & +43 681 208 115 99",IF(A28="Camp","+43 660 77 39 500",IF(A28="Turnier","+43 660 77 39 500","FEHLER")))))))))))
A29: =Heimspiele!C30 | B29: =Heimspiele!D30 | D29: =Heimspiele!F30 | E29: =Heimspiele!G30 | F29: Großfeld | G29: =IF(F29="Großfeld","Großfeld",IF(F29="U16","Großfeld",IF(F29="U15","Großfeld",IF(F29="U14","Großfeld",IF(F29="U13","75x55",IF(F29="U11/U12","55x40",IF(F29="U9/U10","40x25",IF(F29="U8","29x22","25x20")))))))) | H29: =IF(F29="Großfeld","7,32x2,44",IF(F29="U16","7,32x2,44",IF(F29="U15","7,32x2,44",IF(F29="U14","7,32x2,44",IF(F29="U13","5x2",IF(F29="U11/U12","5x2",IF(F29="U9/U10","5x2","4 Minitore"))))))) | I29: =IF(F29="Großfeld","5",IF(F29="U16","5",IF(F29="U15","5",IF(F29="U14","4",IF(F29="U13","4",IF(F29="U11/U12","4",IF(F29="U9/U10","4",IF(F29="U9","4","3")))))))) | J29: =IF(A29="KM Neufeld","Pleninger Stefan",IF(A29="U16 LL","Josch Kögl",IF(A29="U15 LL Nord","Serdar Ekinci",IF(A29="U14 Nord","Gernot Servelda",IF(A29="U13 - Nord","Thomas Pöschl & Lenz Honc",IF(A29="U11 Nord D","Mario Magler&Ronny Archam",IF(A29="U9","Thomas Brandl&Daniel Hofbauer",IF(A29="U8","Berger Tobias&Sebastian Putric",IF(A29="U7","Türkes Ömer&Mahsumi Taha",IF(A29="Camp","Berger Dieter",IF(A29="Turnier","Berger Dieter","FEHLER"))))))))))) | K29: =IF(A29="KM Neufeld","+43 664 415 99 09",IF(A29="U16 LL","+43 650 262 82 63",IF(A29="U15 LL Nord","+43 650 701 02 44",IF(A29="U14 - Nord","+43 676 401 09 13",IF(A29="U13 - Nord","+43 677 613 55 114 & +43 664 114 43 52",IF(A29="U11 Nord D","+43 664 762 09 93 & +43 699 111 93 828",IF(A29="U9","+43 676 377 16 30 & +43 399 197 871 81",IF(A29="U8","+43 660 199 13 52 & +43 660 914 92 36",IF(A29="U7","+43 676 661 62 26 & +43 681 208 115 99",IF(A29="Camp","+43 660 77 39 500",IF(A29="Turnier","+43 660 77 39 500","FEHLER")))))))))))
A30: =Heimspiele!C31 | B30: =Heimspiele!D31 | D30: =Heimspiele!F31 | E30: =Heimspiele!G31 | F30: Großfeld | G30: =IF(F30="Großfeld","Großfeld",IF(F30="U16","Großfeld",IF(F30="U15","Großfeld",IF(F30="U14","Großfeld",IF(F30="U13","75x55",IF(F30="U11/U12","55x40",IF(F30="U9/U10","40x25",IF(F30="U8","29x22","25x20")))))))) | H30: =IF(F30="Großfeld","7,32x2,44",IF(F30="U16","7,32x2,44",IF(F30="U15","7,32x2,44",IF(F30="U14","7,32x2,44",IF(F30="U13","5x2",IF(F30="U11/U12","5x2",IF(F30="U9/U10","5x2","4 Minitore"))))))) | I30: =IF(F30="Großfeld","5",IF(F30="U16","5",IF(F30="U15","5",IF(F30="U14","4",IF(F30="U13","4",IF(F30="U11/U12","4",IF(F30="U9/U10","4",IF(F30="U9","4","3")))))))) | J30: =IF(A30="KM Neufeld","Pleninger Stefan",IF(A30="U16 LL","Josch Kögl",IF(A30="U15 LL Nord","Serdar Ekinci",IF(A30="U14 Nord","Gernot Servelda",IF(A30="U13 - Nord","Thomas Pöschl & Lenz Honc",IF(A30="U11 Nord D","Mario Magler&Ronny Archam",IF(A30="U9","Thomas Brandl&Daniel Hofbauer",IF(A30="U8","Berger Tobias&Sebastian Putric",IF(A30="U7","Türkes Ömer&Mahsumi Taha",IF(A30="Camp","Berger Dieter",IF(A30="Turnier","Berger Dieter","FEHLER"))))))))))) | K30: =IF(A30="KM Neufeld","+43 664 415 99 09",IF(A30="U16 LL","+43 650 262 82 63",IF(A30="U15 LL Nord","+43 650 701 02 44",IF(A30="U14 - Nord","+43 676 401 09 13",IF(A30="U13 - Nord","+43 677 613 55 114 & +43 664 114 43 52",IF(A30="U11 Nord D","+43 664 762 09 93 & +43 699 111 93 828",IF(A30="U9","+43 676 377 16 30 & +43 399 197 871 81",IF(A30="U8","+43 660 199 13 52 & +43 660 914 92 36",IF(A30="U7","+43 676 661 62 26 & +43 681 208 115 99",IF(A30="Camp","+43 660 77 39 500",IF(A30="Turnier","+43 660 77 39 500","FEHLER")))))))))))
A31: =Heimspiele!C32 | B31: =Heimspiele!D32 | D31: =Heimspiele!F32 | E31: =Heimspiele!G32 | F31: Großfeld | G31: =IF(F31="Großfeld","Großfeld",IF(F31="U16","Großfeld",IF(F31="U15","Großfeld",IF(F31="U14","Großfeld",IF(F31="U13","75x55",IF(F31="U11/U12","55x40",IF(F31="U9/U10","40x25",IF(F31="U8","29x22","25x20")))))))) | H31: =IF(F31="Großfeld","7,32x2,44",IF(F31="U16","7,32x2,44",IF(F31="U15","7,32x2,44",IF(F31="U14","7,32x2,44",IF(F31="U13","5x2",IF(F31="U11/U12","5x2",IF(F31="U9/U10","5x2","4 Minitore"))))))) | I31: =IF(F31="Großfeld","5",IF(F31="U16","5",IF(F31="U15","5",IF(F31="U14","4",IF(F31="U13","4",IF(F31="U11/U12","4",IF(F31="U9/U10","4",IF(F31="U9","4","3")))))))) | J31: =IF(A31="KM Neufeld","Pleninger Stefan",IF(A31="U16 LL","Josch Kögl",IF(A31="U15 LL Nord","Serdar Ekinci",IF(A31="U14 Nord","Gernot Servelda",IF(A31="U13 - Nord","Thomas Pöschl & Lenz Honc",IF(A31="U11 Nord D","Mario Magler&Ronny Archam",IF(A31="U9","Thomas Brandl&Daniel Hofbauer",IF(A31="U8","Berger Tobias&Sebastian Putric",IF(A31="U7","Türkes Ömer&Mahsumi Taha",IF(A31="Camp","Berger Dieter",IF(A31="Turnier","Berger Dieter","FEHLER"))))))))))) | K31: =IF(A31="KM Neufeld","+43 664 415 99 09",IF(A31="U16 LL","+43 650 262 82 63",IF(A31="U15 LL Nord","+43 650 701 02 44",IF(A31="U14 - Nord","+43 676 401 09 13",IF(A31="U13 - Nord","+43 677 613 55 114 & +43 664 114 43 52",IF(A31="U11 Nord D","+43 664 762 09 93 & +43 699 111 93 828",IF(A31="U9","+43 676 377 16 30 & +43 399 197 871 81",IF(A31="U8","+43 660 199 13 52 & +43 660 914 92 36",IF(A31="U7","+43 676 661 62 26 & +43 681 208 115 99",IF(A31="Camp","+43 660 77 39 500",IF(A31="Turnier","+43 660 77 39 500","FEHLER")))))))))))
A32: =Heimspiele!C33 | B32: =Heimspiele!D33 | D32: =Heimspiele!F33 | E32: =Heimspiele!G33 | F32: Großfeld | G32: =IF(F32="Großfeld","Großfeld",IF(F32="U16","Großfeld",IF(F32="U15","Großfeld",IF(F32="U14","Großfeld",IF(F32="U13","75x55",IF(F32="U11/U12","55x40",IF(F32="U9/U10","40x25",IF(F32="U8","29x22","25x20")))))))) | H32: =IF(F32="Großfeld","7,32x2,44",IF(F32="U16","7,32x2,44",IF(F32="U15","7,32x2,44",IF(F32="U14","7,32x2,44",IF(F32="U13","5x2",IF(F32="U11/U12","5x2",IF(F32="U9/U10","5x2","4 Minitore"))))))) | I32: =IF(F32="Großfeld","5",IF(F32="U16","5",IF(F32="U15","5",IF(F32="U14","4",IF(F32="U13","4",IF(F32="U11/U12","4",IF(F32="U9/U10","4",IF(F32="U9","4","3")))))))) | J32: =IF(A32="KM Neufeld","Pleninger Stefan",IF(A32="U16 LL","Josch Kögl",IF(A32="U15 LL Nord","Serdar Ekinci",IF(A32="U14 Nord","Gernot Servelda",IF(A32="U13 - Nord","Thomas Pöschl & Lenz Honc",IF(A32="U11 Nord D","Mario Magler&Ronny Archam",IF(A32="U9","Thomas Brandl&Daniel Hofbauer",IF(A32="U8","Berger Tobias&Sebastian Putric",IF(A32="U7","Türkes Ömer&Mahsumi Taha",IF(A32="Camp","Berger Dieter",IF(A32="Turnier","Berger Dieter","FEHLER"))))))))))) | K32: =IF(A32="KM Neufeld","+43 664 415 99 09",IF(A32="U16 LL","+43 650 262 82 63",IF(A32="U15 LL Nord","+43 650 701 02 44",IF(A32="U14 - Nord","+43 676 401 09 13",IF(A32="U13 - Nord","+43 677 613 55 114 & +43 664 114 43 52",IF(A32="U11 Nord D","+43 664 762 09 93 & +43 699 111 93 828",IF(A32="U9","+43 676 377 16 30 & +43 399 197 871 81",IF(A32="U8","+43 660 199 13 52 & +43 660 914 92 36",IF(A32="U7","+43 676 661 62 26 & +43 681 208 115 99",IF(A32="Camp","+43 660 77 39 500",IF(A32="Turnier","+43 660 77 39 500","FEHLER")))))))))))
A33: =Heimspiele!C34 | B33: =Heimspiele!D34 | D33: =Heimspiele!F34 | E33: =Heimspiele!G34 | F33: Großfeld | G33: =IF(F33="Großfeld","Großfeld",IF(F33="U16","Großfeld",IF(F33="U15","Großfeld",IF(F33="U14","Großfeld",IF(F33="U13","75x55",IF(F33="U11/U12","55x40",IF(F33="U9/U10","40x25",IF(F33="U8","29x22","25x20")))))))) | H33: =IF(F33="Großfeld","7,32x2,44",IF(F33="U16","7,32x2,44",IF(F33="U15","7,32x2,44",IF(F33="U14","7,32x2,44",IF(F33="U13","5x2",IF(F33="U11/U12","5x2",IF(F33="U9/U10","5x2","4 Minitore"))))))) | I33: =IF(F33="Großfeld","5",IF(F33="U16","5",IF(F33="U15","5",IF(F33="U14","4",IF(F33="U13","4",IF(F33="U11/U12","4",IF(F33="U9/U10","4",IF(F33="U9","4","3")))))))) | J33: =IF(A33="KM Neufeld","Pleninger Stefan",IF(A33="U16 LL","Josch Kögl",IF(A33="U15 LL Nord","Serdar Ekinci",IF(A33="U14 Nord","Gernot Servelda",IF(A33="U13 - Nord","Thomas Pöschl & Lenz Honc",IF(A33="U11 Nord D","Mario Magler&Ronny Archam",IF(A33="U9","Thomas Brandl&Daniel Hofbauer",IF(A33="U8","Berger Tobias&Sebastian Putric",IF(A33="U7","Türkes Ömer&Mahsumi Taha",IF(A33="Camp","Berger Dieter",IF(A33="Turnier","Berger Dieter","FEHLER"))))))))))) | K33: =IF(A33="KM Neufeld","+43 664 415 99 09",IF(A33="U16 LL","+43 650 262 82 63",IF(A33="U15 LL Nord","+43 650 701 02 44",IF(A33="U14 - Nord","+43 676 401 09 13",IF(A33="U13 - Nord","+43 677 613 55 114 & +43 664 114 43 52",IF(A33="U11 Nord D","+43 664 762 09 93 & +43 699 111 93 828",IF(A33="U9","+43 676 377 16 30 & +43 399 197 871 81",IF(A33="U8","+43 660 199 13 52 & +43 660 914 92 36",IF(A33="U7","+43 676 661 62 26 & +43 681 208 115 99",IF(A33="Camp","+43 660 77 39 500",IF(A33="Turnier","+43 660 77 39 500","FEHLER")))))))))))
A34: =Heimspiele!C18 | B34: =Heimspiele!D18 | C34: =Heimspiele!E18 | D34: =Heimspiele!F18 | E34: =Heimspiele!G18 | F34: Großfeld | G34: =IF(F34="Großfeld","Großfeld",IF(F34="U16","Großfeld",IF(F34="U15","Großfeld",IF(F34="U14","Großfeld",IF(F34="U13","75x55",IF(F34="U11/U12","55x40",IF(F34="U9/U10","40x25",IF(F34="U8","29x22","25x20")))))))) | H34: =IF(F34="Großfeld","7,32x2,44",IF(F34="U16","7,32x2,44",IF(F34="U15","7,32x2,44",IF(F34="U14","7,32x2,44",IF(F34="U13","5x2",IF(F34="U11/U12","5x2",IF(F34="U9/U10","5x2","4 Minitore"))))))) | I34: =IF(F34="Großfeld","5",IF(F34="U16","5",IF(F34="U15","5",IF(F34="U14","4",IF(F34="U13","4",IF(F34="U11/U12","4",IF(F34="U9/U10","4",IF(F34="U9","4","3")))))))) | J34: =IF(A34="KM Neufeld","Pleninger Stefan",IF(A34="U16 LL","Josch Kögl",IF(A34="U15 LL Nord","Serdar Ekinci",IF(A34="U14 Nord","Gernot Servelda",IF(A34="U13 Nord","Thomas Pöschl & Lenz Honc",IF(A34="U11 Nord D","Mario Magler&Ronny Archam",IF(A34="U9","Thomas Brandl&Daniel Hofbauer",IF(A34="U8","Berger Tobias&Sebastian Putric",IF(A34="U7","Türkes Ömer&Mahsumi Taha",IF(A34="Camp","Berger Dieter",IF(A34="Turnier","Berger Dieter","FEHLER"))))))))))) | K34: =IF(A34="KM Neufeld","+43 664 415 99 09",IF(A34="U16 LL","+43 650 262 82 63",IF(A34="U15 LL Nord","+43 650 701 02 44",IF(A34="U14 Nord","+43 676 401 09 13",IF(A34="U13 Nord","+43 677 613 55 114 & +43 664 114 43 52",IF(A34="U11 Nord D","+43 664 762 09 93 & +43 699 111 93 828",IF(A34="U9","+43 676 377 16 30 & +43 399 197 871 81",IF(A34="U8","+43 660 199 13 52 & +43 660 914 92 36",IF(A34="U7","+43 676 661 62 26 & +43 681 208 115 99",IF(A34="Camp","+43 660 77 39 500",IF(A34="Turnier","+43 660 77 39 500","FEHLER")))))))))))
A35: =Heimspiele!C36 | B35: =Heimspiele!D36 | D35: =Heimspiele!F36 | E35: =Heimspiele!G36 | F35: Großfeld | G35: =IF(F35="Großfeld","Großfeld",IF(F35="U16","Großfeld",IF(F35="U15","Großfeld",IF(F35="U14","Großfeld",IF(F35="U13","75x55",IF(F35="U11/U12","55x40",IF(F35="U9/U10","40x25",IF(F35="U8","29x22","25x20")))))))) | H35: =IF(F35="Großfeld","7,32x2,44",IF(F35="U16","7,32x2,44",IF(F35="U15","7,32x2,44",IF(F35="U14","7,32x2,44",IF(F35="U13","5x2",IF(F35="U11/U12","5x2",IF(F35="U9/U10","5x2","4 Minitore"))))))) | I35: =IF(F35="Großfeld","5",IF(F35="U16","5",IF(F35="U15","5",IF(F35="U14","4",IF(F35="U13","4",IF(F35="U11/U12","4",IF(F35="U9/U10","4",IF(F35="U9","4","3")))))))) | J35: =IF(A35="KM Neufeld","Pleninger Stefan",IF(A35="U16 LL","Josch Kögl",IF(A35="U15 LL Nord","Serdar Ekinci",IF(A35="U14 Nord","Gernot Servelda",IF(A35="U13 - Nord","Thomas Pöschl & Lenz Honc",IF(A35="U11 Nord D","Mario Magler&Ronny Archam",IF(A35="U9","Thomas Brandl&Daniel Hofbauer",IF(A35="U8","Berger Tobias&Sebastian Putric",IF(A35="U7","Türkes Ömer&Mahsumi Taha",IF(A35="Camp","Berger Dieter",IF(A35="Turnier","Berger Dieter","FEHLER"))))))))))) | K35: =IF(A35="KM Neufeld","+43 664 415 99 09",IF(A35="U16 LL","+43 650 262 82 63",IF(A35="U15 LL Nord","+43 650 701 02 44",IF(A35="U14 - Nord","+43 676 401 09 13",IF(A35="U13 - Nord","+43 677 613 55 114 & +43 664 114 43 52",IF(A35="U11 Nord D","+43 664 762 09 93 & +43 699 111 93 828",IF(A35="U9","+43 676 377 16 30 & +43 399 197 871 81",IF(A35="U8","+43 660 199 13 52 & +43 660 914 92 36",IF(A35="U7","+43 676 661 62 26 & +43 681 208 115 99",IF(A35="Camp","+43 660 77 39 500",IF(A35="Turnier","+43 660 77 39 500","FEHLER")))))))))))
A36: =Heimspiele!C37 | B36: =Heimspiele!D37 | D36: =Heimspiele!F37 | E36: =Heimspiele!G37 | F36: Großfeld | G36: =IF(F36="Großfeld","Großfeld",IF(F36="U16","Großfeld",IF(F36="U15","Großfeld",IF(F36="U14","Großfeld",IF(F36="U13","75x55",IF(F36="U11/U12","55x40",IF(F36="U9/U10","40x25",IF(F36="U8","29x22","25x20")))))))) | H36: =IF(F36="Großfeld","7,32x2,44",IF(F36="U16","7,32x2,44",IF(F36="U15","7,32x2,44",IF(F36="U14","7,32x2,44",IF(F36="U13","5x2",IF(F36="U11/U12","5x2",IF(F36="U9/U10","5x2","4 Minitore"))))))) | I36: =IF(F36="Großfeld","5",IF(F36="U16","5",IF(F36="U15","5",IF(F36="U14","4",IF(F36="U13","4",IF(F36="U11/U12","4",IF(F36="U9/U10","4",IF(F36="U9","4","3")))))))) | J36: =IF(A36="KM Neufeld","Pleninger Stefan",IF(A36="U16 LL","Josch Kögl",IF(A36="U15 LL Nord","Serdar Ekinci",IF(A36="U14 Nord","Gernot Servelda",IF(A36="U13 - Nord","Thomas Pöschl & Lenz Honc",IF(A36="U11 Nord D","Mario Magler&Ronny Archam",IF(A36="U9","Thomas Brandl&Daniel Hofbauer",IF(A36="U8","Berger Tobias&Sebastian Putric",IF(A36="U7","Türkes Ömer&Mahsumi Taha",IF(A36="Camp","Berger Dieter",IF(A36="Turnier","Berger Dieter","FEHLER"))))))))))) | K36: =IF(A36="KM Neufeld","+43 664 415 99 09",IF(A36="U16 LL","+43 650 262 82 63",IF(A36="U15 LL Nord","+43 650 701 02 44",IF(A36="U14 - Nord","+43 676 401 09 13",IF(A36="U13 - Nord","+43 677 613 55 114 & +43 664 114 43 52",IF(A36="U11 Nord D","+43 664 762 09 93 & +43 699 111 93 828",IF(A36="U9","+43 676 377 16 30 & +43 399 197 871 81",IF(A36="U8","+43 660 199 13 52 & +43 660 914 92 36",IF(A36="U7","+43 676 661 62 26 & +43 681 208 115 99",IF(A36="Camp","+43 660 77 39 500",IF(A36="Turnier","+43 660 77 39 500","FEHLER")))))))))))
A37: =Heimspiele!C24 | B37: =Heimspiele!D24 | C37: =Heimspiele!E24 | D37: =Heimspiele!F24 | E37: =Heimspiele!G24 | F37: U9/U10 | G37: =IF(F37="Großfeld","Großfeld",IF(F37="U16","Großfeld",IF(F37="U15","Großfeld",IF(F37="U14","Großfeld",IF(F37="U13","75x55",IF(F37="U11/U12","55x40",IF(F37="U9/U10","40x25",IF(F37="U8","29x22","25x20")))))))) | H37: =IF(F37="Großfeld","7,32x2,44",IF(F37="U16","7,32x2,44",IF(F37="U15","7,32x2,44",IF(F37="U14","7,32x2,44",IF(F37="U13","5x2",IF(F37="U11/U12","5x2",IF(F37="U9/U10","5x2","4 Minitore"))))))) | I37: =IF(F37="Großfeld","5",IF(F37="U16","5",IF(F37="U15","5",IF(F37="U14","4",IF(F37="U13","4",IF(F37="U11/U12","4",IF(F37="U9/U10","4",IF(F37="U9","4","3")))))))) | J37: =IF(A37="KM Neufeld","Pleninger Stefan",IF(A37="U16 LL","Josch Kögl",IF(A37="U15 LL Nord","Serdar Ekinci",IF(A37="U14 Nord","Gernot Servelda",IF(A37="U13 Nord","Thomas Pöschl & Lenz Honc",IF(A37="U11 Nord D","Mario Magler&Ronny Archam",IF(A37="U9","Thomas Brandl&Daniel Hofbauer",IF(A37="U8","Berger Tobias&Sebastian Putric",IF(A37="U7","Türkes Ömer&Mahsumi Taha",IF(A37="Camp","Berger Dieter",IF(A37="Turnier","Berger Dieter","FEHLER"))))))))))) | K37: =IF(A37="KM Neufeld","+43 664 415 99 09",IF(A37="U16 LL","+43 650 262 82 63",IF(A37="U15 LL Nord","+43 650 701 02 44",IF(A37="U14 Nord","+43 676 401 09 13",IF(A37="U13 Nord","+43 677 613 55 114 & +43 664 114 43 52",IF(A37="U11 Nord D","+43 664 762 09 93 & +43 699 111 93 828",IF(A37="U9","+43 676 377 16 30 & +43 399 197 871 81",IF(A37="U8","+43 660 199 13 52 & +43 660 914 92 36",IF(A37="U7","+43 676 661 62 26 & +43 681 208 115 99",IF(A37="Camp","+43 660 77 39 500",IF(A37="Turnier","+43 660 77 39 500","FEHLER")))))))))))
A38: =Heimspiele!C39 | B38: =Heimspiele!D39 | D38: =Heimspiele!F39 | E38: =Heimspiele!G39 | F38: Großfeld | G38: =IF(F38="Großfeld","Großfeld",IF(F38="U16","Großfeld",IF(F38="U15","Großfeld",IF(F38="U14","Großfeld",IF(F38="U13","75x55",IF(F38="U11/U12","55x40",IF(F38="U9/U10","40x25",IF(F38="U8","29x22","25x20")))))))) | H38: =IF(F38="Großfeld","7,32x2,44",IF(F38="U16","7,32x2,44",IF(F38="U15","7,32x2,44",IF(F38="U14","7,32x2,44",IF(F38="U13","5x2",IF(F38="U11/U12","5x2",IF(F38="U9/U10","5x2","4 Minitore"))))))) | I38: =IF(F38="Großfeld","5",IF(F38="U16","5",IF(F38="U15","5",IF(F38="U14","4",IF(F38="U13","4",IF(F38="U11/U12","4",IF(F38="U9/U10","4",IF(F38="U9","4","3")))))))) | J38: =IF(A38="KM Neufeld","Pleninger Stefan",IF(A38="U16 LL","Josch Kögl",IF(A38="U15 LL Nord","Serdar Ekinci",IF(A38="U14 Nord","Gernot Servelda",IF(A38="U13 - Nord","Thomas Pöschl & Lenz Honc",IF(A38="U11 Nord D","Mario Magler&Ronny Archam",IF(A38="U9","Thomas Brandl&Daniel Hofbauer",IF(A38="U8","Berger Tobias&Sebastian Putric",IF(A38="U7","Türkes Ömer&Mahsumi Taha",IF(A38="Camp","Berger Dieter",IF(A38="Turnier","Berger Dieter","FEHLER"))))))))))) | K38: =IF(A38="KM Neufeld","+43 664 415 99 09",IF(A38="U16 LL","+43 650 262 82 63",IF(A38="U15 LL Nord","+43 650 701 02 44",IF(A38="U14 - Nord","+43 676 401 09 13",IF(A38="U13 - Nord","+43 677 613 55 114 & +43 664 114 43 52",IF(A38="U11 Nord D","+43 664 762 09 93 & +43 699 111 93 828",IF(A38="U9","+43 676 377 16 30 & +43 399 197 871 81",IF(A38="U8","+43 660 199 13 52 & +43 660 914 92 36",IF(A38="U7","+43 676 661 62 26 & +43 681 208 115 99",IF(A38="Camp","+43 660 77 39 500",IF(A38="Turnier","+43 660 77 39 500","FEHLER")))))))))))
A39: =Heimspiele!C40 | B39: =Heimspiele!D40 | D39: =Heimspiele!F40 | E39: =Heimspiele!G40 | F39: Großfeld | G39: =IF(F39="Großfeld","Großfeld",IF(F39="U16","Großfeld",IF(F39="U15","Großfeld",IF(F39="U14","Großfeld",IF(F39="U13","75x55",IF(F39="U11/U12","55x40",IF(F39="U9/U10","40x25",IF(F39="U8","29x22","25x20")))))))) | H39: =IF(F39="Großfeld","7,32x2,44",IF(F39="U16","7,32x2,44",IF(F39="U15","7,32x2,44",IF(F39="U14","7,32x2,44",IF(F39="U13","5x2",IF(F39="U11/U12","5x2",IF(F39="U9/U10","5x2","4 Minitore"))))))) | I39: =IF(F39="Großfeld","5",IF(F39="U16","5",IF(F39="U15","5",IF(F39="U14","4",IF(F39="U13","4",IF(F39="U11/U12","4",IF(F39="U9/U10","4",IF(F39="U9","4","3")))))))) | J39: =IF(A39="KM Neufeld","Pleninger Stefan",IF(A39="U16 LL","Josch Kögl",IF(A39="U15 LL Nord","Serdar Ekinci",IF(A39="U14 Nord","Gernot Servelda",IF(A39="U13 - Nord","Thomas Pöschl & Lenz Honc",IF(A39="U11 Nord D","Mario Magler&Ronny Archam",IF(A39="U9","Thomas Brandl&Daniel Hofbauer",IF(A39="U8","Berger Tobias&Sebastian Putric",IF(A39="U7","Türkes Ömer&Mahsumi Taha",IF(A39="Camp","Berger Dieter",IF(A39="Turnier","Berger Dieter","FEHLER"))))))))))) | K39: =IF(A39="KM Neufeld","+43 664 415 99 09",IF(A39="U16 LL","+43 650 262 82 63",IF(A39="U15 LL Nord","+43 650 701 02 44",IF(A39="U14 - Nord","+43 676 401 09 13",IF(A39="U13 - Nord","+43 677 613 55 114 & +43 664 114 43 52",IF(A39="U11 Nord D","+43 664 762 09 93 & +43 699 111 93 828",IF(A39="U9","+43 676 377 16 30 & +43 399 197 871 81",IF(A39="U8","+43 660 199 13 52 & +43 660 914 92 36",IF(A39="U7","+43 676 661 62 26 & +43 681 208 115 99",IF(A39="Camp","+43 660 77 39 500",IF(A39="Turnier","+43 660 77 39 500","FEHLER")))))))))))
A40: =Heimspiele!C26 | B40: =Heimspiele!D26 | C40: =Heimspiele!E26 | D40: =Heimspiele!F26 | E40: =Heimspiele!G26 | F40: U8 | G40: =IF(F40="Großfeld","Großfeld",IF(F40="U16","Großfeld",IF(F40="U15","Großfeld",IF(F40="U14","Großfeld",IF(F40="U13","75x55",IF(F40="U11/U12","55x40",IF(F40="U9/U10","40x25",IF(F40="U8","29x22","25x20")))))))) | H40: =IF(F40="Großfeld","7,32x2,44",IF(F40="U16","7,32x2,44",IF(F40="U15","7,32x2,44",IF(F40="U14","7,32x2,44",IF(F40="U13","5x2",IF(F40="U11/U12","5x2",IF(F40="U9/U10","5x2","4 Minitore"))))))) | I40: =IF(F40="Großfeld","5",IF(F40="U16","5",IF(F40="U15","5",IF(F40="U14","4",IF(F40="U13","4",IF(F40="U11/U12","4",IF(F40="U9/U10","4",IF(F40="U9","4","3")))))))) | J40: =IF(A40="KM Neufeld","Pleninger Stefan",IF(A40="U16 LL","Josch Kögl",IF(A40="U15 LL Nord","Serdar Ekinci",IF(A40="U14 Nord","Gernot Servelda",IF(A40="U13 Nord","Thomas Pöschl & Lenz Honc",IF(A40="U11 Nord D","Mario Magler&Ronny Archam",IF(A40="U9","Thomas Brandl&Daniel Hofbauer",IF(A40="U8","Berger Tobias&Sebastian Putric",IF(A40="U7","Türkes Ömer&Mahsumi Taha",IF(A40="Camp","Berger Dieter",IF(A40="Turnier","Berger Dieter","FEHLER"))))))))))) | K40: =IF(A40="KM Neufeld","+43 664 415 99 09",IF(A40="U16 LL","+43 650 262 82 63",IF(A40="U15 LL Nord","+43 650 701 02 44",IF(A40="U14 Nord","+43 676 401 09 13",IF(A40="U13 Nord","+43 677 613 55 114 & +43 664 114 43 52",IF(A40="U11 Nord D","+43 664 762 09 93 & +43 699 111 93 828",IF(A40="U9","+43 676 377 16 30 & +43 399 197 871 81",IF(A40="U8","+43 660 199 13 52 & +43 660 914 92 36",IF(A40="U7","+43 676 661 62 26 & +43 681 208 115 99",IF(A40="Camp","+43 660 77 39 500",IF(A40="Turnier","+43 660 77 39 500","FEHLER")))))))))))
A41: =Heimspiele!C29 | B41: =Heimspiele!D29 | C41: =Heimspiele!E29 | D41: =Heimspiele!F29 | E41: =Heimspiele!G29 | F41: U7 | G41: =IF(F41="Großfeld","Großfeld",IF(F41="U16","Großfeld",IF(F41="U15","Großfeld",IF(F41="U14","Großfeld",IF(F41="U13","75x55",IF(F41="U11/U12","55x40",IF(F41="U9/U10","40x25",IF(F41="U8","29x22","25x20")))))))) | H41: =IF(F41="Großfeld","7,32x2,44",IF(F41="U16","7,32x2,44",IF(F41="U15","7,32x2,44",IF(F41="U14","7,32x2,44",IF(F41="U13","5x2",IF(F41="U11/U12","5x2",IF(F41="U9/U10","5x2","4 Minitore"))))))) | I41: =IF(F41="Großfeld","5",IF(F41="U16","5",IF(F41="U15","5",IF(F41="U14","4",IF(F41="U13","4",IF(F41="U11/U12","4",IF(F41="U9/U10","4",IF(F41="U9","4","3")))))))) | J41: =IF(A41="KM Neufeld","Pleninger Stefan",IF(A41="U16 LL","Josch Kögl",IF(A41="U15 LL Nord","Serdar Ekinci",IF(A41="U14 Nord","Gernot Servelda",IF(A41="U13 Nord","Thomas Pöschl & Lenz Honc",IF(A41="U11 Nord D","Mario Magler&Ronny Archam",IF(A41="U9","Thomas Brandl&Daniel Hofbauer",IF(A41="U8","Berger Tobias&Sebastian Putric",IF(A41="U7","Türkes Ömer&Mahsumi Taha",IF(A41="Camp","Berger Dieter",IF(A41="Turnier","Berger Dieter","FEHLER"))))))))))) | K41: =IF(A41="KM Neufeld","+43 664 415 99 09",IF(A41="U16 LL","+43 650 262 82 63",IF(A41="U15 LL Nord","+43 650 701 02 44",IF(A41="U14 Nord","+43 676 401 09 13",IF(A41="U13 Nord","+43 677 613 55 114 & +43 664 114 43 52",IF(A41="U11 Nord D","+43 664 762 09 93 & +43 699 111 93 828",IF(A41="U9","+43 676 377 16 30 & +43 399 197 871 81",IF(A41="U8","+43 660 199 13 52 & +43 660 914 92 36",IF(A41="U7","+43 676 661 62 26 & +43 681 208 115 99",IF(A41="Camp","+43 660 77 39 500",IF(A41="Turnier","+43 660 77 39 500","FEHLER")))))))))))
A42: =Heimspiele!C43 | B42: =Heimspiele!D43 | D42: =Heimspiele!F43 | E42: =Heimspiele!G43 | F42: Großfeld | G42: =IF(F42="Großfeld","Großfeld",IF(F42="U16","Großfeld",IF(F42="U15","Großfeld",IF(F42="U14","Großfeld",IF(F42="U13","75x55",IF(F42="U11/U12","55x40",IF(F42="U9/U10","40x25",IF(F42="U8","29x22","25x20")))))))) | H42: =IF(F42="Großfeld","7,32x2,44",IF(F42="U16","7,32x2,44",IF(F42="U15","7,32x2,44",IF(F42="U14","7,32x2,44",IF(F42="U13","5x2",IF(F42="U11/U12","5x2",IF(F42="U9/U10","5x2","4 Minitore"))))))) | I42: =IF(F42="Großfeld","5",IF(F42="U16","5",IF(F42="U15","5",IF(F42="U14","4",IF(F42="U13","4",IF(F42="U11/U12","4",IF(F42="U9/U10","4",IF(F42="U9","4","3")))))))) | J42: =IF(A42="KM Neufeld","Pleninger Stefan",IF(A42="U16 LL","Josch Kögl",IF(A42="U15 LL Nord","Serdar Ekinci",IF(A42="U14 Nord","Gernot Servelda",IF(A42="U13 - Nord","Thomas Pöschl & Lenz Honc",IF(A42="U11 Nord D","Mario Magler&Ronny Archam",IF(A42="U9","Thomas Brandl&Daniel Hofbauer",IF(A42="U8","Berger Tobias&Sebastian Putric",IF(A42="U7","Türkes Ömer&Mahsumi Taha",IF(A42="Camp","Berger Dieter",IF(A42="Turnier","Berger Dieter","FEHLER"))))))))))) | K42: =IF(A42="KM Neufeld","+43 664 415 99 09",IF(A42="U16 LL","+43 650 262 82 63",IF(A42="U15 LL Nord","+43 650 701 02 44",IF(A42="U14 - Nord","+43 676 401 09 13",IF(A42="U13 - Nord","+43 677 613 55 114 & +43 664 114 43 52",IF(A42="U11 Nord D","+43 664 762 09 93 & +43 699 111 93 828",IF(A42="U9","+43 676 377 16 30 & +43 399 197 871 81",IF(A42="U8","+43 660 199 13 52 & +43 660 914 92 36",IF(A42="U7","+43 676 661 62 26 & +43 681 208 115 99",IF(A42="Camp","+43 660 77 39 500",IF(A42="Turnier","+43 660 77 39 500","FEHLER")))))))))))
A43: =Heimspiele!C35 | B43: =Heimspiele!D35 | C43: =Heimspiele!E35 | D43: =Heimspiele!F35 | E43: =Heimspiele!G35 | F43: U11/U12 | G43: =IF(F43="Großfeld","Großfeld",IF(F43="U16","Großfeld",IF(F43="U15","Großfeld",IF(F43="U14","Großfeld",IF(F43="U13","75x55",IF(F43="U11/U12","55x40",IF(F43="U9/U10","40x25",IF(F43="U8","29x22","25x20")))))))) | H43: =IF(F43="Großfeld","7,32x2,44",IF(F43="U16","7,32x2,44",IF(F43="U15","7,32x2,44",IF(F43="U14","7,32x2,44",IF(F43="U13","5x2",IF(F43="U11/U12","5x2",IF(F43="U9/U10","5x2","4 Minitore"))))))) | I43: =IF(F43="Großfeld","5",IF(F43="U16","5",IF(F43="U15","5",IF(F43="U14","4",IF(F43="U13","4",IF(F43="U11/U12","4",IF(F43="U9/U10","4",IF(F43="U9","4","3")))))))) | J43: =IF(A43="KM Neufeld","Pleninger Stefan",IF(A43="U16 LL","Josch Kögl",IF(A43="U15 LL Nord","Serdar Ekinci",IF(A43="U14 Nord","Gernot Servelda",IF(A43="U13 Nord","Thomas Pöschl & Lenz Honc",IF(A43="U11 Nord D","Mario Magler&Ronny Archam",IF(A43="U9","Thomas Brandl&Daniel Hofbauer",IF(A43="U8","Berger Tobias&Sebastian Putric",IF(A43="U7","Türkes Ömer&Mahsumi Taha",IF(A43="Camp","Berger Dieter",IF(A43="Turnier","Berger Dieter","FEHLER"))))))))))) | K43: =IF(A43="KM Neufeld","+43 664 415 99 09",IF(A43="U16 LL","+43 650 262 82 63",IF(A43="U15 LL Nord","+43 650 701 02 44",IF(A43="U14 Nord","+43 676 401 09 13",IF(A43="U13 Nord","+43 677 613 55 114 & +43 664 114 43 52",IF(A43="U11 Nord D","+43 664 762 09 93 & +43 699 111 93 828",IF(A43="U9","+43 676 377 16 30 & +43 399 197 871 81",IF(A43="U8","+43 660 199 13 52 & +43 660 914 92 36",IF(A43="U7","+43 676 661 62 26 & +43 681 208 115 99",IF(A43="Camp","+43 660 77 39 500",IF(A43="Turnier","+43 660 77 39 500","FEHLER")))))))))))
A44: =Heimspiele!C38 | B44: =Heimspiele!D38 | C44: =Heimspiele!E38 | D44: =Heimspiele!F38 | E44: =Heimspiele!G38 | F44: U15 | G44: =IF(F44="Großfeld","Großfeld",IF(F44="U16","Großfeld",IF(F44="U15","Großfeld",IF(F44="U14","Großfeld",IF(F44="U13","75x55",IF(F44="U11/U12","55x40",IF(F44="U9/U10","40x25",IF(F44="U8","29x22","25x20")))))))) | H44: =IF(F44="Großfeld","7,32x2,44",IF(F44="U16","7,32x2,44",IF(F44="U15","7,32x2,44",IF(F44="U14","7,32x2,44",IF(F44="U13","5x2",IF(F44="U11/U12","5x2",IF(F44="U9/U10","5x2","4 Minitore"))))))) | I44: =IF(F44="Großfeld","5",IF(F44="U16","5",IF(F44="U15","5",IF(F44="U14","4",IF(F44="U13","4",IF(F44="U11/U12","4",IF(F44="U9/U10","4",IF(F44="U9","4","3")))))))) | J44: =IF(A44="KM Neufeld","Pleninger Stefan",IF(A44="U16 LL","Josch Kögl",IF(A44="U15 LL Nord","Serdar Ekinci",IF(A44="U14 Nord","Gernot Servelda",IF(A44="U13 Nord","Thomas Pöschl & Lenz Honc",IF(A44="U11 Nord D","Mario Magler&Ronny Archam",IF(A44="U9","Thomas Brandl&Daniel Hofbauer",IF(A44="U8","Berger Tobias&Sebastian Putric",IF(A44="U7","Türkes Ömer&Mahsumi Taha",IF(A44="Camp","Berger Dieter",IF(A44="Turnier","Berger Dieter","FEHLER"))))))))))) | K44: =IF(A44="KM Neufeld","+43 664 415 99 09",IF(A44="U16 LL","+43 650 262 82 63",IF(A44="U15 LL Nord","+43 650 701 02 44",IF(A44="U14 Nord","+43 676 401 09 13",IF(A44="U13 Nord","+43 677 613 55 114 & +43 664 114 43 52",IF(A44="U11 Nord D","+43 664 762 09 93 & +43 699 111 93 828",IF(A44="U9","+43 676 377 16 30 & +43 399 197 871 81",IF(A44="U8","+43 660 199 13 52 & +43 660 914 92 36",IF(A44="U7","+43 676 661 62 26 & +43 681 208 115 99",IF(A44="Camp","+43 660 77 39 500",IF(A44="Turnier","+43 660 77 39 500","FEHLER")))))))))))
A45: =Heimspiele!C46 | B45: =Heimspiele!D46 | D45: =Heimspiele!F46 | E45: =Heimspiele!G46 | F45: Großfeld | G45: =IF(F45="Großfeld","Großfeld",IF(F45="U16","Großfeld",IF(F45="U15","Großfeld",IF(F45="U14","Großfeld",IF(F45="U13","75x55",IF(F45="U11/U12","55x40",IF(F45="U9/U10","40x25",IF(F45="U8","29x22","25x20")))))))) | H45: =IF(F45="Großfeld","7,32x2,44",IF(F45="U16","7,32x2,44",IF(F45="U15","7,32x2,44",IF(F45="U14","7,32x2,44",IF(F45="U13","5x2",IF(F45="U11/U12","5x2",IF(F45="U9/U10","5x2","4 Minitore"))))))) | I45: =IF(F45="Großfeld","5",IF(F45="U16","5",IF(F45="U15","5",IF(F45="U14","4",IF(F45="U13","4",IF(F45="U11/U12","4",IF(F45="U9/U10","4",IF(F45="U9","4","3")))))))) | J45: =IF(A45="KM Neufeld","Pleninger Stefan",IF(A45="U16 LL","Josch Kögl",IF(A45="U15 LL Nord","Serdar Ekinci",IF(A45="U14 Nord","Gernot Servelda",IF(A45="U13 - Nord","Thomas Pöschl & Lenz Honc",IF(A45="U11 Nord D","Mario Magler&Ronny Archam",IF(A45="U9","Thomas Brandl&Daniel Hofbauer",IF(A45="U8","Berger Tobias&Sebastian Putric",IF(A45="U7","Türkes Ömer&Mahsumi Taha",IF(A45="Camp","Berger Dieter",IF(A45="Turnier","Berger Dieter","FEHLER"))))))))))) | K45: =IF(A45="KM Neufeld","+43 664 415 99 09",IF(A45="U16 LL","+43 650 262 82 63",IF(A45="U15 LL Nord","+43 650 701 02 44",IF(A45="U14 - Nord","+43 676 401 09 13",IF(A45="U13 - Nord","+43 677 613 55 114 & +43 664 114 43 52",IF(A45="U11 Nord D","+43 664 762 09 93 & +43 699 111 93 828",IF(A45="U9","+43 676 377 16 30 & +43 399 197 871 81",IF(A45="U8","+43 660 199 13 52 & +43 660 914 92 36",IF(A45="U7","+43 676 661 62 26 & +43 681 208 115 99",IF(A45="Camp","+43 660 77 39 500",IF(A45="Turnier","+43 660 77 39 500","FEHLER")))))))))))
A46: =Heimspiele!C47 | B46: =Heimspiele!D47 | D46: =Heimspiele!F47 | E46: =Heimspiele!G47 | F46: Großfeld | G46: =IF(F46="Großfeld","Großfeld",IF(F46="U16","Großfeld",IF(F46="U15","Großfeld",IF(F46="U14","Großfeld",IF(F46="U13","75x55",IF(F46="U11/U12","55x40",IF(F46="U9/U10","40x25",IF(F46="U8","29x22","25x20")))))))) | H46: =IF(F46="Großfeld","7,32x2,44",IF(F46="U16","7,32x2,44",IF(F46="U15","7,32x2,44",IF(F46="U14","7,32x2,44",IF(F46="U13","5x2",IF(F46="U11/U12","5x2",IF(F46="U9/U10","5x2","4 Minitore"))))))) | I46: =IF(F46="Großfeld","5",IF(F46="U16","5",IF(F46="U15","5",IF(F46="U14","4",IF(F46="U13","4",IF(F46="U11/U12","4",IF(F46="U9/U10","4",IF(F46="U9","4","3")))))))) | J46: =IF(A46="KM Neufeld","Pleninger Stefan",IF(A46="U16 LL","Josch Kögl",IF(A46="U15 LL Nord","Serdar Ekinci",IF(A46="U14 Nord","Gernot Servelda",IF(A46="U13 - Nord","Thomas Pöschl & Lenz Honc",IF(A46="U11 Nord D","Mario Magler&Ronny Archam",IF(A46="U9","Thomas Brandl&Daniel Hofbauer",IF(A46="U8","Berger Tobias&Sebastian Putric",IF(A46="U7","Türkes Ömer&Mahsumi Taha",IF(A46="Camp","Berger Dieter",IF(A46="Turnier","Berger Dieter","FEHLER"))))))))))) | K46: =IF(A46="KM Neufeld","+43 664 415 99 09",IF(A46="U16 LL","+43 650 262 82 63",IF(A46="U15 LL Nord","+43 650 701 02 44",IF(A46="U14 - Nord","+43 676 401 09 13",IF(A46="U13 - Nord","+43 677 613 55 114 & +43 664 114 43 52",IF(A46="U11 Nord D","+43 664 762 09 93 & +43 699 111 93 828",IF(A46="U9","+43 676 377 16 30 & +43 399 197 871 81",IF(A46="U8","+43 660 199 13 52 & +43 660 914 92 36",IF(A46="U7","+43 676 661 62 26 & +43 681 208 115 99",IF(A46="Camp","+43 660 77 39 500",IF(A46="Turnier","+43 660 77 39 500","FEHLER")))))))))))
A47: =Heimspiele!C41 | B47: =Heimspiele!D41 | C47: =Heimspiele!E41 | D47: =Heimspiele!F41 | E47: =Heimspiele!G41 | F47: Großfeld | G47: =IF(F47="Großfeld","Großfeld",IF(F47="U16","Großfeld",IF(F47="U15","Großfeld",IF(F47="U14","Großfeld",IF(F47="U13","75x55",IF(F47="U11/U12","55x40",IF(F47="U9/U10","40x25",IF(F47="U8","29x22","25x20")))))))) | H47: =IF(F47="Großfeld","7,32x2,44",IF(F47="U16","7,32x2,44",IF(F47="U15","7,32x2,44",IF(F47="U14","7,32x2,44",IF(F47="U13","5x2",IF(F47="U11/U12","5x2",IF(F47="U9/U10","5x2","4 Minitore"))))))) | I47: =IF(F47="Großfeld","5",IF(F47="U16","5",IF(F47="U15","5",IF(F47="U14","4",IF(F47="U13","4",IF(F47="U11/U12","4",IF(F47="U9/U10","4",IF(F47="U9","4","3")))))))) | J47: =IF(A47="KM Neufeld","Pleninger Stefan",IF(A47="U16 LL","Josch Kögl",IF(A47="U15 LL Nord","Serdar Ekinci",IF(A47="U14 Nord","Gernot Servelda",IF(A47="U13 Nord","Thomas Pöschl & Lenz Honc",IF(A47="U11 Nord D","Mario Magler&Ronny Archam",IF(A47="U9","Thomas Brandl&Daniel Hofbauer",IF(A47="U8","Berger Tobias&Sebastian Putric",IF(A47="U7","Türkes Ömer&Mahsumi Taha",IF(A47="Camp","Berger Dieter",IF(A47="Turnier","Berger Dieter","FEHLER"))))))))))) | K47: =IF(A47="KM Neufeld","+43 664 415 99 09",IF(A47="U16 LL","+43 650 262 82 63",IF(A47="U15 LL Nord","+43 650 701 02 44",IF(A47="U14 Nord","+43 676 401 09 13",IF(A47="U13 Nord","+43 677 613 55 114 & +43 664 114 43 52",IF(A47="U11 Nord D","+43 664 762 09 93 & +43 699 111 93 828",IF(A47="U9","+43 676 377 16 30 & +43 399 197 871 81",IF(A47="U8","+43 660 199 13 52 & +43 660 914 92 36",IF(A47="U7","+43 676 661 62 26 & +43 681 208 115 99",IF(A47="Camp","+43 660 77 39 500",IF(A47="Turnier","+43 660 77 39 500","FEHLER")))))))))))
A48: =Heimspiele!C49 | B48: =Heimspiele!D49 | D48: =Heimspiele!F49 | E48: =Heimspiele!G49 | F48: Großfeld | G48: =IF(F48="Großfeld","Großfeld",IF(F48="U16","Großfeld",IF(F48="U15","Großfeld",IF(F48="U14","Großfeld",IF(F48="U13","75x55",IF(F48="U11/U12","55x40",IF(F48="U9/U10","40x25",IF(F48="U8","29x22","25x20")))))))) | H48: =IF(F48="Großfeld","7,32x2,44",IF(F48="U16","7,32x2,44",IF(F48="U15","7,32x2,44",IF(F48="U14","7,32x2,44",IF(F48="U13","5x2",IF(F48="U11/U12","5x2",IF(F48="U9/U10","5x2","4 Minitore"))))))) | I48: =IF(F48="Großfeld","5",IF(F48="U16","5",IF(F48="U15","5",IF(F48="U14","4",IF(F48="U13","4",IF(F48="U11/U12","4",IF(F48="U9/U10","4",IF(F48="U9","4","3")))))))) | J48: =IF(A48="KM Neufeld","Pleninger Stefan",IF(A48="U16 LL","Josch Kögl",IF(A48="U15 LL Nord","Serdar Ekinci",IF(A48="U14 Nord","Gernot Servelda",IF(A48="U13 - Nord","Thomas Pöschl & Lenz Honc",IF(A48="U11 Nord D","Mario Magler&Ronny Archam",IF(A48="U9","Thomas Brandl&Daniel Hofbauer",IF(A48="U8","Berger Tobias&Sebastian Putric",IF(A48="U7","Türkes Ömer&Mahsumi Taha",IF(A48="Camp","Berger Dieter",IF(A48="Turnier","Berger Dieter","FEHLER"))))))))))) | K48: =IF(A48="KM Neufeld","+43 664 415 99 09",IF(A48="U16 LL","+43 650 262 82 63",IF(A48="U15 LL Nord","+43 650 701 02 44",IF(A48="U14 - Nord","+43 676 401 09 13",IF(A48="U13 - Nord","+43 677 613 55 114 & +43 664 114 43 52",IF(A48="U11 Nord D","+43 664 762 09 93 & +43 699 111 93 828",IF(A48="U9","+43 676 377 16 30 & +43 399 197 871 81",IF(A48="U8","+43 660 199 13 52 & +43 660 914 92 36",IF(A48="U7","+43 676 661 62 26 & +43 681 208 115 99",IF(A48="Camp","+43 660 77 39 500",IF(A48="Turnier","+43 660 77 39 500","FEHLER")))))))))))
A49: =Heimspiele!C50 | B49: =Heimspiele!D50 | D49: =Heimspiele!F50 | E49: =Heimspiele!G50 | F49: Großfeld | G49: =IF(F49="Großfeld","Großfeld",IF(F49="U16","Großfeld",IF(F49="U15","Großfeld",IF(F49="U14","Großfeld",IF(F49="U13","75x55",IF(F49="U11/U12","55x40",IF(F49="U9/U10","40x25",IF(F49="U8","29x22","25x20")))))))) | H49: =IF(F49="Großfeld","7,32x2,44",IF(F49="U16","7,32x2,44",IF(F49="U15","7,32x2,44",IF(F49="U14","7,32x2,44",IF(F49="U13","5x2",IF(F49="U11/U12","5x2",IF(F49="U9/U10","5x2","4 Minitore"))))))) | I49: =IF(F49="Großfeld","5",IF(F49="U16","5",IF(F49="U15","5",IF(F49="U14","4",IF(F49="U13","4",IF(F49="U11/U12","4",IF(F49="U9/U10","4",IF(F49="U9","4","3")))))))) | J49: =IF(A49="KM Neufeld","Pleninger Stefan",IF(A49="U16 LL","Josch Kögl",IF(A49="U15 LL Nord","Serdar Ekinci",IF(A49="U14 Nord","Gernot Servelda",IF(A49="U13 - Nord","Thomas Pöschl & Lenz Honc",IF(A49="U11 Nord D","Mario Magler&Ronny Archam",IF(A49="U9","Thomas Brandl&Daniel Hofbauer",IF(A49="U8","Berger Tobias&Sebastian Putric",IF(A49="U7","Türkes Ömer&Mahsumi Taha",IF(A49="Camp","Berger Dieter",IF(A49="Turnier","Berger Dieter","FEHLER"))))))))))) | K49: =IF(A49="KM Neufeld","+43 664 415 99 09",IF(A49="U16 LL","+43 650 262 82 63",IF(A49="U15 LL Nord","+43 650 701 02 44",IF(A49="U14 - Nord","+43 676 401 09 13",IF(A49="U13 - Nord","+43 677 613 55 114 & +43 664 114 43 52",IF(A49="U11 Nord D","+43 664 762 09 93 & +43 699 111 93 828",IF(A49="U9","+43 676 377 16 30 & +43 399 197 871 81",IF(A49="U8","+43 660 199 13 52 & +43 660 914 92 36",IF(A49="U7","+43 676 661 62 26 & +43 681 208 115 99",IF(A49="Camp","+43 660 77 39 500",IF(A49="Turnier","+43 660 77 39 500","FEHLER")))))))))))
A50: =Heimspiele!C51 | B50: =Heimspiele!D51 | D50: =Heimspiele!F51 | E50: =Heimspiele!G51 | F50: Großfeld | G50: =IF(F50="Großfeld","Großfeld",IF(F50="U16","Großfeld",IF(F50="U15","Großfeld",IF(F50="U14","Großfeld",IF(F50="U13","75x55",IF(F50="U11/U12","55x40",IF(F50="U9/U10","40x25",IF(F50="U8","29x22","25x20")))))))) | H50: =IF(F50="Großfeld","7,32x2,44",IF(F50="U16","7,32x2,44",IF(F50="U15","7,32x2,44",IF(F50="U14","7,32x2,44",IF(F50="U13","5x2",IF(F50="U11/U12","5x2",IF(F50="U9/U10","5x2","4 Minitore"))))))) | I50: =IF(F50="Großfeld","5",IF(F50="U16","5",IF(F50="U15","5",IF(F50="U14","4",IF(F50="U13","4",IF(F50="U11/U12","4",IF(F50="U9/U10","4",IF(F50="U9","4","3")))))))) | J50: =IF(A50="KM Neufeld","Pleninger Stefan",IF(A50="U16 LL","Josch Kögl",IF(A50="U15 LL Nord","Serdar Ekinci",IF(A50="U14 Nord","Gernot Servelda",IF(A50="U13 - Nord","Thomas Pöschl & Lenz Honc",IF(A50="U11 Nord D","Mario Magler&Ronny Archam",IF(A50="U9","Thomas Brandl&Daniel Hofbauer",IF(A50="U8","Berger Tobias&Sebastian Putric",IF(A50="U7","Türkes Ömer&Mahsumi Taha",IF(A50="Camp","Berger Dieter",IF(A50="Turnier","Berger Dieter","FEHLER"))))))))))) | K50: =IF(A50="KM Neufeld","+43 664 415 99 09",IF(A50="U16 LL","+43 650 262 82 63",IF(A50="U15 LL Nord","+43 650 701 02 44",IF(A50="U14 - Nord","+43 676 401 09 13",IF(A50="U13 - Nord","+43 677 613 55 114 & +43 664 114 43 52",IF(A50="U11 Nord D","+43 664 762 09 93 & +43 699 111 93 828",IF(A50="U9","+43 676 377 16 30 & +43 399 197 871 81",IF(A50="U8","+43 660 199 13 52 & +43 660 914 92 36",IF(A50="U7","+43 676 661 62 26 & +43 681 208 115 99",IF(A50="Camp","+43 660 77 39 500",IF(A50="Turnier","+43 660 77 39 500","FEHLER")))))))))))
A51: =Heimspiele!C42 | B51: =Heimspiele!D42 | C51: =Heimspiele!E42 | D51: =Heimspiele!F42 | E51: =Heimspiele!G42 | F51: U11/U12 | G51: =IF(F51="Großfeld","Großfeld",IF(F51="U16","Großfeld",IF(F51="U15","Großfeld",IF(F51="U14","Großfeld",IF(F51="U13","75x55",IF(F51="U11/U12","55x40",IF(F51="U9/U10","40x25",IF(F51="U8","29x22","25x20")))))))) | H51: =IF(F51="Großfeld","7,32x2,44",IF(F51="U16","7,32x2,44",IF(F51="U15","7,32x2,44",IF(F51="U14","7,32x2,44",IF(F51="U13","5x2",IF(F51="U11/U12","5x2",IF(F51="U9/U10","5x2","4 Minitore"))))))) | I51: =IF(F51="Großfeld","5",IF(F51="U16","5",IF(F51="U15","5",IF(F51="U14","4",IF(F51="U13","4",IF(F51="U11/U12","4",IF(F51="U9/U10","4",IF(F51="U9","4","3")))))))) | J51: =IF(A51="KM Neufeld","Pleninger Stefan",IF(A51="U16 LL","Josch Kögl",IF(A51="U15 LL Nord","Serdar Ekinci",IF(A51="U14 Nord","Gernot Servelda",IF(A51="U13 Nord","Thomas Pöschl & Lenz Honc",IF(A51="U11 Nord D","Mario Magler&Ronny Archam",IF(A51="U9","Thomas Brandl&Daniel Hofbauer",IF(A51="U8","Berger Tobias&Sebastian Putric",IF(A51="U7","Türkes Ömer&Mahsumi Taha",IF(A51="Camp","Berger Dieter",IF(A51="Turnier","Berger Dieter","FEHLER"))))))))))) | K51: =IF(A51="KM Neufeld","+43 664 415 99 09",IF(A51="U16 LL","+43 650 262 82 63",IF(A51="U15 LL Nord","+43 650 701 02 44",IF(A51="U14 Nord","+43 676 401 09 13",IF(A51="U13 Nord","+43 677 613 55 114 & +43 664 114 43 52",IF(A51="U11 Nord D","+43 664 762 09 93 & +43 699 111 93 828",IF(A51="U9","+43 676 377 16 30 & +43 399 197 871 81",IF(A51="U8","+43 660 199 13 52 & +43 660 914 92 36",IF(A51="U7","+43 676 661 62 26 & +43 681 208 115 99",IF(A51="Camp","+43 660 77 39 500",IF(A51="Turnier","+43 660 77 39 500","FEHLER")))))))))))
A52: =Heimspiele!C53 | B52: =Heimspiele!D53 | D52: =Heimspiele!F53 | E52: =Heimspiele!G53 | F52: Großfeld | G52: =IF(F52="Großfeld","Großfeld",IF(F52="U16","Großfeld",IF(F52="U15","Großfeld",IF(F52="U14","Großfeld",IF(F52="U13","75x55",IF(F52="U11/U12","55x40",IF(F52="U9/U10","40x25",IF(F52="U8","29x22","25x20")))))))) | H52: =IF(F52="Großfeld","7,32x2,44",IF(F52="U16","7,32x2,44",IF(F52="U15","7,32x2,44",IF(F52="U14","7,32x2,44",IF(F52="U13","5x2",IF(F52="U11/U12","5x2",IF(F52="U9/U10","5x2","4 Minitore"))))))) | I52: =IF(F52="Großfeld","5",IF(F52="U16","5",IF(F52="U15","5",IF(F52="U14","4",IF(F52="U13","4",IF(F52="U11/U12","4",IF(F52="U9/U10","4",IF(F52="U9","4","3")))))))) | J52: =IF(A52="KM Neufeld","Pleninger Stefan",IF(A52="U16 LL","Josch Kögl",IF(A52="U15 LL Nord","Serdar Ekinci",IF(A52="U14 Nord","Gernot Servelda",IF(A52="U13 - Nord","Thomas Pöschl & Lenz Honc",IF(A52="U11 Nord D","Mario Magler&Ronny Archam",IF(A52="U9","Thomas Brandl&Daniel Hofbauer",IF(A52="U8","Berger Tobias&Sebastian Putric",IF(A52="U7","Türkes Ömer&Mahsumi Taha",IF(A52="Camp","Berger Dieter",IF(A52="Turnier","Berger Dieter","FEHLER"))))))))))) | K52: =IF(A52="KM Neufeld","+43 664 415 99 09",IF(A52="U16 LL","+43 650 262 82 63",IF(A52="U15 LL Nord","+43 650 701 02 44",IF(A52="U14 - Nord","+43 676 401 09 13",IF(A52="U13 - Nord","+43 677 613 55 114 & +43 664 114 43 52",IF(A52="U11 Nord D","+43 664 762 09 93 & +43 699 111 93 828",IF(A52="U9","+43 676 377 16 30 & +43 399 197 871 81",IF(A52="U8","+43 660 199 13 52 & +43 660 914 92 36",IF(A52="U7","+43 676 661 62 26 & +43 681 208 115 99",IF(A52="Camp","+43 660 77 39 500",IF(A52="Turnier","+43 660 77 39 500","FEHLER")))))))))))
A53: =Heimspiele!C45 | B53: =Heimspiele!D45 | C53: =Heimspiele!E45 | D53: =Heimspiele!F45 | E53: =Heimspiele!G45 | F53: U14 | G53: =IF(F53="Großfeld","Großfeld",IF(F53="U16","Großfeld",IF(F53="U15","Großfeld",IF(F53="U14","Großfeld",IF(F53="U13","75x55",IF(F53="U11/U12","55x40",IF(F53="U9/U10","40x25",IF(F53="U8","29x22","25x20")))))))) | H53: =IF(F53="Großfeld","7,32x2,44",IF(F53="U16","7,32x2,44",IF(F53="U15","7,32x2,44",IF(F53="U14","7,32x2,44",IF(F53="U13","5x2",IF(F53="U11/U12","5x2",IF(F53="U9/U10","5x2","4 Minitore"))))))) | I53: =IF(F53="Großfeld","5",IF(F53="U16","5",IF(F53="U15","5",IF(F53="U14","4",IF(F53="U13","4",IF(F53="U11/U12","4",IF(F53="U9/U10","4",IF(F53="U9","4","3")))))))) | J53: =IF(A53="KM Neufeld","Pleninger Stefan",IF(A53="U16 LL","Josch Kögl",IF(A53="U15 LL Nord","Serdar Ekinci",IF(A53="U14 Nord","Gernot Servelda",IF(A53="U13 Nord","Thomas Pöschl & Lenz Honc",IF(A53="U11 Nord D","Mario Magler&Ronny Archam",IF(A53="U9","Thomas Brandl&Daniel Hofbauer",IF(A53="U8","Berger Tobias&Sebastian Putric",IF(A53="U7","Türkes Ömer&Mahsumi Taha",IF(A53="Camp","Berger Dieter",IF(A53="Turnier","Berger Dieter","FEHLER"))))))))))) | K53: =IF(A53="KM Neufeld","+43 664 415 99 09",IF(A53="U16 LL","+43 650 262 82 63",IF(A53="U15 LL Nord","+43 650 701 02 44",IF(A53="U14 Nord","+43 676 401 09 13",IF(A53="U13 Nord","+43 677 613 55 114 & +43 664 114 43 52",IF(A53="U11 Nord D","+43 664 762 09 93 & +43 699 111 93 828",IF(A53="U9","+43 676 377 16 30 & +43 399 197 871 81",IF(A53="U8","+43 660 199 13 52 & +43 660 914 92 36",IF(A53="U7","+43 676 661 62 26 & +43 681 208 115 99",IF(A53="Camp","+43 660 77 39 500",IF(A53="Turnier","+43 660 77 39 500","FEHLER")))))))))))
A54: =Heimspiele!C55 | B54: =Heimspiele!D55 | D54: =Heimspiele!F55 | E54: =Heimspiele!G55 | F54: Großfeld | G54: =IF(F54="Großfeld","Großfeld",IF(F54="U16","Großfeld",IF(F54="U15","Großfeld",IF(F54="U14","Großfeld",IF(F54="U13","75x55",IF(F54="U11/U12","55x40",IF(F54="U9/U10","40x25",IF(F54="U8","29x22","25x20")))))))) | H54: =IF(F54="Großfeld","7,32x2,44",IF(F54="U16","7,32x2,44",IF(F54="U15","7,32x2,44",IF(F54="U14","7,32x2,44",IF(F54="U13","5x2",IF(F54="U11/U12","5x2",IF(F54="U9/U10","5x2","4 Minitore"))))))) | I54: =IF(F54="Großfeld","5",IF(F54="U16","5",IF(F54="U15","5",IF(F54="U14","4",IF(F54="U13","4",IF(F54="U11/U12","4",IF(F54="U9/U10","4",IF(F54="U9","4","3")))))))) | J54: =IF(A54="KM Neufeld","Pleninger Stefan",IF(A54="U16 LL","Josch Kögl",IF(A54="U15 LL Nord","Serdar Ekinci",IF(A54="U14 Nord","Gernot Servelda",IF(A54="U13 - Nord","Thomas Pöschl & Lenz Honc",IF(A54="U11 Nord D","Mario Magler&Ronny Archam",IF(A54="U9","Thomas Brandl&Daniel Hofbauer",IF(A54="U8","Berger Tobias&Sebastian Putric",IF(A54="U7","Türkes Ömer&Mahsumi Taha",IF(A54="Camp","Berger Dieter",IF(A54="Turnier","Berger Dieter","FEHLER"))))))))))) | K54: =IF(A54="KM Neufeld","+43 664 415 99 09",IF(A54="U16 LL","+43 650 262 82 63",IF(A54="U15 LL Nord","+43 650 701 02 44",IF(A54="U14 - Nord","+43 676 401 09 13",IF(A54="U13 - Nord","+43 677 613 55 114 & +43 664 114 43 52",IF(A54="U11 Nord D","+43 664 762 09 93 & +43 699 111 93 828",IF(A54="U9","+43 676 377 16 30 & +43 399 197 871 81",IF(A54="U8","+43 660 199 13 52 & +43 660 914 92 36",IF(A54="U7","+43 676 661 62 26 & +43 681 208 115 99",IF(A54="Camp","+43 660 77 39 500",IF(A54="Turnier","+43 660 77 39 500","FEHLER")))))))))))
A55: =Heimspiele!C44 | B55: =Heimspiele!D44 | C55: =Heimspiele!E44 | D55: =Heimspiele!F44 | E55: =Heimspiele!G44 | F55: U13 | G55: =IF(F55="Großfeld","Großfeld",IF(F55="U16","Großfeld",IF(F55="U15","Großfeld",IF(F55="U14","Großfeld",IF(F55="U13","75x55",IF(F55="U11/U12","55x40",IF(F55="U9/U10","40x25",IF(F55="U8","29x22","25x20")))))))) | H55: =IF(F55="Großfeld","7,32x2,44",IF(F55="U16","7,32x2,44",IF(F55="U15","7,32x2,44",IF(F55="U14","7,32x2,44",IF(F55="U13","5x2",IF(F55="U11/U12","5x2",IF(F55="U9/U10","5x2","4 Minitore"))))))) | I55: =IF(F55="Großfeld","5",IF(F55="U16","5",IF(F55="U15","5",IF(F55="U14","4",IF(F55="U13","4",IF(F55="U11/U12","4",IF(F55="U9/U10","4",IF(F55="U9","4","3")))))))) | J55: =IF(A55="KM Neufeld","Pleninger Stefan",IF(A55="U16 LL","Josch Kögl",IF(A55="U15 LL Nord","Serdar Ekinci",IF(A55="U14 Nord","Gernot Servelda",IF(A55="U13 Nord","Thomas Pöschl & Lenz Honc",IF(A55="U11 Nord D","Mario Magler&Ronny Archam",IF(A55="U9","Thomas Brandl&Daniel Hofbauer",IF(A55="U8","Berger Tobias&Sebastian Putric",IF(A55="U7","Türkes Ömer&Mahsumi Taha",IF(A55="Camp","Berger Dieter",IF(A55="Turnier","Berger Dieter","FEHLER"))))))))))) | K55: =IF(A55="KM Neufeld","+43 664 415 99 09",IF(A55="U16 LL","+43 650 262 82 63",IF(A55="U15 LL Nord","+43 650 701 02 44",IF(A55="U14 Nord","+43 676 401 09 13",IF(A55="U13 Nord","+43 677 613 55 114 & +43 664 114 43 52",IF(A55="U11 Nord D","+43 664 762 09 93 & +43 699 111 93 828",IF(A55="U9","+43 676 377 16 30 & +43 399 197 871 81",IF(A55="U8","+43 660 199 13 52 & +43 660 914 92 36",IF(A55="U7","+43 676 661 62 26 & +43 681 208 115 99",IF(A55="Camp","+43 660 77 39 500",IF(A55="Turnier","+43 660 77 39 500","FEHLER")))))))))))
A56: =Heimspiele!C57 | B56: =Heimspiele!D57 | D56: =Heimspiele!F57 | E56: =Heimspiele!G57 | F56: Großfeld | G56: =IF(F56="Großfeld","Großfeld",IF(F56="U16","Großfeld",IF(F56="U15","Großfeld",IF(F56="U14","Großfeld",IF(F56="U13","75x55",IF(F56="U11/U12","55x40",IF(F56="U9/U10","40x25",IF(F56="U8","29x22","25x20")))))))) | H56: =IF(F56="Großfeld","7,32x2,44",IF(F56="U16","7,32x2,44",IF(F56="U15","7,32x2,44",IF(F56="U14","7,32x2,44",IF(F56="U13","5x2",IF(F56="U11/U12","5x2",IF(F56="U9/U10","5x2","4 Minitore"))))))) | I56: =IF(F56="Großfeld","5",IF(F56="U16","5",IF(F56="U15","5",IF(F56="U14","4",IF(F56="U13","4",IF(F56="U11/U12","4",IF(F56="U9/U10","4",IF(F56="U9","4","3")))))))) | J56: =IF(A56="KM Neufeld","Pleninger Stefan",IF(A56="U16 LL","Josch Kögl",IF(A56="U15 LL Nord","Serdar Ekinci",IF(A56="U14 Nord","Gernot Servelda",IF(A56="U13 - Nord","Thomas Pöschl & Lenz Honc",IF(A56="U11 Nord D","Mario Magler&Ronny Archam",IF(A56="U9","Thomas Brandl&Daniel Hofbauer",IF(A56="U8","Berger Tobias&Sebastian Putric",IF(A56="U7","Türkes Ömer&Mahsumi Taha",IF(A56="Camp","Berger Dieter",IF(A56="Turnier","Berger Dieter","FEHLER"))))))))))) | K56: =IF(A56="KM Neufeld","+43 664 415 99 09",IF(A56="U16 LL","+43 650 262 82 63",IF(A56="U15 LL Nord","+43 650 701 02 44",IF(A56="U14 - Nord","+43 676 401 09 13",IF(A56="U13 - Nord","+43 677 613 55 114 & +43 664 114 43 52",IF(A56="U11 Nord D","+43 664 762 09 93 & +43 699 111 93 828",IF(A56="U9","+43 676 377 16 30 & +43 399 197 871 81",IF(A56="U8","+43 660 199 13 52 & +43 660 914 92 36",IF(A56="U7","+43 676 661 62 26 & +43 681 208 115 99",IF(A56="Camp","+43 660 77 39 500",IF(A56="Turnier","+43 660 77 39 500","FEHLER")))))))))))
A57: =Heimspiele!C48 | B57: =Heimspiele!D48 | C57: =Heimspiele!E48 | D57: =Heimspiele!F48 | E57: =Heimspiele!G48 | F57: U16 | G57: =IF(F57="Großfeld","Großfeld",IF(F57="U16","Großfeld",IF(F57="U15","Großfeld",IF(F57="U14","Großfeld",IF(F57="U13","75x55",IF(F57="U11/U12","55x40",IF(F57="U9/U10","40x25",IF(F57="U8","29x22","25x20")))))))) | H57: =IF(F57="Großfeld","7,32x2,44",IF(F57="U16","7,32x2,44",IF(F57="U15","7,32x2,44",IF(F57="U14","7,32x2,44",IF(F57="U13","5x2",IF(F57="U11/U12","5x2",IF(F57="U9/U10","5x2","4 Minitore"))))))) | I57: =IF(F57="Großfeld","5",IF(F57="U16","5",IF(F57="U15","5",IF(F57="U14","4",IF(F57="U13","4",IF(F57="U11/U12","4",IF(F57="U9/U10","4",IF(F57="U9","4","3")))))))) | J57: =IF(A57="KM Neufeld","Pleninger Stefan",IF(A57="U16 LL","Josch Kögl",IF(A57="U15 LL Nord","Serdar Ekinci",IF(A57="U14 Nord","Gernot Servelda",IF(A57="U13 Nord","Thomas Pöschl & Lenz Honc",IF(A57="U11 Nord D","Mario Magler&Ronny Archam",IF(A57="U9","Thomas Brandl&Daniel Hofbauer",IF(A57="U8","Berger Tobias&Sebastian Putric",IF(A57="U7","Türkes Ömer&Mahsumi Taha",IF(A57="Camp","Berger Dieter",IF(A57="Turnier","Berger Dieter","FEHLER"))))))))))) | K57: =IF(A57="KM Neufeld","+43 664 415 99 09",IF(A57="U16 LL","+43 650 262 82 63",IF(A57="U15 LL Nord","+43 650 701 02 44",IF(A57="U14 Nord","+43 676 401 09 13",IF(A57="U13 Nord","+43 677 613 55 114 & +43 664 114 43 52",IF(A57="U11 Nord D","+43 664 762 09 93 & +43 699 111 93 828",IF(A57="U9","+43 676 377 16 30 & +43 399 197 871 81",IF(A57="U8","+43 660 199 13 52 & +43 660 914 92 36",IF(A57="U7","+43 676 661 62 26 & +43 681 208 115 99",IF(A57="Camp","+43 660 77 39 500",IF(A57="Turnier","+43 660 77 39 500","FEHLER")))))))))))
A58: =Heimspiele!C59 | B58: =Heimspiele!D59 | D58: =Heimspiele!F59 | E58: =Heimspiele!G59 | F58: Großfeld | G58: =IF(F58="Großfeld","Großfeld",IF(F58="U16","Großfeld",IF(F58="U15","Großfeld",IF(F58="U14","Großfeld",IF(F58="U13","75x55",IF(F58="U11/U12","55x40",IF(F58="U9/U10","40x25",IF(F58="U8","29x22","25x20")))))))) | H58: =IF(F58="Großfeld","7,32x2,44",IF(F58="U16","7,32x2,44",IF(F58="U15","7,32x2,44",IF(F58="U14","7,32x2,44",IF(F58="U13","5x2",IF(F58="U11/U12","5x2",IF(F58="U9/U10","5x2","4 Minitore"))))))) | I58: =IF(F58="Großfeld","5",IF(F58="U16","5",IF(F58="U15","5",IF(F58="U14","4",IF(F58="U13","4",IF(F58="U11/U12","4",IF(F58="U9/U10","4",IF(F58="U9","4","3")))))))) | J58: =IF(A58="KM Neufeld","Pleninger Stefan",IF(A58="U16 LL","Josch Kögl",IF(A58="U15 LL Nord","Serdar Ekinci",IF(A58="U14 Nord","Gernot Servelda",IF(A58="U13 - Nord","Thomas Pöschl & Lenz Honc",IF(A58="U11 Nord D","Mario Magler&Ronny Archam",IF(A58="U9","Thomas Brandl&Daniel Hofbauer",IF(A58="U8","Berger Tobias&Sebastian Putric",IF(A58="U7","Türkes Ömer&Mahsumi Taha",IF(A58="Camp","Berger Dieter",IF(A58="Turnier","Berger Dieter","FEHLER"))))))))))) | K58: =IF(A58="KM Neufeld","+43 664 415 99 09",IF(A58="U16 LL","+43 650 262 82 63",IF(A58="U15 LL Nord","+43 650 701 02 44",IF(A58="U14 - Nord","+43 676 401 09 13",IF(A58="U13 - Nord","+43 677 613 55 114 & +43 664 114 43 52",IF(A58="U11 Nord D","+43 664 762 09 93 & +43 699 111 93 828",IF(A58="U9","+43 676 377 16 30 & +43 399 197 871 81",IF(A58="U8","+43 660 199 13 52 & +43 660 914 92 36",IF(A58="U7","+43 676 661 62 26 & +43 681 208 115 99",IF(A58="Camp","+43 660 77 39 500",IF(A58="Turnier","+43 660 77 39 500","FEHLER")))))))))))
A59: =Heimspiele!C52 | B59: =Heimspiele!D52 | C59: =Heimspiele!E52 | D59: =Heimspiele!F52 | E59: =Heimspiele!G52 | F59: Großfeld | G59: =IF(F59="Großfeld","Großfeld",IF(F59="U16","Großfeld",IF(F59="U15","Großfeld",IF(F59="U14","Großfeld",IF(F59="U13","75x55",IF(F59="U11/U12","55x40",IF(F59="U9/U10","40x25",IF(F59="U8","29x22","25x20")))))))) | H59: =IF(F59="Großfeld","7,32x2,44",IF(F59="U16","7,32x2,44",IF(F59="U15","7,32x2,44",IF(F59="U14","7,32x2,44",IF(F59="U13","5x2",IF(F59="U11/U12","5x2",IF(F59="U9/U10","5x2","4 Minitore"))))))) | I59: =IF(F59="Großfeld","5",IF(F59="U16","5",IF(F59="U15","5",IF(F59="U14","4",IF(F59="U13","4",IF(F59="U11/U12","4",IF(F59="U9/U10","4",IF(F59="U9","4","3")))))))) | J59: =IF(A59="KM Neufeld","Pleninger Stefan",IF(A59="U16 LL","Josch Kögl",IF(A59="U15 LL Nord","Serdar Ekinci",IF(A59="U14 Nord","Gernot Servelda",IF(A59="U13 Nord","Thomas Pöschl & Lenz Honc",IF(A59="U11 Nord D","Mario Magler&Ronny Archam",IF(A59="U9","Thomas Brandl&Daniel Hofbauer",IF(A59="U8","Berger Tobias&Sebastian Putric",IF(A59="U7","Türkes Ömer&Mahsumi Taha",IF(A59="Camp","Berger Dieter",IF(A59="Turnier","Berger Dieter","FEHLER"))))))))))) | K59: =IF(A59="KM Neufeld","+43 664 415 99 09",IF(A59="U16 LL","+43 650 262 82 63",IF(A59="U15 LL Nord","+43 650 701 02 44",IF(A59="U14 Nord","+43 676 401 09 13",IF(A59="U13 Nord","+43 677 613 55 114 & +43 664 114 43 52",IF(A59="U11 Nord D","+43 664 762 09 93 & +43 699 111 93 828",IF(A59="U9","+43 676 377 16 30 & +43 399 197 871 81",IF(A59="U8","+43 660 199 13 52 & +43 660 914 92 36",IF(A59="U7","+43 676 661 62 26 & +43 681 208 115 99",IF(A59="Camp","+43 660 77 39 500",IF(A59="Turnier","+43 660 77 39 500","FEHLER")))))))))))
A60: =Heimspiele!C61 | B60: =Heimspiele!D61 | D60: =Heimspiele!F61 | E60: =Heimspiele!G61 | F60: Großfeld | G60: =IF(F60="Großfeld","Großfeld",IF(F60="U16","Großfeld",IF(F60="U15","Großfeld",IF(F60="U14","Großfeld",IF(F60="U13","75x55",IF(F60="U11/U12","55x40",IF(F60="U9/U10","40x25",IF(F60="U8","29x22","25x20")))))))) | H60: =IF(F60="Großfeld","7,32x2,44",IF(F60="U16","7,32x2,44",IF(F60="U15","7,32x2,44",IF(F60="U14","7,32x2,44",IF(F60="U13","5x2",IF(F60="U11/U12","5x2",IF(F60="U9/U10","5x2","4 Minitore"))))))) | I60: =IF(F60="Großfeld","5",IF(F60="U16","5",IF(F60="U15","5",IF(F60="U14","4",IF(F60="U13","4",IF(F60="U11/U12","4",IF(F60="U9/U10","4",IF(F60="U9","4","3")))))))) | J60: =IF(A60="KM Neufeld","Pleninger Stefan",IF(A60="U16 LL","Josch Kögl",IF(A60="U15 LL Nord","Serdar Ekinci",IF(A60="U14 Nord","Gernot Servelda",IF(A60="U13 - Nord","Thomas Pöschl & Lenz Honc",IF(A60="U11 Nord D","Mario Magler&Ronny Archam",IF(A60="U9","Thomas Brandl&Daniel Hofbauer",IF(A60="U8","Berger Tobias&Sebastian Putric",IF(A60="U7","Türkes Ömer&Mahsumi Taha",IF(A60="Camp","Berger Dieter",IF(A60="Turnier","Berger Dieter","FEHLER"))))))))))) | K60: =IF(A60="KM Neufeld","+43 664 415 99 09",IF(A60="U16 LL","+43 650 262 82 63",IF(A60="U15 LL Nord","+43 650 701 02 44",IF(A60="U14 - Nord","+43 676 401 09 13",IF(A60="U13 - Nord","+43 677 613 55 114 & +43 664 114 43 52",IF(A60="U11 Nord D","+43 664 762 09 93 & +43 699 111 93 828",IF(A60="U9","+43 676 377 16 30 & +43 399 197 871 81",IF(A60="U8","+43 660 199 13 52 & +43 660 914 92 36",IF(A60="U7","+43 676 661 62 26 & +43 681 208 115 99",IF(A60="Camp","+43 660 77 39 500",IF(A60="Turnier","+43 660 77 39 500","FEHLER")))))))))))
A61: =Heimspiele!C54 | B61: =Heimspiele!D54 | C61: =Heimspiele!E54 | D61: =Heimspiele!F54 | E61: =Heimspiele!G54 | F61: U15 | G61: =IF(F61="Großfeld","Großfeld",IF(F61="U16","Großfeld",IF(F61="U15","Großfeld",IF(F61="U14","Großfeld",IF(F61="U13","75x55",IF(F61="U11/U12","55x40",IF(F61="U9/U10","40x25",IF(F61="U8","29x22","25x20")))))))) | H61: =IF(F61="Großfeld","7,32x2,44",IF(F61="U16","7,32x2,44",IF(F61="U15","7,32x2,44",IF(F61="U14","7,32x2,44",IF(F61="U13","5x2",IF(F61="U11/U12","5x2",IF(F61="U9/U10","5x2","4 Minitore"))))))) | I61: =IF(F61="Großfeld","5",IF(F61="U16","5",IF(F61="U15","5",IF(F61="U14","4",IF(F61="U13","4",IF(F61="U11/U12","4",IF(F61="U9/U10","4",IF(F61="U9","4","3")))))))) | J61: =IF(A61="KM Neufeld","Pleninger Stefan",IF(A61="U16 LL","Josch Kögl",IF(A61="U15 LL Nord","Serdar Ekinci",IF(A61="U14 Nord","Gernot Servelda",IF(A61="U13 Nord","Thomas Pöschl & Lenz Honc",IF(A61="U11 Nord D","Mario Magler&Ronny Archam",IF(A61="U9","Thomas Brandl&Daniel Hofbauer",IF(A61="U8","Berger Tobias&Sebastian Putric",IF(A61="U7","Türkes Ömer&Mahsumi Taha",IF(A61="Camp","Berger Dieter",IF(A61="Turnier","Berger Dieter","FEHLER"))))))))))) | K61: =IF(A61="KM Neufeld","+43 664 415 99 09",IF(A61="U16 LL","+43 650 262 82 63",IF(A61="U15 LL Nord","+43 650 701 02 44",IF(A61="U14 Nord","+43 676 401 09 13",IF(A61="U13 Nord","+43 677 613 55 114 & +43 664 114 43 52",IF(A61="U11 Nord D","+43 664 762 09 93 & +43 699 111 93 828",IF(A61="U9","+43 676 377 16 30 & +43 399 197 871 81",IF(A61="U8","+43 660 199 13 52 & +43 660 914 92 36",IF(A61="U7","+43 676 661 62 26 & +43 681 208 115 99",IF(A61="Camp","+43 660 77 39 500",IF(A61="Turnier","+43 660 77 39 500","FEHLER")))))))))))
A62: =Heimspiele!C63 | B62: =Heimspiele!D63 | D62: =Heimspiele!F63 | E62: =Heimspiele!G63 | F62: Großfeld | G62: =IF(F62="Großfeld","Großfeld",IF(F62="U16","Großfeld",IF(F62="U15","Großfeld",IF(F62="U14","Großfeld",IF(F62="U13","75x55",IF(F62="U11/U12","55x40",IF(F62="U9/U10","40x25",IF(F62="U8","29x22","25x20")))))))) | H62: =IF(F62="Großfeld","7,32x2,44",IF(F62="U16","7,32x2,44",IF(F62="U15","7,32x2,44",IF(F62="U14","7,32x2,44",IF(F62="U13","5x2",IF(F62="U11/U12","5x2",IF(F62="U9/U10","5x2","4 Minitore"))))))) | I62: =IF(F62="Großfeld","5",IF(F62="U16","5",IF(F62="U15","5",IF(F62="U14","4",IF(F62="U13","4",IF(F62="U11/U12","4",IF(F62="U9/U10","4",IF(F62="U9","4","3")))))))) | J62: =IF(A62="KM Neufeld","Pleninger Stefan",IF(A62="U16 LL","Josch Kögl",IF(A62="U15 LL Nord","Serdar Ekinci",IF(A62="U14 Nord","Gernot Servelda",IF(A62="U13 - Nord","Thomas Pöschl & Lenz Honc",IF(A62="U11 Nord D","Mario Magler&Ronny Archam",IF(A62="U9","Thomas Brandl&Daniel Hofbauer",IF(A62="U8","Berger Tobias&Sebastian Putric",IF(A62="U7","Türkes Ömer&Mahsumi Taha",IF(A62="Camp","Berger Dieter",IF(A62="Turnier","Berger Dieter","FEHLER"))))))))))) | K62: =IF(A62="KM Neufeld","+43 664 415 99 09",IF(A62="U16 LL","+43 650 262 82 63",IF(A62="U15 LL Nord","+43 650 701 02 44",IF(A62="U14 - Nord","+43 676 401 09 13",IF(A62="U13 - Nord","+43 677 613 55 114 & +43 664 114 43 52",IF(A62="U11 Nord D","+43 664 762 09 93 & +43 699 111 93 828",IF(A62="U9","+43 676 377 16 30 & +43 399 197 871 81",IF(A62="U8","+43 660 199 13 52 & +43 660 914 92 36",IF(A62="U7","+43 676 661 62 26 & +43 681 208 115 99",IF(A62="Camp","+43 660 77 39 500",IF(A62="Turnier","+43 660 77 39 500","FEHLER")))))))))))
A63: =Heimspiele!C64 | B63: =Heimspiele!D64 | D63: =Heimspiele!F64 | E63: =Heimspiele!G64 | F63: Großfeld | G63: =IF(F63="Großfeld","Großfeld",IF(F63="U16","Großfeld",IF(F63="U15","Großfeld",IF(F63="U14","Großfeld",IF(F63="U13","75x55",IF(F63="U11/U12","55x40",IF(F63="U9/U10","40x25",IF(F63="U8","29x22","25x20")))))))) | H63: =IF(F63="Großfeld","7,32x2,44",IF(F63="U16","7,32x2,44",IF(F63="U15","7,32x2,44",IF(F63="U14","7,32x2,44",IF(F63="U13","5x2",IF(F63="U11/U12","5x2",IF(F63="U9/U10","5x2","4 Minitore"))))))) | I63: =IF(F63="Großfeld","5",IF(F63="U16","5",IF(F63="U15","5",IF(F63="U14","4",IF(F63="U13","4",IF(F63="U11/U12","4",IF(F63="U9/U10","4",IF(F63="U9","4","3")))))))) | J63: =IF(A63="KM Neufeld","Pleninger Stefan",IF(A63="U16 LL","Josch Kögl",IF(A63="U15 LL Nord","Serdar Ekinci",IF(A63="U14 Nord","Gernot Servelda",IF(A63="U13 - Nord","Thomas Pöschl & Lenz Honc",IF(A63="U11 Nord D","Mario Magler&Ronny Archam",IF(A63="U9","Thomas Brandl&Daniel Hofbauer",IF(A63="U8","Berger Tobias&Sebastian Putric",IF(A63="U7","Türkes Ömer&Mahsumi Taha",IF(A63="Camp","Berger Dieter",IF(A63="Turnier","Berger Dieter","FEHLER"))))))))))) | K63: =IF(A63="KM Neufeld","+43 664 415 99 09",IF(A63="U16 LL","+43 650 262 82 63",IF(A63="U15 LL Nord","+43 650 701 02 44",IF(A63="U14 - Nord","+43 676 401 09 13",IF(A63="U13 - Nord","+43 677 613 55 114 & +43 664 114 43 52",IF(A63="U11 Nord D","+43 664 762 09 93 & +43 699 111 93 828",IF(A63="U9","+43 676 377 16 30 & +43 399 197 871 81",IF(A63="U8","+43 660 199 13 52 & +43 660 914 92 36",IF(A63="U7","+43 676 661 62 26 & +43 681 208 115 99",IF(A63="Camp","+43 660 77 39 500",IF(A63="Turnier","+43 660 77 39 500","FEHLER")))))))))))
A64: =Heimspiele!C56 | B64: =Heimspiele!D56 | C64: =Heimspiele!E56 | D64: =Heimspiele!F56 | E64: =Heimspiele!G56 | F64: U11/U12 | G64: =IF(F64="Großfeld","Großfeld",IF(F64="U16","Großfeld",IF(F64="U15","Großfeld",IF(F64="U14","Großfeld",IF(F64="U13","75x55",IF(F64="U11/U12","55x40",IF(F64="U9/U10","40x25",IF(F64="U8","29x22","25x20")))))))) | H64: =IF(F64="Großfeld","7,32x2,44",IF(F64="U16","7,32x2,44",IF(F64="U15","7,32x2,44",IF(F64="U14","7,32x2,44",IF(F64="U13","5x2",IF(F64="U11/U12","5x2",IF(F64="U9/U10","5x2","4 Minitore"))))))) | I64: =IF(F64="Großfeld","5",IF(F64="U16","5",IF(F64="U15","5",IF(F64="U14","4",IF(F64="U13","4",IF(F64="U11/U12","4",IF(F64="U9/U10","4",IF(F64="U9","4","3")))))))) | J64: =IF(A64="KM Neufeld","Pleninger Stefan",IF(A64="U16 LL","Josch Kögl",IF(A64="U15 LL Nord","Serdar Ekinci",IF(A64="U14 Nord","Gernot Servelda",IF(A64="U13 Nord","Thomas Pöschl & Lenz Honc",IF(A64="U11 Nord D","Mario Magler&Ronny Archam",IF(A64="U9","Thomas Brandl&Daniel Hofbauer",IF(A64="U8","Berger Tobias&Sebastian Putric",IF(A64="U7","Türkes Ömer&Mahsumi Taha",IF(A64="Camp","Berger Dieter",IF(A64="Turnier","Berger Dieter","FEHLER"))))))))))) | K64: =IF(A64="KM Neufeld","+43 664 415 99 09",IF(A64="U16 LL","+43 650 262 82 63",IF(A64="U15 LL Nord","+43 650 701 02 44",IF(A64="U14 Nord","+43 676 401 09 13",IF(A64="U13 Nord","+43 677 613 55 114 & +43 664 114 43 52",IF(A64="U11 Nord D","+43 664 762 09 93 & +43 699 111 93 828",IF(A64="U9","+43 676 377 16 30 & +43 399 197 871 81",IF(A64="U8","+43 660 199 13 52 & +43 660 914 92 36",IF(A64="U7","+43 676 661 62 26 & +43 681 208 115 99",IF(A64="Camp","+43 660 77 39 500",IF(A64="Turnier","+43 660 77 39 500","FEHLER")))))))))))
A65: =Heimspiele!C66 | B65: =Heimspiele!D66 | D65: =Heimspiele!F66 | E65: =Heimspiele!G66 | F65: Großfeld | G65: =IF(F65="Großfeld","Großfeld",IF(F65="U16","Großfeld",IF(F65="U15","Großfeld",IF(F65="U14","Großfeld",IF(F65="U13","75x55",IF(F65="U11/U12","55x40",IF(F65="U9/U10","40x25",IF(F65="U8","29x22","25x20")))))))) | H65: =IF(F65="Großfeld","7,32x2,44",IF(F65="U16","7,32x2,44",IF(F65="U15","7,32x2,44",IF(F65="U14","7,32x2,44",IF(F65="U13","5x2",IF(F65="U11/U12","5x2",IF(F65="U9/U10","5x2","4 Minitore"))))))) | I65: =IF(F65="Großfeld","5",IF(F65="U16","5",IF(F65="U15","5",IF(F65="U14","4",IF(F65="U13","4",IF(F65="U11/U12","4",IF(F65="U9/U10","4",IF(F65="U9","4","3")))))))) | J65: =IF(A65="KM Neufeld","Pleninger Stefan",IF(A65="U16 LL","Josch Kögl",IF(A65="U15 LL Nord","Serdar Ekinci",IF(A65="U14 Nord","Gernot Servelda",IF(A65="U13 - Nord","Thomas Pöschl & Lenz Honc",IF(A65="U11 Nord D","Mario Magler&Ronny Archam",IF(A65="U9","Thomas Brandl&Daniel Hofbauer",IF(A65="U8","Berger Tobias&Sebastian Putric",IF(A65="U7","Türkes Ömer&Mahsumi Taha",IF(A65="Camp","Berger Dieter",IF(A65="Turnier","Berger Dieter","FEHLER"))))))))))) | K65: =IF(A65="KM Neufeld","+43 664 415 99 09",IF(A65="U16 LL","+43 650 262 82 63",IF(A65="U15 LL Nord","+43 650 701 02 44",IF(A65="U14 - Nord","+43 676 401 09 13",IF(A65="U13 - Nord","+43 677 613 55 114 & +43 664 114 43 52",IF(A65="U11 Nord D","+43 664 762 09 93 & +43 699 111 93 828",IF(A65="U9","+43 676 377 16 30 & +43 399 197 871 81",IF(A65="U8","+43 660 199 13 52 & +43 660 914 92 36",IF(A65="U7","+43 676 661 62 26 & +43 681 208 115 99",IF(A65="Camp","+43 660 77 39 500",IF(A65="Turnier","+43 660 77 39 500","FEHLER")))))))))))
A66: =Heimspiele!C67 | B66: =Heimspiele!D67 | D66: =Heimspiele!F67 | E66: =Heimspiele!G67 | F66: Großfeld | G66: =IF(F66="Großfeld","Großfeld",IF(F66="U16","Großfeld",IF(F66="U15","Großfeld",IF(F66="U14","Großfeld",IF(F66="U13","75x55",IF(F66="U11/U12","55x40",IF(F66="U9/U10","40x25",IF(F66="U8","29x22","25x20")))))))) | H66: =IF(F66="Großfeld","7,32x2,44",IF(F66="U16","7,32x2,44",IF(F66="U15","7,32x2,44",IF(F66="U14","7,32x2,44",IF(F66="U13","5x2",IF(F66="U11/U12","5x2",IF(F66="U9/U10","5x2","4 Minitore"))))))) | I66: =IF(F66="Großfeld","5",IF(F66="U16","5",IF(F66="U15","5",IF(F66="U14","4",IF(F66="U13","4",IF(F66="U11/U12","4",IF(F66="U9/U10","4",IF(F66="U9","4","3")))))))) | J66: =IF(A66="KM Neufeld","Pleninger Stefan",IF(A66="U16 LL","Josch Kögl",IF(A66="U15 LL Nord","Serdar Ekinci",IF(A66="U14 Nord","Gernot Servelda",IF(A66="U13 - Nord","Thomas Pöschl & Lenz Honc",IF(A66="U11 Nord D","Mario Magler&Ronny Archam",IF(A66="U9","Thomas Brandl&Daniel Hofbauer",IF(A66="U8","Berger Tobias&Sebastian Putric",IF(A66="U7","Türkes Ömer&Mahsumi Taha",IF(A66="Camp","Berger Dieter",IF(A66="Turnier","Berger Dieter","FEHLER"))))))))))) | K66: =IF(A66="KM Neufeld","+43 664 415 99 09",IF(A66="U16 LL","+43 650 262 82 63",IF(A66="U15 LL Nord","+43 650 701 02 44",IF(A66="U14 - Nord","+43 676 401 09 13",IF(A66="U13 - Nord","+43 677 613 55 114 & +43 664 114 43 52",IF(A66="U11 Nord D","+43 664 762 09 93 & +43 699 111 93 828",IF(A66="U9","+43 676 377 16 30 & +43 399 197 871 81",IF(A66="U8","+43 660 199 13 52 & +43 660 914 92 36",IF(A66="U7","+43 676 661 62 26 & +43 681 208 115 99",IF(A66="Camp","+43 660 77 39 500",IF(A66="Turnier","+43 660 77 39 500","FEHLER")))))))))))
A67: =Heimspiele!C68 | B67: =Heimspiele!D68 | D67: =Heimspiele!F68 | E67: =Heimspiele!G68 | F67: Großfeld | G67: =IF(F67="Großfeld","Großfeld",IF(F67="U16","Großfeld",IF(F67="U15","Großfeld",IF(F67="U14","Großfeld",IF(F67="U13","75x55",IF(F67="U11/U12","55x40",IF(F67="U9/U10","40x25",IF(F67="U8","29x22","25x20")))))))) | H67: =IF(F67="Großfeld","7,32x2,44",IF(F67="U16","7,32x2,44",IF(F67="U15","7,32x2,44",IF(F67="U14","7,32x2,44",IF(F67="U13","5x2",IF(F67="U11/U12","5x2",IF(F67="U9/U10","5x2","4 Minitore"))))))) | I67: =IF(F67="Großfeld","5",IF(F67="U16","5",IF(F67="U15","5",IF(F67="U14","4",IF(F67="U13","4",IF(F67="U11/U12","4",IF(F67="U9/U10","4",IF(F67="U9","4","3")))))))) | J67: =IF(A67="KM Neufeld","Pleninger Stefan",IF(A67="U16 LL","Josch Kögl",IF(A67="U15 LL Nord","Serdar Ekinci",IF(A67="U14 Nord","Gernot Servelda",IF(A67="U13 - Nord","Thomas Pöschl & Lenz Honc",IF(A67="U11 Nord D","Mario Magler&Ronny Archam",IF(A67="U9","Thomas Brandl&Daniel Hofbauer",IF(A67="U8","Berger Tobias&Sebastian Putric",IF(A67="U7","Türkes Ömer&Mahsumi Taha",IF(A67="Camp","Berger Dieter",IF(A67="Turnier","Berger Dieter","FEHLER"))))))))))) | K67: =IF(A67="KM Neufeld","+43 664 415 99 09",IF(A67="U16 LL","+43 650 262 82 63",IF(A67="U15 LL Nord","+43 650 701 02 44",IF(A67="U14 - Nord","+43 676 401 09 13",IF(A67="U13 - Nord","+43 677 613 55 114 & +43 664 114 43 52",IF(A67="U11 Nord D","+43 664 762 09 93 & +43 699 111 93 828",IF(A67="U9","+43 676 377 16 30 & +43 399 197 871 81",IF(A67="U8","+43 660 199 13 52 & +43 660 914 92 36",IF(A67="U7","+43 676 661 62 26 & +43 681 208 115 99",IF(A67="Camp","+43 660 77 39 500",IF(A67="Turnier","+43 660 77 39 500","FEHLER")))))))))))
A68: =Heimspiele!C69 | B68: =Heimspiele!D69 | D68: =Heimspiele!F69 | E68: =Heimspiele!G69 | F68: Großfeld | G68: =IF(F68="Großfeld","Großfeld",IF(F68="U16","Großfeld",IF(F68="U15","Großfeld",IF(F68="U14","Großfeld",IF(F68="U13","75x55",IF(F68="U11/U12","55x40",IF(F68="U9/U10","40x25",IF(F68="U8","29x22","25x20")))))))) | H68: =IF(F68="Großfeld","7,32x2,44",IF(F68="U16","7,32x2,44",IF(F68="U15","7,32x2,44",IF(F68="U14","7,32x2,44",IF(F68="U13","5x2",IF(F68="U11/U12","5x2",IF(F68="U9/U10","5x2","4 Minitore"))))))) | I68: =IF(F68="Großfeld","5",IF(F68="U16","5",IF(F68="U15","5",IF(F68="U14","4",IF(F68="U13","4",IF(F68="U11/U12","4",IF(F68="U9/U10","4",IF(F68="U9","4","3")))))))) | J68: =IF(A68="KM Neufeld","Pleninger Stefan",IF(A68="U16 LL","Josch Kögl",IF(A68="U15 LL Nord","Serdar Ekinci",IF(A68="U14 Nord","Gernot Servelda",IF(A68="U13 - Nord","Thomas Pöschl & Lenz Honc",IF(A68="U11 Nord D","Mario Magler&Ronny Archam",IF(A68="U9","Thomas Brandl&Daniel Hofbauer",IF(A68="U8","Berger Tobias&Sebastian Putric",IF(A68="U7","Türkes Ömer&Mahsumi Taha",IF(A68="Camp","Berger Dieter",IF(A68="Turnier","Berger Dieter","FEHLER"))))))))))) | K68: =IF(A68="KM Neufeld","+43 664 415 99 09",IF(A68="U16 LL","+43 650 262 82 63",IF(A68="U15 LL Nord","+43 650 701 02 44",IF(A68="U14 - Nord","+43 676 401 09 13",IF(A68="U13 - Nord","+43 677 613 55 114 & +43 664 114 43 52",IF(A68="U11 Nord D","+43 664 762 09 93 & +43 699 111 93 828",IF(A68="U9","+43 676 377 16 30 & +43 399 197 871 81",IF(A68="U8","+43 660 199 13 52 & +43 660 914 92 36",IF(A68="U7","+43 676 661 62 26 & +43 681 208 115 99",IF(A68="Camp","+43 660 77 39 500",IF(A68="Turnier","+43 660 77 39 500","FEHLER")))))))))))
A69: =Heimspiele!C58 | B69: =Heimspiele!D58 | C69: =Heimspiele!E58 | D69: =Heimspiele!F58 | E69: =Heimspiele!G58 | F69: Großfeld | G69: =IF(F69="Großfeld","Großfeld",IF(F69="U16","Großfeld",IF(F69="U15","Großfeld",IF(F69="U14","Großfeld",IF(F69="U13","75x55",IF(F69="U11/U12","55x40",IF(F69="U9/U10","40x25",IF(F69="U8","29x22","25x20")))))))) | H69: =IF(F69="Großfeld","7,32x2,44",IF(F69="U16","7,32x2,44",IF(F69="U15","7,32x2,44",IF(F69="U14","7,32x2,44",IF(F69="U13","5x2",IF(F69="U11/U12","5x2",IF(F69="U9/U10","5x2","4 Minitore"))))))) | I69: =IF(F69="Großfeld","5",IF(F69="U16","5",IF(F69="U15","5",IF(F69="U14","4",IF(F69="U13","4",IF(F69="U11/U12","4",IF(F69="U9/U10","4",IF(F69="U9","4","3")))))))) | J69: =IF(A69="KM Neufeld","Pleninger Stefan",IF(A69="U16 LL","Josch Kögl",IF(A69="U15 LL Nord","Serdar Ekinci",IF(A69="U14 Nord","Gernot Servelda",IF(A69="U13 Nord","Thomas Pöschl & Lenz Honc",IF(A69="U11 Nord D","Mario Magler&Ronny Archam",IF(A69="U9","Thomas Brandl&Daniel Hofbauer",IF(A69="U8","Berger Tobias&Sebastian Putric",IF(A69="U7","Türkes Ömer&Mahsumi Taha",IF(A69="Camp","Berger Dieter",IF(A69="Turnier","Berger Dieter","FEHLER"))))))))))) | K69: =IF(A69="KM Neufeld","+43 664 415 99 09",IF(A69="U16 LL","+43 650 262 82 63",IF(A69="U15 LL Nord","+43 650 701 02 44",IF(A69="U14 Nord","+43 676 401 09 13",IF(A69="U13 Nord","+43 677 613 55 114 & +43 664 114 43 52",IF(A69="U11 Nord D","+43 664 762 09 93 & +43 699 111 93 828",IF(A69="U9","+43 676 377 16 30 & +43 399 197 871 81",IF(A69="U8","+43 660 199 13 52 & +43 660 914 92 36",IF(A69="U7","+43 676 661 62 26 & +43 681 208 115 99",IF(A69="Camp","+43 660 77 39 500",IF(A69="Turnier","+43 660 77 39 500","FEHLER")))))))))))
A70: =Heimspiele!C71 | B70: =Heimspiele!D71 | D70: =Heimspiele!F71 | E70: =Heimspiele!G71 | F70: Großfeld | G70: =IF(F70="Großfeld","Großfeld",IF(F70="U16","Großfeld",IF(F70="U15","Großfeld",IF(F70="U14","Großfeld",IF(F70="U13","75x55",IF(F70="U11/U12","55x40",IF(F70="U9/U10","40x25",IF(F70="U8","29x22","25x20")))))))) | H70: =IF(F70="Großfeld","7,32x2,44",IF(F70="U16","7,32x2,44",IF(F70="U15","7,32x2,44",IF(F70="U14","7,32x2,44",IF(F70="U13","5x2",IF(F70="U11/U12","5x2",IF(F70="U9/U10","5x2","4 Minitore"))))))) | I70: =IF(F70="Großfeld","5",IF(F70="U16","5",IF(F70="U15","5",IF(F70="U14","4",IF(F70="U13","4",IF(F70="U11/U12","4",IF(F70="U9/U10","4",IF(F70="U9","4","3")))))))) | J70: =IF(A70="KM Neufeld","Pleninger Stefan",IF(A70="U16 LL","Josch Kögl",IF(A70="U15 LL Nord","Serdar Ekinci",IF(A70="U14 Nord","Gernot Servelda",IF(A70="U13 - Nord","Thomas Pöschl & Lenz Honc",IF(A70="U11 Nord D","Mario Magler&Ronny Archam",IF(A70="U9","Thomas Brandl&Daniel Hofbauer",IF(A70="U8","Berger Tobias&Sebastian Putric",IF(A70="U7","Türkes Ömer&Mahsumi Taha",IF(A70="Camp","Berger Dieter",IF(A70="Turnier","Berger Dieter","FEHLER"))))))))))) | K70: =IF(A70="KM Neufeld","+43 664 415 99 09",IF(A70="U16 LL","+43 650 262 82 63",IF(A70="U15 LL Nord","+43 650 701 02 44",IF(A70="U14 - Nord","+43 676 401 09 13",IF(A70="U13 - Nord","+43 677 613 55 114 & +43 664 114 43 52",IF(A70="U11 Nord D","+43 664 762 09 93 & +43 699 111 93 828",IF(A70="U9","+43 676 377 16 30 & +43 399 197 871 81",IF(A70="U8","+43 660 199 13 52 & +43 660 914 92 36",IF(A70="U7","+43 676 661 62 26 & +43 681 208 115 99",IF(A70="Camp","+43 660 77 39 500",IF(A70="Turnier","+43 660 77 39 500","FEHLER")))))))))))
A71: =Heimspiele!C72 | B71: =Heimspiele!D72 | D71: =Heimspiele!F72 | E71: =Heimspiele!G72 | F71: Großfeld | G71: =IF(F71="Großfeld","Großfeld",IF(F71="U16","Großfeld",IF(F71="U15","Großfeld",IF(F71="U14","Großfeld",IF(F71="U13","75x55",IF(F71="U11/U12","55x40",IF(F71="U9/U10","40x25",IF(F71="U8","29x22","25x20")))))))) | H71: =IF(F71="Großfeld","7,32x2,44",IF(F71="U16","7,32x2,44",IF(F71="U15","7,32x2,44",IF(F71="U14","7,32x2,44",IF(F71="U13","5x2",IF(F71="U11/U12","5x2",IF(F71="U9/U10","5x2","4 Minitore"))))))) | I71: =IF(F71="Großfeld","5",IF(F71="U16","5",IF(F71="U15","5",IF(F71="U14","4",IF(F71="U13","4",IF(F71="U11/U12","4",IF(F71="U9/U10","4",IF(F71="U9","4","3")))))))) | J71: =IF(A71="KM Neufeld","Pleninger Stefan",IF(A71="U16 LL","Josch Kögl",IF(A71="U15 LL Nord","Serdar Ekinci",IF(A71="U14 Nord","Gernot Servelda",IF(A71="U13 - Nord","Thomas Pöschl & Lenz Honc",IF(A71="U11 Nord D","Mario Magler&Ronny Archam",IF(A71="U9","Thomas Brandl&Daniel Hofbauer",IF(A71="U8","Berger Tobias&Sebastian Putric",IF(A71="U7","Türkes Ömer&Mahsumi Taha",IF(A71="Camp","Berger Dieter",IF(A71="Turnier","Berger Dieter","FEHLER"))))))))))) | K71: =IF(A71="KM Neufeld","+43 664 415 99 09",IF(A71="U16 LL","+43 650 262 82 63",IF(A71="U15 LL Nord","+43 650 701 02 44",IF(A71="U14 - Nord","+43 676 401 09 13",IF(A71="U13 - Nord","+43 677 613 55 114 & +43 664 114 43 52",IF(A71="U11 Nord D","+43 664 762 09 93 & +43 699 111 93 828",IF(A71="U9","+43 676 377 16 30 & +43 399 197 871 81",IF(A71="U8","+43 660 199 13 52 & +43 660 914 92 36",IF(A71="U7","+43 676 661 62 26 & +43 681 208 115 99",IF(A71="Camp","+43 660 77 39 500",IF(A71="Turnier","+43 660 77 39 500","FEHLER")))))))))))
A72: =Heimspiele!C73 | B72: =Heimspiele!D73 | D72: =Heimspiele!F73 | E72: =Heimspiele!G73 | F72: Großfeld | G72: =IF(F72="Großfeld","Großfeld",IF(F72="U16","Großfeld",IF(F72="U15","Großfeld",IF(F72="U14","Großfeld",IF(F72="U13","75x55",IF(F72="U11/U12","55x40",IF(F72="U9/U10","40x25",IF(F72="U8","29x22","25x20")))))))) | H72: =IF(F72="Großfeld","7,32x2,44",IF(F72="U16","7,32x2,44",IF(F72="U15","7,32x2,44",IF(F72="U14","7,32x2,44",IF(F72="U13","5x2",IF(F72="U11/U12","5x2",IF(F72="U9/U10","5x2","4 Minitore"))))))) | I72: =IF(F72="Großfeld","5",IF(F72="U16","5",IF(F72="U15","5",IF(F72="U14","4",IF(F72="U13","4",IF(F72="U11/U12","4",IF(F72="U9/U10","4",IF(F72="U9","4","3")))))))) | J72: =IF(A72="KM Neufeld","Pleninger Stefan",IF(A72="U16 LL","Josch Kögl",IF(A72="U15 LL Nord","Serdar Ekinci",IF(A72="U14 Nord","Gernot Servelda",IF(A72="U13 - Nord","Thomas Pöschl & Lenz Honc",IF(A72="U11 Nord D","Mario Magler&Ronny Archam",IF(A72="U9","Thomas Brandl&Daniel Hofbauer",IF(A72="U8","Berger Tobias&Sebastian Putric",IF(A72="U7","Türkes Ömer&Mahsumi Taha",IF(A72="Camp","Berger Dieter",IF(A72="Turnier","Berger Dieter","FEHLER"))))))))))) | K72: =IF(A72="KM Neufeld","+43 664 415 99 09",IF(A72="U16 LL","+43 650 262 82 63",IF(A72="U15 LL Nord","+43 650 701 02 44",IF(A72="U14 - Nord","+43 676 401 09 13",IF(A72="U13 - Nord","+43 677 613 55 114 & +43 664 114 43 52",IF(A72="U11 Nord D","+43 664 762 09 93 & +43 699 111 93 828",IF(A72="U9","+43 676 377 16 30 & +43 399 197 871 81",IF(A72="U8","+43 660 199 13 52 & +43 660 914 92 36",IF(A72="U7","+43 676 661 62 26 & +43 681 208 115 99",IF(A72="Camp","+43 660 77 39 500",IF(A72="Turnier","+43 660 77 39 500","FEHLER")))))))))))
A73: =Heimspiele!C74 | B73: =Heimspiele!D74 | D73: =Heimspiele!F74 | E73: =Heimspiele!G74 | F73: Großfeld | G73: =IF(F73="Großfeld","Großfeld",IF(F73="U16","Großfeld",IF(F73="U15","Großfeld",IF(F73="U14","Großfeld",IF(F73="U13","75x55",IF(F73="U11/U12","55x40",IF(F73="U9/U10","40x25",IF(F73="U8","29x22","25x20")))))))) | H73: =IF(F73="Großfeld","7,32x2,44",IF(F73="U16","7,32x2,44",IF(F73="U15","7,32x2,44",IF(F73="U14","7,32x2,44",IF(F73="U13","5x2",IF(F73="U11/U12","5x2",IF(F73="U9/U10","5x2","4 Minitore"))))))) | I73: =IF(F73="Großfeld","5",IF(F73="U16","5",IF(F73="U15","5",IF(F73="U14","4",IF(F73="U13","4",IF(F73="U11/U12","4",IF(F73="U9/U10","4",IF(F73="U9","4","3")))))))) | J73: =IF(A73="KM Neufeld","Pleninger Stefan",IF(A73="U16 LL","Josch Kögl",IF(A73="U15 LL Nord","Serdar Ekinci",IF(A73="U14 Nord","Gernot Servelda",IF(A73="U13 - Nord","Thomas Pöschl & Lenz Honc",IF(A73="U11 Nord D","Mario Magler&Ronny Archam",IF(A73="U9","Thomas Brandl&Daniel Hofbauer",IF(A73="U8","Berger Tobias&Sebastian Putric",IF(A73="U7","Türkes Ömer&Mahsumi Taha",IF(A73="Camp","Berger Dieter",IF(A73="Turnier","Berger Dieter","FEHLER"))))))))))) | K73: =IF(A73="KM Neufeld","+43 664 415 99 09",IF(A73="U16 LL","+43 650 262 82 63",IF(A73="U15 LL Nord","+43 650 701 02 44",IF(A73="U14 - Nord","+43 676 401 09 13",IF(A73="U13 - Nord","+43 677 613 55 114 & +43 664 114 43 52",IF(A73="U11 Nord D","+43 664 762 09 93 & +43 699 111 93 828",IF(A73="U9","+43 676 377 16 30 & +43 399 197 871 81",IF(A73="U8","+43 660 199 13 52 & +43 660 914 92 36",IF(A73="U7","+43 676 661 62 26 & +43 681 208 115 99",IF(A73="Camp","+43 660 77 39 500",IF(A73="Turnier","+43 660 77 39 500","FEHLER")))))))))))
A74: =Heimspiele!C60 | B74: =Heimspiele!D60 | C74: =Heimspiele!E60 | D74: =Heimspiele!F60 | E74: =Heimspiele!G60 | F74: U14 | G74: =IF(F74="Großfeld","Großfeld",IF(F74="U16","Großfeld",IF(F74="U15","Großfeld",IF(F74="U14","Großfeld",IF(F74="U13","75x55",IF(F74="U11/U12","55x40",IF(F74="U9/U10","40x25",IF(F74="U8","29x22","25x20")))))))) | H74: =IF(F74="Großfeld","7,32x2,44",IF(F74="U16","7,32x2,44",IF(F74="U15","7,32x2,44",IF(F74="U14","7,32x2,44",IF(F74="U13","5x2",IF(F74="U11/U12","5x2",IF(F74="U9/U10","5x2","4 Minitore"))))))) | I74: =IF(F74="Großfeld","5",IF(F74="U16","5",IF(F74="U15","5",IF(F74="U14","4",IF(F74="U13","4",IF(F74="U11/U12","4",IF(F74="U9/U10","4",IF(F74="U9","4","3")))))))) | J74: =IF(A74="KM Neufeld","Pleninger Stefan",IF(A74="U16 LL","Josch Kögl",IF(A74="U15 LL Nord","Serdar Ekinci",IF(A74="U14 Nord","Gernot Servelda",IF(A74="U13 Nord","Thomas Pöschl & Lenz Honc",IF(A74="U11 Nord D","Mario Magler&Ronny Archam",IF(A74="U9","Thomas Brandl&Daniel Hofbauer",IF(A74="U8","Berger Tobias&Sebastian Putric",IF(A74="U7","Türkes Ömer&Mahsumi Taha",IF(A74="Camp","Berger Dieter",IF(A74="Turnier","Berger Dieter","FEHLER"))))))))))) | K74: =IF(A74="KM Neufeld","+43 664 415 99 09",IF(A74="U16 LL","+43 650 262 82 63",IF(A74="U15 LL Nord","+43 650 701 02 44",IF(A74="U14 Nord","+43 676 401 09 13",IF(A74="U13 Nord","+43 677 613 55 114 & +43 664 114 43 52",IF(A74="U11 Nord D","+43 664 762 09 93 & +43 699 111 93 828",IF(A74="U9","+43 676 377 16 30 & +43 399 197 871 81",IF(A74="U8","+43 660 199 13 52 & +43 660 914 92 36",IF(A74="U7","+43 676 661 62 26 & +43 681 208 115 99",IF(A74="Camp","+43 660 77 39 500",IF(A74="Turnier","+43 660 77 39 500","FEHLER")))))))))))
A75: =Heimspiele!C76 | B75: =Heimspiele!D76 | D75: =Heimspiele!F76 | E75: =Heimspiele!G76 | F75: Großfeld | G75: =IF(F75="Großfeld","Großfeld",IF(F75="U16","Großfeld",IF(F75="U15","Großfeld",IF(F75="U14","Großfeld",IF(F75="U13","75x55",IF(F75="U11/U12","55x40",IF(F75="U9/U10","40x25",IF(F75="U8","29x22","25x20")))))))) | H75: =IF(F75="Großfeld","7,32x2,44",IF(F75="U16","7,32x2,44",IF(F75="U15","7,32x2,44",IF(F75="U14","7,32x2,44",IF(F75="U13","5x2",IF(F75="U11/U12","5x2",IF(F75="U9/U10","5x2","4 Minitore"))))))) | I75: =IF(F75="Großfeld","5",IF(F75="U16","5",IF(F75="U15","5",IF(F75="U14","4",IF(F75="U13","4",IF(F75="U11/U12","4",IF(F75="U9/U10","4",IF(F75="U9","4","3")))))))) | J75: =IF(A75="KM Neufeld","Pleninger Stefan",IF(A75="U16 LL","Josch Kögl",IF(A75="U15 LL Nord","Serdar Ekinci",IF(A75="U14 Nord","Gernot Servelda",IF(A75="U13 - Nord","Thomas Pöschl & Lenz Honc",IF(A75="U11 Nord D","Mario Magler&Ronny Archam",IF(A75="U9","Thomas Brandl&Daniel Hofbauer",IF(A75="U8","Berger Tobias&Sebastian Putric",IF(A75="U7","Türkes Ömer&Mahsumi Taha",IF(A75="Camp","Berger Dieter",IF(A75="Turnier","Berger Dieter","FEHLER"))))))))))) | K75: =IF(A75="KM Neufeld","+43 664 415 99 09",IF(A75="U16 LL","+43 650 262 82 63",IF(A75="U15 LL Nord","+43 650 701 02 44",IF(A75="U14 - Nord","+43 676 401 09 13",IF(A75="U13 - Nord","+43 677 613 55 114 & +43 664 114 43 52",IF(A75="U11 Nord D","+43 664 762 09 93 & +43 699 111 93 828",IF(A75="U9","+43 676 377 16 30 & +43 399 197 871 81",IF(A75="U8","+43 660 199 13 52 & +43 660 914 92 36",IF(A75="U7","+43 676 661 62 26 & +43 681 208 115 99",IF(A75="Camp","+43 660 77 39 500",IF(A75="Turnier","+43 660 77 39 500","FEHLER")))))))))))
A76: =Heimspiele!C77 | B76: =Heimspiele!D77 | D76: =Heimspiele!F77 | E76: =Heimspiele!G77 | F76: Großfeld | G76: =IF(F76="Großfeld","Großfeld",IF(F76="U16","Großfeld",IF(F76="U15","Großfeld",IF(F76="U14","Großfeld",IF(F76="U13","75x55",IF(F76="U11/U12","55x40",IF(F76="U9/U10","40x25",IF(F76="U8","29x22","25x20")))))))) | H76: =IF(F76="Großfeld","7,32x2,44",IF(F76="U16","7,32x2,44",IF(F76="U15","7,32x2,44",IF(F76="U14","7,32x2,44",IF(F76="U13","5x2",IF(F76="U11/U12","5x2",IF(F76="U9/U10","5x2","4 Minitore"))))))) | I76: =IF(F76="Großfeld","5",IF(F76="U16","5",IF(F76="U15","5",IF(F76="U14","4",IF(F76="U13","4",IF(F76="U11/U12","4",IF(F76="U9/U10","4",IF(F76="U9","4","3")))))))) | J76: =IF(A76="KM Neufeld","Pleninger Stefan",IF(A76="U16 LL","Josch Kögl",IF(A76="U15 LL Nord","Serdar Ekinci",IF(A76="U14 Nord","Gernot Servelda",IF(A76="U13 - Nord","Thomas Pöschl & Lenz Honc",IF(A76="U11 Nord D","Mario Magler&Ronny Archam",IF(A76="U9","Thomas Brandl&Daniel Hofbauer",IF(A76="U8","Berger Tobias&Sebastian Putric",IF(A76="U7","Türkes Ömer&Mahsumi Taha",IF(A76="Camp","Berger Dieter",IF(A76="Turnier","Berger Dieter","FEHLER"))))))))))) | K76: =IF(A76="KM Neufeld","+43 664 415 99 09",IF(A76="U16 LL","+43 650 262 82 63",IF(A76="U15 LL Nord","+43 650 701 02 44",IF(A76="U14 - Nord","+43 676 401 09 13",IF(A76="U13 - Nord","+43 677 613 55 114 & +43 664 114 43 52",IF(A76="U11 Nord D","+43 664 762 09 93 & +43 699 111 93 828",IF(A76="U9","+43 676 377 16 30 & +43 399 197 871 81",IF(A76="U8","+43 660 199 13 52 & +43 660 914 92 36",IF(A76="U7","+43 676 661 62 26 & +43 681 208 115 99",IF(A76="Camp","+43 660 77 39 500",IF(A76="Turnier","+43 660 77 39 500","FEHLER")))))))))))
A77: =Heimspiele!C78 | B77: =Heimspiele!D78 | D77: =Heimspiele!F78 | E77: =Heimspiele!G78 | F77: Großfeld | G77: =IF(F77="Großfeld","Großfeld",IF(F77="U16","Großfeld",IF(F77="U15","Großfeld",IF(F77="U14","Großfeld",IF(F77="U13","75x55",IF(F77="U11/U12","55x40",IF(F77="U9/U10","40x25",IF(F77="U8","29x22","25x20")))))))) | H77: =IF(F77="Großfeld","7,32x2,44",IF(F77="U16","7,32x2,44",IF(F77="U15","7,32x2,44",IF(F77="U14","7,32x2,44",IF(F77="U13","5x2",IF(F77="U11/U12","5x2",IF(F77="U9/U10","5x2","4 Minitore"))))))) | I77: =IF(F77="Großfeld","5",IF(F77="U16","5",IF(F77="U15","5",IF(F77="U14","4",IF(F77="U13","4",IF(F77="U11/U12","4",IF(F77="U9/U10","4",IF(F77="U9","4","3")))))))) | J77: =IF(A77="KM Neufeld","Pleninger Stefan",IF(A77="U16 LL","Josch Kögl",IF(A77="U15 LL Nord","Serdar Ekinci",IF(A77="U14 Nord","Gernot Servelda",IF(A77="U13 - Nord","Thomas Pöschl & Lenz Honc",IF(A77="U11 Nord D","Mario Magler&Ronny Archam",IF(A77="U9","Thomas Brandl&Daniel Hofbauer",IF(A77="U8","Berger Tobias&Sebastian Putric",IF(A77="U7","Türkes Ömer&Mahsumi Taha",IF(A77="Camp","Berger Dieter",IF(A77="Turnier","Berger Dieter","FEHLER"))))))))))) | K77: =IF(A77="KM Neufeld","+43 664 415 99 09",IF(A77="U16 LL","+43 650 262 82 63",IF(A77="U15 LL Nord","+43 650 701 02 44",IF(A77="U14 - Nord","+43 676 401 09 13",IF(A77="U13 - Nord","+43 677 613 55 114 & +43 664 114 43 52",IF(A77="U11 Nord D","+43 664 762 09 93 & +43 699 111 93 828",IF(A77="U9","+43 676 377 16 30 & +43 399 197 871 81",IF(A77="U8","+43 660 199 13 52 & +43 660 914 92 36",IF(A77="U7","+43 676 661 62 26 & +43 681 208 115 99",IF(A77="Camp","+43 660 77 39 500",IF(A77="Turnier","+43 660 77 39 500","FEHLER")))))))))))
A78: =Heimspiele!C79 | B78: =Heimspiele!D79 | D78: =Heimspiele!F79 | E78: =Heimspiele!G79 | F78: Großfeld | G78: =IF(F78="Großfeld","Großfeld",IF(F78="U16","Großfeld",IF(F78="U15","Großfeld",IF(F78="U14","Großfeld",IF(F78="U13","75x55",IF(F78="U11/U12","55x40",IF(F78="U9/U10","40x25",IF(F78="U8","29x22","25x20")))))))) | H78: =IF(F78="Großfeld","7,32x2,44",IF(F78="U16","7,32x2,44",IF(F78="U15","7,32x2,44",IF(F78="U14","7,32x2,44",IF(F78="U13","5x2",IF(F78="U11/U12","5x2",IF(F78="U9/U10","5x2","4 Minitore"))))))) | I78: =IF(F78="Großfeld","5",IF(F78="U16","5",IF(F78="U15","5",IF(F78="U14","4",IF(F78="U13","4",IF(F78="U11/U12","4",IF(F78="U9/U10","4",IF(F78="U9","4","3")))))))) | J78: =IF(A78="KM Neufeld","Pleninger Stefan",IF(A78="U16 LL","Josch Kögl",IF(A78="U15 LL Nord","Serdar Ekinci",IF(A78="U14 Nord","Gernot Servelda",IF(A78="U13 - Nord","Thomas Pöschl & Lenz Honc",IF(A78="U11 Nord D","Mario Magler&Ronny Archam",IF(A78="U9","Thomas Brandl&Daniel Hofbauer",IF(A78="U8","Berger Tobias&Sebastian Putric",IF(A78="U7","Türkes Ömer&Mahsumi Taha",IF(A78="Camp","Berger Dieter",IF(A78="Turnier","Berger Dieter","FEHLER"))))))))))) | K78: =IF(A78="KM Neufeld","+43 664 415 99 09",IF(A78="U16 LL","+43 650 262 82 63",IF(A78="U15 LL Nord","+43 650 701 02 44",IF(A78="U14 - Nord","+43 676 401 09 13",IF(A78="U13 - Nord","+43 677 613 55 114 & +43 664 114 43 52",IF(A78="U11 Nord D","+43 664 762 09 93 & +43 699 111 93 828",IF(A78="U9","+43 676 377 16 30 & +43 399 197 871 81",IF(A78="U8","+43 660 199 13 52 & +43 660 914 92 36",IF(A78="U7","+43 676 661 62 26 & +43 681 208 115 99",IF(A78="Camp","+43 660 77 39 500",IF(A78="Turnier","+43 660 77 39 500","FEHLER")))))))))))
A79: =Heimspiele!C62 | B79: =Heimspiele!D62 | C79: =Heimspiele!E62 | D79: =Heimspiele!F62 | E79: =Heimspiele!G62 | F79: U14 | G79: =IF(F79="Großfeld","Großfeld",IF(F79="U16","Großfeld",IF(F79="U15","Großfeld",IF(F79="U14","Großfeld",IF(F79="U13","75x55",IF(F79="U11/U12","55x40",IF(F79="U9/U10","40x25",IF(F79="U8","29x22","25x20")))))))) | H79: =IF(F79="Großfeld","7,32x2,44",IF(F79="U16","7,32x2,44",IF(F79="U15","7,32x2,44",IF(F79="U14","7,32x2,44",IF(F79="U13","5x2",IF(F79="U11/U12","5x2",IF(F79="U9/U10","5x2","4 Minitore"))))))) | I79: =IF(F79="Großfeld","5",IF(F79="U16","5",IF(F79="U15","5",IF(F79="U14","4",IF(F79="U13","4",IF(F79="U11/U12","4",IF(F79="U9/U10","4",IF(F79="U9","4","3")))))))) | J79: =IF(A79="KM Neufeld","Pleninger Stefan",IF(A79="U16 LL","Josch Kögl",IF(A79="U15 LL Nord","Serdar Ekinci",IF(A79="U14 Nord","Gernot Servelda",IF(A79="U13 Nord","Thomas Pöschl & Lenz Honc",IF(A79="U11 Nord D","Mario Magler&Ronny Archam",IF(A79="U9","Thomas Brandl&Daniel Hofbauer",IF(A79="U8","Berger Tobias&Sebastian Putric",IF(A79="U7","Türkes Ömer&Mahsumi Taha",IF(A79="Camp","Berger Dieter",IF(A79="Turnier","Berger Dieter","FEHLER"))))))))))) | K79: =IF(A79="KM Neufeld","+43 664 415 99 09",IF(A79="U16 LL","+43 650 262 82 63",IF(A79="U15 LL Nord","+43 650 701 02 44",IF(A79="U14 Nord","+43 676 401 09 13",IF(A79="U13 Nord","+43 677 613 55 114 & +43 664 114 43 52",IF(A79="U11 Nord D","+43 664 762 09 93 & +43 699 111 93 828",IF(A79="U9","+43 676 377 16 30 & +43 399 197 871 81",IF(A79="U8","+43 660 199 13 52 & +43 660 914 92 36",IF(A79="U7","+43 676 661 62 26 & +43 681 208 115 99",IF(A79="Camp","+43 660 77 39 500",IF(A79="Turnier","+43 660 77 39 500","FEHLER")))))))))))
A80: =Heimspiele!C65 | B80: =Heimspiele!D65 | C80: =Heimspiele!E65 | D80: =Heimspiele!F65 | E80: =Heimspiele!G65 | F80: U11/U12 | G80: =IF(F80="Großfeld","Großfeld",IF(F80="U16","Großfeld",IF(F80="U15","Großfeld",IF(F80="U14","Großfeld",IF(F80="U13","75x55",IF(F80="U11/U12","55x40",IF(F80="U9/U10","40x25",IF(F80="U8","29x22","25x20")))))))) | H80: =IF(F80="Großfeld","7,32x2,44",IF(F80="U16","7,32x2,44",IF(F80="U15","7,32x2,44",IF(F80="U14","7,32x2,44",IF(F80="U13","5x2",IF(F80="U11/U12","5x2",IF(F80="U9/U10","5x2","4 Minitore"))))))) | I80: =IF(F80="Großfeld","5",IF(F80="U16","5",IF(F80="U15","5",IF(F80="U14","4",IF(F80="U13","4",IF(F80="U11/U12","4",IF(F80="U9/U10","4",IF(F80="U9","4","3")))))))) | J80: =IF(A80="KM Neufeld","Pleninger Stefan",IF(A80="U16 LL","Josch Kögl",IF(A80="U15 LL Nord","Serdar Ekinci",IF(A80="U14 Nord","Gernot Servelda",IF(A80="U13 Nord","Thomas Pöschl & Lenz Honc",IF(A80="U11 Nord D","Mario Magler&Ronny Archam",IF(A80="U9","Thomas Brandl&Daniel Hofbauer",IF(A80="U8","Berger Tobias&Sebastian Putric",IF(A80="U7","Türkes Ömer&Mahsumi Taha",IF(A80="Camp","Berger Dieter",IF(A80="Turnier","Berger Dieter","FEHLER"))))))))))) | K80: =IF(A80="KM Neufeld","+43 664 415 99 09",IF(A80="U16 LL","+43 650 262 82 63",IF(A80="U15 LL Nord","+43 650 701 02 44",IF(A80="U14 Nord","+43 676 401 09 13",IF(A80="U13 Nord","+43 677 613 55 114 & +43 664 114 43 52",IF(A80="U11 Nord D","+43 664 762 09 93 & +43 699 111 93 828",IF(A80="U9","+43 676 377 16 30 & +43 399 197 871 81",IF(A80="U8","+43 660 199 13 52 & +43 660 914 92 36",IF(A80="U7","+43 676 661 62 26 & +43 681 208 115 99",IF(A80="Camp","+43 660 77 39 500",IF(A80="Turnier","+43 660 77 39 500","FEHLER")))))))))))
A81: =Heimspiele!C70 | B81: =Heimspiele!D70 | C81: =Heimspiele!E70 | D81: =Heimspiele!F70 | E81: =Heimspiele!G70 | F81: U13 | G81: =IF(F81="Großfeld","Großfeld",IF(F81="U16","Großfeld",IF(F81="U15","Großfeld",IF(F81="U14","Großfeld",IF(F81="U13","75x55",IF(F81="U11/U12","55x40",IF(F81="U9/U10","40x25",IF(F81="U8","29x22","25x20")))))))) | H81: =IF(F81="Großfeld","7,32x2,44",IF(F81="U16","7,32x2,44",IF(F81="U15","7,32x2,44",IF(F81="U14","7,32x2,44",IF(F81="U13","5x2",IF(F81="U11/U12","5x2",IF(F81="U9/U10","5x2","4 Minitore"))))))) | I81: =IF(F81="Großfeld","5",IF(F81="U16","5",IF(F81="U15","5",IF(F81="U14","4",IF(F81="U13","4",IF(F81="U11/U12","4",IF(F81="U9/U10","4",IF(F81="U9","4","3")))))))) | J81: =IF(A81="KM Neufeld","Pleninger Stefan",IF(A81="U16 LL","Josch Kögl",IF(A81="U15 LL Nord","Serdar Ekinci",IF(A81="U14 Nord","Gernot Servelda",IF(A81="U13 Nord","Thomas Pöschl & Lenz Honc",IF(A81="U11 Nord D","Mario Magler&Ronny Archam",IF(A81="U9","Thomas Brandl&Daniel Hofbauer",IF(A81="U8","Berger Tobias&Sebastian Putric",IF(A81="U7","Türkes Ömer&Mahsumi Taha",IF(A81="Camp","Berger Dieter",IF(A81="Turnier","Berger Dieter","FEHLER"))))))))))) | K81: =IF(A81="KM Neufeld","+43 664 415 99 09",IF(A81="U16 LL","+43 650 262 82 63",IF(A81="U15 LL Nord","+43 650 701 02 44",IF(A81="U14 Nord","+43 676 401 09 13",IF(A81="U13 Nord","+43 677 613 55 114 & +43 664 114 43 52",IF(A81="U11 Nord D","+43 664 762 09 93 & +43 699 111 93 828",IF(A81="U9","+43 676 377 16 30 & +43 399 197 871 81",IF(A81="U8","+43 660 199 13 52 & +43 660 914 92 36",IF(A81="U7","+43 676 661 62 26 & +43 681 208 115 99",IF(A81="Camp","+43 660 77 39 500",IF(A81="Turnier","+43 660 77 39 500","FEHLER")))))))))))
A82: =Heimspiele!C75 | B82: =Heimspiele!D75 | C82: =Heimspiele!E75 | D82: =Heimspiele!F75 | E82: =Heimspiele!G75 | F82: Großfeld | G82: =IF(F82="Großfeld","Großfeld",IF(F82="U16","Großfeld",IF(F82="U15","Großfeld",IF(F82="U14","Großfeld",IF(F82="U13","75x55",IF(F82="U11/U12","55x40",IF(F82="U9/U10","40x25",IF(F82="U8","29x22","25x20")))))))) | H82: =IF(F82="Großfeld","7,32x2,44",IF(F82="U16","7,32x2,44",IF(F82="U15","7,32x2,44",IF(F82="U14","7,32x2,44",IF(F82="U13","5x2",IF(F82="U11/U12","5x2",IF(F82="U9/U10","5x2","4 Minitore"))))))) | I82: =IF(F82="Großfeld","5",IF(F82="U16","5",IF(F82="U15","5",IF(F82="U14","4",IF(F82="U13","4",IF(F82="U11/U12","4",IF(F82="U9/U10","4",IF(F82="U9","4","3")))))))) | J82: =IF(A82="KM Neufeld","Pleninger Stefan",IF(A82="U16 LL","Josch Kögl",IF(A82="U15 LL Nord","Serdar Ekinci",IF(A82="U14 Nord","Gernot Servelda",IF(A82="U13 Nord","Thomas Pöschl & Lenz Honc",IF(A82="U11 Nord D","Mario Magler&Ronny Archam",IF(A82="U9","Thomas Brandl&Daniel Hofbauer",IF(A82="U8","Berger Tobias&Sebastian Putric",IF(A82="U7","Türkes Ömer&Mahsumi Taha",IF(A82="Camp","Berger Dieter",IF(A82="Turnier","Berger Dieter","FEHLER"))))))))))) | K82: =IF(A82="KM Neufeld","+43 664 415 99 09",IF(A82="U16 LL","+43 650 262 82 63",IF(A82="U15 LL Nord","+43 650 701 02 44",IF(A82="U14 Nord","+43 676 401 09 13",IF(A82="U13 Nord","+43 677 613 55 114 & +43 664 114 43 52",IF(A82="U11 Nord D","+43 664 762 09 93 & +43 699 111 93 828",IF(A82="U9","+43 676 377 16 30 & +43 399 197 871 81",IF(A82="U8","+43 660 199 13 52 & +43 660 914 92 36",IF(A82="U7","+43 676 661 62 26 & +43 681 208 115 99",IF(A82="Camp","+43 660 77 39 500",IF(A82="Turnier","+43 660 77 39 500","FEHLER")))))))))))
A83: =Heimspiele!C80 | B83: =Heimspiele!D80 | C83: =Heimspiele!E80 | D83: =Heimspiele!F80 | E83: =Heimspiele!G80 | F83: U13 | G83: =IF(F83="Großfeld","Großfeld",IF(F83="U16","Großfeld",IF(F83="U15","Großfeld",IF(F83="U14","Großfeld",IF(F83="U13","75x55",IF(F83="U11/U12","55x40",IF(F83="U9/U10","40x25",IF(F83="U8","29x22","25x20")))))))) | H83: =IF(F83="Großfeld","7,32x2,44",IF(F83="U16","7,32x2,44",IF(F83="U15","7,32x2,44",IF(F83="U14","7,32x2,44",IF(F83="U13","5x2",IF(F83="U11/U12","5x2",IF(F83="U9/U10","5x2","4 Minitore"))))))) | I83: =IF(F83="Großfeld","5",IF(F83="U16","5",IF(F83="U15","5",IF(F83="U14","4",IF(F83="U13","4",IF(F83="U11/U12","4",IF(F83="U9/U10","4",IF(F83="U9","4","3")))))))) | J83: =IF(A83="KM Neufeld","Pleninger Stefan",IF(A83="U16 LL","Josch Kögl",IF(A83="U15 LL Nord","Serdar Ekinci",IF(A83="U14 Nord","Gernot Servelda",IF(A83="U13 Nord","Thomas Pöschl & Lenz Honc",IF(A83="U11 Nord D","Mario Magler&Ronny Archam",IF(A83="U9","Thomas Brandl&Daniel Hofbauer",IF(A83="U8","Berger Tobias&Sebastian Putric",IF(A83="U7","Türkes Ömer&Mahsumi Taha",IF(A83="Camp","Berger Dieter",IF(A83="Turnier","Berger Dieter","FEHLER"))))))))))) | K83: =IF(A83="KM Neufeld","+43 664 415 99 09",IF(A83="U16 LL","+43 650 262 82 63",IF(A83="U15 LL Nord","+43 650 701 02 44",IF(A83="U14 Nord","+43 676 401 09 13",IF(A83="U13 Nord","+43 677 613 55 114 & +43 664 114 43 52",IF(A83="U11 Nord D","+43 664 762 09 93 & +43 699 111 93 828",IF(A83="U9","+43 676 377 16 30 & +43 399 197 871 81",IF(A83="U8","+43 660 199 13 52 & +43 660 914 92 36",IF(A83="U7","+43 676 661 62 26 & +43 681 208 115 99",IF(A83="Camp","+43 660 77 39 500",IF(A83="Turnier","+43 660 77 39 500","FEHLER")))))))))))
A84: =Heimspiele!C81 | B84: =Heimspiele!D81 | C84: =Heimspiele!E81 | D84: =Heimspiele!F81 | E84: =Heimspiele!G81 | F84: U14 | G84: =IF(F84="Großfeld","Großfeld",IF(F84="U16","Großfeld",IF(F84="U15","Großfeld",IF(F84="U14","Großfeld",IF(F84="U13","75x55",IF(F84="U11/U12","55x40",IF(F84="U9/U10","40x25",IF(F84="U8","29x22","25x20")))))))) | H84: =IF(F84="Großfeld","7,32x2,44",IF(F84="U16","7,32x2,44",IF(F84="U15","7,32x2,44",IF(F84="U14","7,32x2,44",IF(F84="U13","5x2",IF(F84="U11/U12","5x2",IF(F84="U9/U10","5x2","4 Minitore"))))))) | I84: =IF(F84="Großfeld","5",IF(F84="U16","5",IF(F84="U15","5",IF(F84="U14","4",IF(F84="U13","4",IF(F84="U11/U12","4",IF(F84="U9/U10","4",IF(F84="U9","4","3")))))))) | J84: =IF(A84="KM Neufeld","Pleninger Stefan",IF(A84="U16 LL","Josch Kögl",IF(A84="U15 LL Nord","Serdar Ekinci",IF(A84="U14 Nord","Gernot Servelda",IF(A84="U13 Nord","Thomas Pöschl & Lenz Honc",IF(A84="U11 Nord D","Mario Magler&Ronny Archam",IF(A84="U9","Thomas Brandl&Daniel Hofbauer",IF(A84="U8","Berger Tobias&Sebastian Putric",IF(A84="U7","Türkes Ömer&Mahsumi Taha",IF(A84="Camp","Berger Dieter",IF(A84="Turnier","Berger Dieter","FEHLER"))))))))))) | K84: =IF(A84="KM Neufeld","+43 664 415 99 09",IF(A84="U16 LL","+43 650 262 82 63",IF(A84="U15 LL Nord","+43 650 701 02 44",IF(A84="U14 Nord","+43 676 401 09 13",IF(A84="U13 Nord","+43 677 613 55 114 & +43 664 114 43 52",IF(A84="U11 Nord D","+43 664 762 09 93 & +43 699 111 93 828",IF(A84="U9","+43 676 377 16 30 & +43 399 197 871 81",IF(A84="U8","+43 660 199 13 52 & +43 660 914 92 36",IF(A84="U7","+43 676 661 62 26 & +43 681 208 115 99",IF(A84="Camp","+43 660 77 39 500",IF(A84="Turnier","+43 660 77 39 500","FEHLER")))))))))))
A85: =Heimspiele!C82 | B85: =Heimspiele!D82 | C85: =Heimspiele!E82 | D85: =Heimspiele!F82 | E85: =Heimspiele!G82 | F85: U16 | G85: =IF(F85="Großfeld","Großfeld",IF(F85="U16","Großfeld",IF(F85="U15","Großfeld",IF(F85="U14","Großfeld",IF(F85="U13","75x55",IF(F85="U11/U12","55x40",IF(F85="U9/U10","40x25",IF(F85="U8","29x22","25x20")))))))) | H85: =IF(F85="Großfeld","7,32x2,44",IF(F85="U16","7,32x2,44",IF(F85="U15","7,32x2,44",IF(F85="U14","7,32x2,44",IF(F85="U13","5x2",IF(F85="U11/U12","5x2",IF(F85="U9/U10","5x2","4 Minitore"))))))) | I85: =IF(F85="Großfeld","5",IF(F85="U16","5",IF(F85="U15","5",IF(F85="U14","4",IF(F85="U13","4",IF(F85="U11/U12","4",IF(F85="U9/U10","4",IF(F85="U9","4","3")))))))) | J85: =IF(A85="KM Neufeld","Pleninger Stefan",IF(A85="U16 LL","Josch Kögl",IF(A85="U15 LL Nord","Serdar Ekinci",IF(A85="U14 Nord","Gernot Servelda",IF(A85="U13 Nord","Thomas Pöschl & Lenz Honc",IF(A85="U11 Nord D","Mario Magler&Ronny Archam",IF(A85="U9","Thomas Brandl&Daniel Hofbauer",IF(A85="U8","Berger Tobias&Sebastian Putric",IF(A85="U7","Türkes Ömer&Mahsumi Taha",IF(A85="Camp","Berger Dieter",IF(A85="Turnier","Berger Dieter","FEHLER"))))))))))) | K85: =IF(A85="KM Neufeld","+43 664 415 99 09",IF(A85="U16 LL","+43 650 262 82 63",IF(A85="U15 LL Nord","+43 650 701 02 44",IF(A85="U14 Nord","+43 676 401 09 13",IF(A85="U13 Nord","+43 677 613 55 114 & +43 664 114 43 52",IF(A85="U11 Nord D","+43 664 762 09 93 & +43 699 111 93 828",IF(A85="U9","+43 676 377 16 30 & +43 399 197 871 81",IF(A85="U8","+43 660 199 13 52 & +43 660 914 92 36",IF(A85="U7","+43 676 661 62 26 & +43 681 208 115 99",IF(A85="Camp","+43 660 77 39 500",IF(A85="Turnier","+43 660 77 39 500","FEHLER")))))))))))
A86: =Heimspiele!C83 | B86: =Heimspiele!D83 | C86: =Heimspiele!E83 | D86: =Heimspiele!F83 | E86: =Heimspiele!G83 | F86: Turnier | G86: =IF(F86="Großfeld","Großfeld",IF(F86="U16","Großfeld",IF(F86="U15","Großfeld",IF(F86="U14","Großfeld",IF(F86="U13","75x55",IF(F86="U11/U12","55x40",IF(F86="U9/U10","40x25",IF(F86="U8","29x22","25x20")))))))) | H86: =IF(F86="Großfeld","7,32x2,44",IF(F86="U16","7,32x2,44",IF(F86="U15","7,32x2,44",IF(F86="U14","7,32x2,44",IF(F86="U13","5x2",IF(F86="U11/U12","5x2",IF(F86="U9/U10","5x2",IF(F86="Turnier","5x2","4 Minitore")))))))) | I86: =IF(F86="Großfeld","5",IF(F86="U16","5",IF(F86="U15","5",IF(F86="U14","4",IF(F86="U13","4",IF(F86="U11/U12","4",IF(F86="U9/U10","4",IF(F86="U9","4","3")))))))) | J86: =IF(A86="KM Neufeld","Pleninger Stefan",IF(A86="U16 LL","Josch Kögl",IF(A86="U15 LL Nord","Serdar Ekinci",IF(A86="U14 Nord","Gernot Servelda",IF(A86="U13 Nord","Thomas Pöschl & Lenz Honc",IF(A86="U11 Nord D","Mario Magler&Ronny Archam",IF(A86="U9","Thomas Brandl&Daniel Hofbauer",IF(A86="U8","Berger Tobias&Sebastian Putric",IF(A86="U7","Türkes Ömer&Mahsumi Taha",IF(A86="Camp","Berger Dieter",IF(A86="Turnier","Berger Dieter","FEHLER"))))))))))) | K86: =IF(A86="KM Neufeld","+43 664 415 99 09",IF(A86="U16 LL","+43 650 262 82 63",IF(A86="U15 LL Nord","+43 650 701 02 44",IF(A86="U14 Nord","+43 676 401 09 13",IF(A86="U13 Nord","+43 677 613 55 114 & +43 664 114 43 52",IF(A86="U11 Nord D","+43 664 762 09 93 & +43 699 111 93 828",IF(A86="U9","+43 676 377 16 30 & +43 399 197 871 81",IF(A86="U8","+43 660 199 13 52 & +43 660 914 92 36",IF(A86="U7","+43 676 661 62 26 & +43 681 208 115 99",IF(A86="Camp","+43 660 77 39 500",IF(A86="Turnier","+43 660 77 39 500","FEHLER")))))))))))
A87: =Heimspiele!C84 | B87: =Heimspiele!D84 | C87: =Heimspiele!E84 | D87: =Heimspiele!F84 | E87: =Heimspiele!G84 | F87: Turnier | G87: =IF(F87="Großfeld","Großfeld",IF(F87="U16","Großfeld",IF(F87="U15","Großfeld",IF(F87="U14","Großfeld",IF(F87="U13","75x55",IF(F87="U11/U12","55x40",IF(F87="U9/U10","40x25",IF(F87="U8","29x22","25x20")))))))) | H87: =IF(F87="Großfeld","7,32x2,44",IF(F87="U16","7,32x2,44",IF(F87="U15","7,32x2,44",IF(F87="U14","7,32x2,44",IF(F87="U13","5x2",IF(F87="U11/U12","5x2",IF(F87="U9/U10","5x2",IF(F86="Turnier","5x2","4 Minitore")))))))) | I87: =IF(F87="Großfeld","5",IF(F87="U16","5",IF(F87="U15","5",IF(F87="U14","4",IF(F87="U13","4",IF(F87="U11/U12","4",IF(F87="U9/U10","4",IF(F87="U9","4","3")))))))) | J87: =IF(A87="KM Neufeld","Pleninger Stefan",IF(A87="U16 LL","Josch Kögl",IF(A87="U15 LL Nord","Serdar Ekinci",IF(A87="U14 Nord","Gernot Servelda",IF(A87="U13 Nord","Thomas Pöschl & Lenz Honc",IF(A87="U11 Nord D","Mario Magler&Ronny Archam",IF(A87="U9","Thomas Brandl&Daniel Hofbauer",IF(A87="U8","Berger Tobias&Sebastian Putric",IF(A87="U7","Türkes Ömer&Mahsumi Taha",IF(A87="Camp","Berger Dieter",IF(A87="Turnier","Berger Dieter","FEHLER"))))))))))) | K87: =IF(A87="KM Neufeld","+43 664 415 99 09",IF(A87="U16 LL","+43 650 262 82 63",IF(A87="U15 LL Nord","+43 650 701 02 44",IF(A87="U14 Nord","+43 676 401 09 13",IF(A87="U13 Nord","+43 677 613 55 114 & +43 664 114 43 52",IF(A87="U11 Nord D","+43 664 762 09 93 & +43 699 111 93 828",IF(A87="U9","+43 676 377 16 30 & +43 399 197 871 81",IF(A87="U8","+43 660 199 13 52 & +43 660 914 92 36",IF(A87="U7","+43 676 661 62 26 & +43 681 208 115 99",IF(A87="Camp","+43 660 77 39 500",IF(A87="Turnier","+43 660 77 39 500","FEHLER")))))))))))

Sheet Tabelle2
