Workbook

Sheet Nach Mannschaften sortiert
A1: fortlaufende Nummer | B1: Runde | C1: Mannschaft | D1: fixierter Termin | E1: fixierte Uhrzeit | F1: Ort | G1: Gegner | H1: Auswärt/Heim
A2: 2 | B2: 2 | C2: KM | D2: 46102 | E2: 0.66666667 | F2: Neufeld | G2: TADTEN | H2: Heim | I2: =UPPER(G2) -> TADTEN
A3: 4 | B3: 4 | C3: KM | D3: 46116 | E3: 0.70833333 | F3: Neufeld | G3: ILLMITZ | H3: Heim | I3: =UPPER(G3) -> ILLMITZ
A4: 6 | B4: 6 | C4: KM | D4: 46130 | E4: 0.72916667 | F4: Neufeld | G4: STEINBRUNN | H4: Heim | I4: =UPPER(G4) -> STEINBRUNN
A5: 8 | B5: 8 | C5: KM | D5: 46144 | E5: 0.75 | F5: Neufeld | G5: Hornstein | H5: Heim | I5: =UPPER(G5) -> HORNSTEIN
A6: 10 | B6: 10 | C6: KM | D6: 46157 | E6: 0.83333333 | F6: Neufeld | G6: Pama | H6: Heim | I6: =UPPER(G6) -> PAMA
A7: 13 | B7: 13 | C7: KM | D7: 46179 | E7: 0.75 | F7: Neufeld | G7: Kittsee | H7: Heim | I7: =UPPER(G7) -> KITTSEE
A8: 2 | B8: 2 | C8: RESERVE | D8: 46102 | E8: 0.58333333 | F8: Neufeld | G8: TADTEN | H8: Heim | I8: =UPPER(G8) -> TADTEN
A9: 4 | B9: 4 | C9: RESERVE | D9: 46116 | E9: 0.625 | F9: Neufeld | G9: ILLMITZ | H9: Heim | I9: =UPPER(G9) -> ILLMITZ
A10: 6 | B10: 6 | C10: RESERVE | D10: 46130 | E10: 0.64583333 | F10: Neufeld | G10: STEINBRUNN | H10: Heim | I10: =UPPER(G10) -> STEINBRUNN
A11: 8 | B11: 8 | C11: RESERVE | D11: 46144 | E11: 0.66666667 | F11: Neufeld | G11: Hornstein | H11: Heim | I11: =UPPER(G11) -> HORNSTEIN
A12: 10 | B12: 10 | C12: RESERVE | D12: 46157 | E12: 0.75 | F12: Neufeld | G12: Pama | H12: Heim | I12: =UPPER(G12) -> PAMA
A13: 13 | B13: 13 | C13: RESERVE | D13: 46179 | E13: 0.66666667 | F13: Neufeld | G13: Kittsee | H13: Heim | I13: =UPPER(G13) -> KITTSEE
... A34: 61 | B34: 8 | C34: U11 | D34: 46164 | E34: 0.70833333 | F34: Neufeld | G34: SPG Klimpuh | H34: Heim | I34: =UPPER(G34) -> SPG KLIMPUH
A35: 64 | B35: 1 | C35: U9 | D35: 46123 | E35: 0.39583333 | F35: Neufeld | G35: Turnierform | H35: Heim | I35: VIELE
A36: 69 | B36: 1 | C36: U8 | D36: 46123 | E36: 0.39583333 | F36: Neufeld | G36: Turnierform | H36: Heim | I36: VIELE
A37: 74 | B37: 1 | C37: U7 | D37: 46123 | E37: 0.39583333 | F37: Neufeld | G37: Turnierform | H37: Heim | I37: VIELE
A38: 79 | B38: 1 | C38: Nachwuchscamp | D38: 46111 | E38: 0.375 | F38: Neufeld | G38: Teco 7 Camp | H38: Heim | I38: =UPPER(G38) -> TECO 7 CAMP
A39: 80 | B39: 2 | C39: Nachwuchscamp | D39: 46112 | E39: 0.375 | F39: Neufeld | G39: Teco 7 Camp | H39: Heim | I39: =UPPER(G39) -> TECO 7 CAMP
A40: 81 | B40: 3 | C40: Nachwuchscamp | D40: 46113 | E40: 0.375 | F40: Neufeld | G40: Teco 7 Camp | H40: Heim | I40: =UPPER(G40) -> TECO 7 CAMP
A41: 82 | B41: 1 | C41: U9-Turnier | D41: 46186 | E41: 0.41666667 | F41: Neufeld | G41: GGG - Qualifikation | H41: Heim | I41: =UPPER(G41) -> GGG - QUALIFIKATION
A42: 83 | B42: 2 | C42: U10-Turnier | D42: 46256 | E42: 0.375 | F42: Neufeld | G42: 9. GGG | H42: Heim | I42: =UPPER(G42) -> 9. GGG

Sheet ICS
A1: TITEL | B1: DATUM | C1: Startzeit | D1: Endzeit | E1: Ort | F1: Beschreibung
A2: ="ASV NEUFELD -" & 'Nach Mannschaften sortiert'!I2 -> ASV NEUFELD -TADTEN | B2: ='Nach Mannschaften sortiert'!D2 -> 46102 | C2: 0.66666667 | D2: =C2+"1:45" -> 0.73958333 | E2: ='Nach Mannschaften sortiert'!F2 -> Neufeld | F2: ='Nach Mannschaften sortiert'!C2 -> KM
A3: ="ASV NEUFELD -" & 'Nach Mannschaften sortiert'!I3 -> ASV NEUFELD -ILLMITZ | B3: ='Nach Mannschaften sortiert'!D3 -> 46116 | C3: ='Nach Mannschaften sortiert'!E3 -> 0.70833333 | D3: =C3+"1:45" -> 0.78125 | E3: ='Nach Mannschaften sortiert'!F3 -> Neufeld | F3: ='Nach Mannschaften sortiert'!C3 -> KM
A4: ="ASV NEUFELD -" & 'Nach Mannschaften sortiert'!I4 -> ASV NEUFELD -STEINBRUNN | B4: ='Nach Mannschaften sortiert'!D4 -> 46130 | C4: ='Nach Mannschaften sortiert'!E4 -> 0.72916667 | D4: =C4+"1:45" -> 0.80208333 | E4: ='Nach Mannschaften sortiert'!F4 -> Neufeld | F4: ='Nach Mannschaften sortiert'!C4 -> KM
A5: ="ASV NEUFELD -" & 'Nach Mannschaften sortiert'!I5 -> ASV NEUFELD -HORNSTEIN | B5: ='Nach Mannschaften sortiert'!D5 -> 46144 | C5: ='Nach Mannschaften sortiert'!E5 -> 0.75 | D5: =C5+"1:45" -> 0.82291667 | E5: ='Nach Mannschaften sortiert'!F5 -> Neufeld | F5: ='Nach Mannschaften sortiert'!C5 -> KM
A6: ="ASV NEUFELD -" & 'Nach Mannschaften sortiert'!I6 -> ASV NEUFELD -PAMA | B6: ='Nach Mannschaften sortiert'!D6 -> 46157 | C6: ='Nach Mannschaften sortiert'!E6 -> 0.83333333 | D6: =C6+"1:45" -> 0.90625 | E6: ='Nach Mannschaften sortiert'!F6 -> Neufeld | F6: ='Nach Mannschaften sortiert'!C6 -> KM
A7: ="ASV NEUFELD -" & 'Nach Mannschaften sortiert'!I7 -> ASV NEUFELD -KITTSEE | B7: ='Nach Mannschaften sortiert'!D7 -> 46179 | C7: ='Nach Mannschaften sortiert'!E7 -> 0.75 | D7: =C7+"1:45" -> 0.82291667 | E7: ='Nach Mannschaften sortiert'!F7 -> Neufeld | F7: ='Nach Mannschaften sortiert'!C7 -> KM
A8: ="ASV NEUFELD -" & 'Nach Mannschaften sortiert'!I8 -> ASV NEUFELD -TADTEN | B8: ='Nach Mannschaften sortiert'!D8 -> 46102 | C8: ='Nach Mannschaften sortiert'!E8 -> 0.58333333 | D8: =C8+"1:45" -> 0.65625 | E8: ='Nach Mannschaften sortiert'!F8 -> Neufeld | F8: ='Nach Mannschaften sortiert'!C8 -> RESERVE
A9: ="ASV NEUFELD -" & 'Nach Mannschaften sortiert'!I9 -> ASV NEUFELD -ILLMITZ | B9: ='Nach Mannschaften sortiert'!D9 -> 46116 | C9: ='Nach Mannschaften sortiert'!E9 -> 0.625 | D9: =C9+"1:45" -> 0.69791667 | E9: ='Nach Mannschaften sortiert'!F9 -> Neufeld | F9: ='Nach Mannschaften sortiert'!C9 -> RESERVE
A10: ="ASV NEUFELD -" & 'Nach Mannschaften sortiert'!I10 -> ASV NEUFELD -STEINBRUNN | B10: ='Nach Mannschaften sortiert'!D10 -> 46130 | C10: ='Nach Mannschaften sortiert'!E10 -> 0.64583333 | D10: =C10+"1:45" -> 0.71875 | E10: ='Nach Mannschaften sortiert'!F10 -> Neufeld | F10: ='Nach Mannschaften sortiert'!C10 -> RESERVE
A11: ="ASV NEUFELD -" & 'Nach Mannschaften sortiert'!I11 -> ASV NEUFELD -HORNSTEIN | B11: ='Nach Mannschaften sortiert'!D11 -> 46144 | C11: ='Nach Mannschaften sortiert'!E11 -> 0.66666667 | D11: =C11+"1:45" -> 0.73958333 | E11: ='Nach Mannschaften sortiert'!F11 -> Neufeld | F11: ='Nach Mannschaften sortiert'!C11 -> RESERVE
A12: ="ASV NEUFELD -" & 'Nach Mannschaften sortiert'!I12 -> ASV NEUFELD -PAMA | B12: ='Nach Mannschaften sortiert'!D12 -> 46157 | C12: ='Nach Mannschaften sortiert'!E12 -> 0.75 | D12: =C12+"1:45" -> 0.82291667 | E12: ='Nach Mannschaften sortiert'!F12 -> Neufeld | F12: ='Nach Mannschaften sortiert'!C12 -> RESERVE
A13: ="ASV NEUFELD -" & 'Nach Mannschaften sortiert'!I13 -> ASV NEUFELD -KITTSEE | B13: ='Nach Mannschaften sortiert'!D13 -> 46179 | C13: ='Nach Mannschaften sortiert'!E13 -> 0.66666667 | D13: =C13+"1:45" -> 0.73958333 | E13: ='Nach Mannschaften sortiert'!F13 -> Neufeld | F13: ='Nach Mannschaften sortiert'!C13 -> RESERVE
A14: ="ASV NEUFELD -" & 'Nach Mannschaften sortiert'!I15 -> ASV NEUFELD -SPG DER CLUB/KIRCHSCHLAG | B14: ='Nach Mannschaften sortiert'!D15 -> 46138 | C14: ='Nach Mannschaften sortiert'!E15 -> 0.60416667 | D14: =C14+"1:40" -> 0.67361111 | E14: ='Nach Mannschaften sortiert'!F15 -> Neufeld | F14: ='Nach Mannschaften sortiert'!C15 -> U16
A15: ="ASV NEUFELD -" & 'Nach Mannschaften sortiert'!I18 -> ASV NEUFELD -ST. GEORGEN/EISENSTADT | B15: ='Nach Mannschaften sortiert'!D18 -> 46180 | C15: ='Nach Mannschaften sortiert'!E18 -> 0.70833333 | D15: =C15+"1:40" -> 0.77777778 | E15: ='Nach Mannschaften sortiert'!F18 -> Neufeld | F15: ='Nach Mannschaften sortiert'!C18 -> U16
A16: ="ASV NEUFELD -" & 'Nach Mannschaften sortiert'!I19 -> ASV NEUFELD -SC/ESV PARNDORF 1919 | B16: ='Nach Mannschaften sortiert'!D19 -> 46124 | C16: ='Nach Mannschaften sortiert'!E19 -> 0.54166667 | D16: =C16+"1:30" -> 0.60416667 | E16: ='Nach Mannschaften sortiert'!F19 -> Neufeld | F16: ='Nach Mannschaften sortiert'!C19 -> U15
A17: ="ASV NEUFELD -" & 'Nach Mannschaften sortiert'!I21 -> ASV NEUFELD -SPG ROSALIA/MARZ | B17: ='Nach Mannschaften sortiert'!D21 -> 46145 | C17: ='Nach Mannschaften sortiert'!E21 -> 0.4375 | D17: =C17+"1:30" -> 0.5 | E17: ='Nach Mannschaften sortiert'!F21 -> Neufeld | F17: ='Nach Mannschaften sortiert'!C21 -> U15
A18: ="ASV NEUFELD -" & 'Nach Mannschaften sortiert'!I23 -> ASV NEUFELD -SV WULKAPRODERSDORF | B18: ='Nach Mannschaften sortiert'!D23 -> 46109 | C18: ='Nach Mannschaften sortiert'!E23 -> 0.66666667 | D18: =C18+"1:30" -> 0.72916667 | E18: ='Nach Mannschaften sortiert'!F23 -> Neufeld | F18: ='Nach Mannschaften sortiert'!C23 -> U14
A19: ="ASV NEUFELD -" & 'Nach Mannschaften sortiert'!I24 -> ASV NEUFELD -SPG LEITHA/STOTZING | B19: ='Nach Mannschaften sortiert'!D24 -> 46137 | C19: ='Nach Mannschaften sortiert'!E24 -> 0.45833333 | D19: =C19+"1:30" -> 0.52083333 | E19: ='Nach Mannschaften sortiert'!F24 -> Neufeld | F19: ='Nach Mannschaften sortiert'!C24 -> U14
A20: ="ASV NEUFELD -" & 'Nach Mannschaften sortiert'!I25 -> ASV NEUFELD -SK PAMA | B20: ='Nach Mannschaften sortiert'!D25 -> 46158 | C20: ='Nach Mannschaften sortiert'!E25 -> 0.625 | D20: =C20+"1:30" -> 0.6875 | E20: ='Nach Mannschaften sortiert'!F25 -> Neufeld | F20: ='Nach Mannschaften sortiert'!C25 -> U14
A21: ="ASV NEUFELD -" & 'Nach Mannschaften sortiert'!I26 -> ASV NEUFELD -SC KITTSEE | B21: ='Nach Mannschaften sortiert'!D26 -> 46163 | C21: ='Nach Mannschaften sortiert'!E26 -> 0.79166667 | D21: =C21+"1:30" -> 0.85416667 | E21: ='Nach Mannschaften sortiert'!F26 -> Neufeld | F21: ='Nach Mannschaften sortiert'!C26 -> U14
A22: ="ASV NEUFELD -" & 'Nach Mannschaften sortiert'!I27 -> ASV NEUFELD -SC KITTSEE | B22: ='Nach Mannschaften sortiert'!D27 -> 46110 | C22: ='Nach Mannschaften sortiert'!E27 -> 0.45833333 | D22: =C22+"1:35" -> 0.52430556 | E22: ='Nach Mannschaften sortiert'!F27 -> Neufeld | F22: ='Nach Mannschaften sortiert'!C27 -> U13
A23: ="ASV NEUFELD -" & 'Nach Mannschaften sortiert'!I28 -> ASV NEUFELD -SPG BREITENBRUNN/PURBACH/WINDEN | B23: ='Nach Mannschaften sortiert'!D28 -> 46138 | C23: ='Nach Mannschaften sortiert'!E28 -> 0.45833333 | D23: =C23+"1:35" -> 0.52430556 | E23: ='Nach Mannschaften sortiert'!F28 -> Neufeld | F23: ='Nach Mannschaften sortiert'!C28 -> U13
A24: ="ASV NEUFELD -" & 'Nach Mannschaften sortiert'!I29 -> ASV NEUFELD -SC EISENSTADT/RUST | B24: ='Nach Mannschaften sortiert'!D29 -> 46167 | C24: ='Nach Mannschaften sortiert'!E29 -> 0.66666667 | D24: =C24+"1:35" -> 0.73263889 | E24: ='Nach Mannschaften sortiert'!F29 -> Neufeld | F24: ='Nach Mannschaften sortiert'!C29 -> U13
A25: ="ASV NEUFELD -" & 'Nach Mannschaften sortiert'!I30 -> ASV NEUFELD -SPG LEITHA/STOTZING | B25: ='Nach Mannschaften sortiert'!D30 -> 46180 | C25: ='Nach Mannschaften sortiert'!E30 -> 0.45833333 | D25: =C25+"1:35" -> 0.52430556 | E25: ='Nach Mannschaften sortiert'!F30 -> Neufeld | F25: ='Nach Mannschaften sortiert'!C30 -> U13
A26: ="ASV NEUFELD -" & 'Nach Mannschaften sortiert'!I31 -> ASV NEUFELD -SPG WAHA ST. MARGARETHEN | B26: ='Nach Mannschaften sortiert'!D31 -> 46123 | C26: ='Nach Mannschaften sortiert'!E31 -> 0.54166667 | D26: =C26+"1:10" -> 0.59027778 | E26: ='Nach Mannschaften sortiert'!F31 -> Neufeld | F26: ='Nach Mannschaften sortiert'!C31 -> U11
A27: ="ASV NEUFELD -" & 'Nach Mannschaften sortiert'!I32 -> ASV NEUFELD -STOTZING | B27: ='Nach Mannschaften sortiert'!D32 -> 46135 | C27: ='Nach Mannschaften sortiert'!E32 -> 0.70833333 | D27: =C27+"1:10" -> 0.75694444 | E27: ='Nach Mannschaften sortiert'!F32 -> Neufeld | F27: ='Nach Mannschaften sortiert'!C32 -> U11
A28: ="ASV NEUFELD -" & 'Nach Mannschaften sortiert'!I33 -> ASV NEUFELD -STEINBRUNN | B28: ='Nach Mannschaften sortiert'!D33 -> 46151 | C28: ='Nach Mannschaften sortiert'!E33 -> 0.41666667 | D28: =C28+"1:10" -> 0.46527778 | E28: ='Nach Mannschaften sortiert'!F33 -> Neufeld | F28: ='Nach Mannschaften sortiert'!C33 -> U11
A29: ="ASV NEUFELD -" & 'Nach Mannschaften sortiert'!I34 -> ASV NEUFELD -SPG KLIMPUH | B29: ='Nach Mannschaften sortiert'!D34 -> 46164 | C29: ='Nach Mannschaften sortiert'!E34 -> 0.70833333 | D29: =C29+"1:10" -> 0.75694444 | E29: ='Nach Mannschaften sortiert'!F34 -> Neufeld | F29: ='Nach Mannschaften sortiert'!C34 -> U11
A30: ="ASV NEUFELD -" & 'Nach Mannschaften sortiert'!I35 -> ASV NEUFELD -VIELE | B30: ='Nach Mannschaften sortiert'!D35 -> 46123 | C30: ='Nach Mannschaften sortiert'!E35 -> 0.39583333 | D30: 0.52083333 | E30: ='Nach Mannschaften sortiert'!F35 -> Neufeld | F30: ='Nach Mannschaften sortiert'!C35 -> U9
A31: ="ASV NEUFELD -" & 'Nach Mannschaften sortiert'!I36 -> ASV NEUFELD -VIELE | B31: ='Nach Mannschaften sortiert'!D36 -> 46123 | C31: ='Nach Mannschaften sortiert'!E36 -> 0.39583333 | D31: 0.52083333 | E31: ='Nach Mannschaften sortiert'!F36 -> Neufeld | F31: ='Nach Mannschaften sortiert'!C36 -> U8
A32: ="ASV NEUFELD -" & 'Nach Mannschaften sortiert'!I37 -> ASV NEUFELD -VIELE | B32: ='Nach Mannschaften sortiert'!D37 -> 46123 | C32: ='Nach Mannschaften sortiert'!E37 -> 0.39583333 | D32: 0.52083333 | E32: ='Nach Mannschaften sortiert'!F37 -> Neufeld | F32: ='Nach Mannschaften sortiert'!C37 -> U7
A33: ="ASV NEUFELD -" & 'Nach Mannschaften sortiert'!I38 -> ASV NEUFELD -TECO 7 CAMP | B33: ='Nach Mannschaften sortiert'!D38 -> 46111 | C33: ='Nach Mannschaften sortiert'!E38 -> 0.375 | D33: 0.66666667 | E33: ='Nach Mannschaften sortiert'!F38 -> Neufeld | F33: ='Nach Mannschaften sortiert'!C38 -> Nachwuchscamp
A34: ="ASV NEUFELD -" & 'Nach Mannschaften sortiert'!I39 -> ASV NEUFELD -TECO 7 CAMP | B34: ='Nach Mannschaften sortiert'!D39 -> 46112 | C34: ='Nach Mannschaften sortiert'!E39 -> 0.375 | D34: 0.66666667 | E34: ='Nach Mannschaften sortiert'!F39 -> Neufeld | F34: ='Nach Mannschaften sortiert'!C39 -> Nachwuchscamp
A35: ="ASV NEUFELD -" & 'Nach Mannschaften sortiert'!I40 -> ASV NEUFELD -TECO 7 CAMP | B35: ='Nach Mannschaften sortiert'!D40 -> 46113 | C35: ='Nach Mannschaften sortiert'!E40 -> 0.375 | D35: 0.66666667 | E35: ='Nach Mannschaften sortiert'!F40 -> Neufeld | F35: ='Nach Mannschaften sortiert'!C40 -> Nachwuchscamp
A36: ="ASV NEUFELD -" & 'Nach Mannschaften sortiert'!I41 -> ASV NEUFELD -GGG - QUALIFIKATION | B36: ='Nach Mannschaften sortiert'!D41 -> 46186 | C36: ='Nach Mannschaften sortiert'!E41 -> 0.41666667 | D36: 0.66666667 | E36: ='Nach Mannschaften sortiert'!F41 -> Neufeld | F36: ='Nach Mannschaften sortiert'!C41 -> U9-Turnier
A37: ="ASV NEUFELD -" & 'Nach Mannschaften sortiert'!I42 -> ASV NEUFELD -9. GGG | B37: ='Nach Mannschaften sortiert'!D42 -> 46256 | C37: ='Nach Mannschaften sortiert'!E42 -> 0.375 | D37: 0.75 | E37: ='Nach Mannschaften sortiert'!F42 -> Neufeld | F37: ='Nach Mannschaften sortiert'!C42 -> U10-Turnier

Sheet Tabelle1
A1: import pandas as pd
A2: from datetime import datetime
A3: from ics import Calendar, Event
A5: # Excel laden
A6: df = pd.read_excel("Terminefussball_2026_Frühjahr_TestICS.xlsx", sheet_name="ICS")
A8: cal = Calendar()
A10: for index, row in df.iterrows():
A11: e = Event()
A12: e.name = row["Titel"]
A14: start = datetime.strptime(f"{row['Datum']} {row['Startzeit']}", "%Y-%m-%d %H:%M")
A15: end = datetime.strptime(f"{row['Datum']} {row['Endzeit']}", "%Y-%m-%d %H:%M")
A17: e.begin = start
... A25: f.writelines(cal)
