Workbook

Sheet Nach Mannschaften sortiert
A1: fortlaufende Nummer | B1: Runde | C1: Mannschaft | D1: fixierter Termin | E1: fixierte Uhrzeit | F1: Ort | G1: Gegner | H1: Auswärt/Heim
A2: 1 | B2: 0 | C2: U15 | D2: 46199 | E2: 0.66666667 | F2: Wimpassing | G2: SK Rapid Wien | H2: Heim
A3: =A2+1 -> 2 | B3: 0 | C3: U16 | D3: 46199 | E3: 0.75 | F3: Wimpassing | G3: SK Rapid Wien | H3: Heim
A4: =A3+1 -> 3 | B4: 0 | C4: KM | D4: 46213 | E4: 0.79166667 | F4: Neudörfl | G4: Neudörfl | H4: Auswärts
A5: =A4+1 -> 4 | B5: 0 | C5: KM | D5: 46220 | E5: 0.79166667 | F5: Rohbach | G5: Rohrbach | H5: Auswärts
A6: =A5+1 -> 5 | B6: 0 | C6: KM | D6: 46235 | E6: 0.72916667 | F6: Kittsee | G6: Kittsee | H6: Auswärts
A7: =A6+1 -> 6 | B7: 0 | C7: KM | D7: 46241 | E7: 0.79166667 | F7: Neufeld | G7: Bad Fischau | H7: Heim
A8: =A7+1 -> 7 | B8: 0 | C8: U16 | D8: 46243 | E8: 0.45833333 | F8: Wiener Neudorf | G8: Wiener Neudorf | H8: Auswärts
A9: =A8+1 -> 8 | B9: 1 | C9: KM | D9: 46249 | E9: 0.72916667 | F9: Kittsee | G9: Kittsee | H9: Auswärts
A10: =A9+1 -> 9 | B10: 2 | C10: KM | D10: 46256 | E10: 0.70833333 | F10: Deutsch Jahrndorf | G10: Deutsch Jahrndorf | H10: Auswärts
A11: =A10+1 -> 10 | B11: 3 | C11: KM | D11: 46263 | E11: 0.70833333 | F11: Neufeld | G11: Tadten | H11: Heim
A12: =A11+1 -> 11 | B12: 4 | C12: KM | D12: 46270 | E12: 0.6875 | F12: Mönchhof | G12: Mönchhof | H12: Auswärts
A13: =A12+1 -> 12 | B13: 5 | C13: KM | D13: 46277 | E13: 0.6875 | F13: Neufeld | G13: Winden | H13: Heim
A14: =A13+1 -> 13 | B14: 6 | C14: KM | D14: 46284 | E14: 0.66666667 | F14: Gattendorf | G14: Gattendorf | H14: Auswärts
... A34: =A33+1 -> 33 | B34: 13 | C34: U23 | D34: 46333 | E34: 0.5 | F34: Neufeld | G34: Andau | H34: Heim
A35: =A34+1 -> 34 | B35: 1 | C35: U16 | D35: 46023
A36: =A35+1 -> 35 | B36: 2 | C36: U16 | D36: 46024
A37: =A36+1 -> 36 | B37: 3 | C37: U16 | D37: 46025
A38: =A37+1 -> 37 | B38: 4 | C38: U16 | D38: 46026
A39: =A38+1 -> 38 | B39: 5 | C39: U16 | D39: 46027
A40: =A39+1 -> 39 | B40: 6 | C40: U16 | D40: 46028
A41: =A40+1 -> 40 | B41: 7 | C41: U16 | D41: 46029
A42: =A41+1 -> 41 | B42: 8 | C42: U16 | D42: 46030
A43: =A42+1 -> 42 | B43: 9 | C43: U16 | D43: 46031
A44: =A43+1 -> 43 | B44: 10 | C44: U16 | D44: 46032
A45: =A44+1 -> 44 | B45: 1 | C45: U14 | D45: 46033
A46: =A45+1 -> 45 | B46: 2 | C46: U14 | D46: 46034
... A109: =A108+1 -> 108 | B109: 5 | C109: U7 | D109: 46097
A110: =A109+1 -> 109 | B110: 1 | C110: Camp | D110: 46230 | E110: 0.375 | F110: Neufeld | G110: REAL MADRID CAMP | H110: Heim
A111: =A110+1 -> 110 | B111: 2 | C111: Camp | D111: 46231 | E111: 0.375 | F111: Neufeld | G111: REAL MADRID CAMP | H111: Heim
A112: =A111+1 -> 111 | B112: 3 | C112: Camp | D112: 46232 | E112: 0.375 | F112: Neufeld | G112: REAL MADRID CAMP | H112: Heim
A113: =A112+1 -> 112 | B113: 4 | C113: Camp | D113: 46233 | E113: 0.375 | F113: Neufeld | G113: REAL MADRID CAMP | H113: Heim
A114: =A113+1 -> 113 | B114: 5 | C114: Camp | D114: 46234 | E114: 0.375 | F114: Neufeld | G114: REAL MADRID CAMP | H114: Heim
A115: =A114+1 -> 114 | B115: 6 | C115: Camp | D115: 46237 | E115: 0.375 | F115: Neufeld | G115: MÄDCHENCAMP | H115: Heim
A116: =A115+1 -> 115 | B116: 7 | C116: Camp | D116: 46238 | E116: 0.375 | F116: Neufeld | G116: MÄDCHENCAMP | H116: Heim
A117: =A116+1 -> 116 | B117: 8 | C117: Camp | D117: 46239 | E117: 0.375 | F117: Neufeld | G117: MÄDCHENCAMP | H117: Heim
A118: =A117+1 -> 117 | B118: 9 | C118: Camp | D118: 46321 | E118: 0.375 | F118: Neufeld | G118: Teco 7 Camp | H118: Heim
A119: =A118+1 -> 118 | B119: 10 | C119: Camp | D119: 46322 | E119: 0.375 | F119: Neufeld | G119: Teco 7 Camp | H119: Heim
A120: =A119+1 -> 119 | B120: 11 | C120: Camp | D120: 46323 | E120: 0.375 | F120: Neufeld | G120: Teco 7 Camp | H120: Heim
A121: =A120+1 -> 120 | B121: 2 | C121: GGG | D121: 46256 | E121: 0.375 | F121: Neufeld | G121: viele Gegner | H121: Heim

Sheet ICS2
A1: TITEL | B1: DATUM | C1: STARTZEIT | D1: ENDZEIT | E1: ORT | F1: BESCHREIBUNG | G1: TYP | H1: GEGNER | I1: LIGA | J1: STATUS | K1: SPIELART | L1: ART
B2: ='Nach Mannschaften sortiert'!D2 -> 46199 | C2: ='Nach Mannschaften sortiert'!E2 -> 0.66666667 | D2: =IF(I2 = "KM",C2+"1:45",IF(I2="U23",C2+"1:45",IF(I2 = "U16",C2+"1:45",IF(I2 = "U15",C2+"1:30",IF(I2 = "U14",C2+"1:30",IF(I2 = "U13",C2+"1:35",IF(I2 = "U12",C2+"1:10",IF(I2 = "U11",C2+"1:10",IF(I2 = "U10",C2+"1:03",C2+"3:00"))))))))) -> 0.72916667 | E2: =UPPER('Nach Mannschaften sortiert'!F2) -> WIMPASSING | G2: ='Nach Mannschaften sortiert'!H2 -> Heim | H2: ='Nach Mannschaften sortiert'!G2 -> SK Rapid Wien | I2: ='Nach Mannschaften sortiert'!C2 -> U15 | J2: aktiv | K2: Liga | L2: Spiel
B3: ='Nach Mannschaften sortiert'!D3 -> 46199 | C3: ='Nach Mannschaften sortiert'!E3 -> 0.75 | D3: =IF(I3 = "KM",C3+"1:45",IF(I3="U23",C3+"1:45",IF(I3 = "U16",C3+"1:45",IF(I3 = "U15",C3+"1:30",IF(I3 = "U14",C3+"1:30",IF(I3 = "U13",C3+"1:35",IF(I3 = "U12",C3+"1:10",IF(I3 = "U11",C3+"1:10",IF(I3 = "U10",C3+"1:03",C3+"3:00"))))))))) -> 0.82291667 | E3: =UPPER('Nach Mannschaften sortiert'!F3) -> WIMPASSING | G3: ='Nach Mannschaften sortiert'!H3 -> Heim | H3: ='Nach Mannschaften sortiert'!G3 -> SK Rapid Wien | I3: ='Nach Mannschaften sortiert'!C3 -> U16 | J3: aktiv | K3: Liga | L3: Spiel
B4: ='Nach Mannschaften sortiert'!D4 -> 46213 | C4: ='Nach Mannschaften sortiert'!E4 -> 0.79166667 | D4: =IF(I4 = "KM",C4+"1:45",IF(I4="U23",C4+"1:45",IF(I4 = "U16",C4+"1:45",IF(I4 = "U15",C4+"1:30",IF(I4 = "U14",C4+"1:30",IF(I4 = "U13",C4+"1:35",IF(I4 = "U12",C4+"1:10",IF(I4 = "U11",C4+"1:10",IF(I4 = "U10",C4+"1:03",C4+"3:00"))))))))) -> 0.86458333 | E4: =UPPER('Nach Mannschaften sortiert'!F4) -> NEUDÖRFL | G4: ='Nach Mannschaften sortiert'!H4 -> Auswärts | H4: ='Nach Mannschaften sortiert'!G4 -> Neudörfl | I4: ='Nach Mannschaften sortiert'!C4 -> KM | J4: aktiv | K4: Liga | L4: Spiel
B5: ='Nach Mannschaften sortiert'!D5 -> 46220 | C5: ='Nach Mannschaften sortiert'!E5 -> 0.79166667 | D5: =IF(I5 = "KM",C5+"1:45",IF(I5="U23",C5+"1:45",IF(I5 = "U16",C5+"1:45",IF(I5 = "U15",C5+"1:30",IF(I5 = "U14",C5+"1:30",IF(I5 = "U13",C5+"1:35",IF(I5 = "U12",C5+"1:10",IF(I5 = "U11",C5+"1:10",IF(I5 = "U10",C5+"1:03",C5+"3:00"))))))))) -> 0.86458333 | E5: =UPPER('Nach Mannschaften sortiert'!F5) -> ROHBACH | G5: ='Nach Mannschaften sortiert'!H5 -> Auswärts | H5: ='Nach Mannschaften sortiert'!G5 -> Rohrbach | I5: ='Nach Mannschaften sortiert'!C5 -> KM | J5: aktiv | K5: Liga | L5: Spiel
B6: ='Nach Mannschaften sortiert'!D6 -> 46235 | C6: ='Nach Mannschaften sortiert'!E6 -> 0.72916667 | D6: =IF(I6 = "KM",C6+"1:45",IF(I6="U23",C6+"1:45",IF(I6 = "U16",C6+"1:45",IF(I6 = "U15",C6+"1:30",IF(I6 = "U14",C6+"1:30",IF(I6 = "U13",C6+"1:35",IF(I6 = "U12",C6+"1:10",IF(I6 = "U11",C6+"1:10",IF(I6 = "U10",C6+"1:03",C6+"3:00"))))))))) -> 0.80208333 | E6: =UPPER('Nach Mannschaften sortiert'!F6) -> KITTSEE | G6: ='Nach Mannschaften sortiert'!H6 -> Auswärts | H6: ='Nach Mannschaften sortiert'!G6 -> Kittsee | I6: ='Nach Mannschaften sortiert'!C6 -> KM | J6: aktiv | K6: Liga | L6: Spiel
B7: ='Nach Mannschaften sortiert'!D7 -> 46241 | C7: ='Nach Mannschaften sortiert'!E7 -> 0.79166667 | D7: =IF(I7 = "KM",C7+"1:45",IF(I7="U23",C7+"1:45",IF(I7 = "U16",C7+"1:45",IF(I7 = "U15",C7+"1:30",IF(I7 = "U14",C7+"1:30",IF(I7 = "U13",C7+"1:35",IF(I7 = "U12",C7+"1:10",IF(I7 = "U11",C7+"1:10",IF(I7 = "U10",C7+"1:03",C7+"3:00"))))))))) -> 0.86458333 | E7: =UPPER('Nach Mannschaften sortiert'!F7) -> NEUFELD | G7: ='Nach Mannschaften sortiert'!H7 -> Heim | H7: ='Nach Mannschaften sortiert'!G7 -> Bad Fischau | I7: ='Nach Mannschaften sortiert'!C7 -> KM | J7: aktiv | K7: Liga | L7: Spiel
B8: ='Nach Mannschaften sortiert'!D8 -> 46243 | C8: ='Nach Mannschaften sortiert'!E8 -> 0.45833333 | D8: =IF(I8 = "KM",C8+"1:45",IF(I8="U23",C8+"1:45",IF(I8 = "U16",C8+"1:45",IF(I8 = "U15",C8+"1:30",IF(I8 = "U14",C8+"1:30",IF(I8 = "U13",C8+"1:35",IF(I8 = "U12",C8+"1:10",IF(I8 = "U11",C8+"1:10",IF(I8 = "U10",C8+"1:03",C8+"3:00"))))))))) -> 0.53125 | E8: =UPPER('Nach Mannschaften sortiert'!F8) -> WIENER NEUDORF | G8: ='Nach Mannschaften sortiert'!H8 -> Auswärts | H8: ='Nach Mannschaften sortiert'!G8 -> Wiener Neudorf | I8: ='Nach Mannschaften sortiert'!C8 -> U16 | J8: aktiv | K8: Liga | L8: Spiel
B9: ='Nach Mannschaften sortiert'!D9 -> 46249 | C9: ='Nach Mannschaften sortiert'!E9 -> 0.72916667 | D9: =IF(I9 = "KM",C9+"1:45",IF(I9="U23",C9+"1:45",IF(I9 = "U16",C9+"1:45",IF(I9 = "U15",C9+"1:30",IF(I9 = "U14",C9+"1:30",IF(I9 = "U13",C9+"1:35",IF(I9 = "U12",C9+"1:10",IF(I9 = "U11",C9+"1:10",IF(I9 = "U10",C9+"1:03",C9+"3:00"))))))))) -> 0.80208333 | E9: =UPPER('Nach Mannschaften sortiert'!F9) -> KITTSEE | G9: ='Nach Mannschaften sortiert'!H9 -> Auswärts | H9: ='Nach Mannschaften sortiert'!G9 -> Kittsee | I9: ='Nach Mannschaften sortiert'!C9 -> KM | J9: aktiv | K9: Liga | L9: Spiel
B10: ='Nach Mannschaften sortiert'!D10 -> 46256 | C10: ='Nach Mannschaften sortiert'!E10 -> 0.70833333 | D10: =IF(I10 = "KM",C10+"1:45",IF(I10="U23",C10+"1:45",IF(I10 = "U16",C10+"1:45",IF(I10 = "U15",C10+"1:30",IF(I10 = "U14",C10+"1:30",IF(I10 = "U13",C10+"1:35",IF(I10 = "U12",C10+"1:10",IF(I10 = "U11",C10+"1:10",IF(I10 = "U10",C10+"1:03",C10+"3:00"))))))))) -> 0.78125 | E10: =UPPER('Nach Mannschaften sortiert'!F10) -> DEUTSCH JAHRNDORF | G10: ='Nach Mannschaften sortiert'!H10 -> Auswärts | H10: ='Nach Mannschaften sortiert'!G10 -> Deutsch Jahrndorf | I10: ='Nach Mannschaften sortiert'!C10 -> KM | J10: aktiv | K10: Liga | L10: Spiel
B11: ='Nach Mannschaften sortiert'!D11 -> 46263 | C11: ='Nach Mannschaften sortiert'!E11 -> 0.70833333 | D11: =IF(I11 = "KM",C11+"1:45",IF(I11="U23",C11+"1:45",IF(I11 = "U16",C11+"1:45",IF(I11 = "U15",C11+"1:30",IF(I11 = "U14",C11+"1:30",IF(I11 = "U13",C11+"1:35",IF(I11 = "U12",C11+"1:10",IF(I11 = "U11",C11+"1:10",IF(I11 = "U10",C11+"1:03",C11+"3:00"))))))))) -> 0.78125 | E11: =UPPER('Nach Mannschaften sortiert'!F11) -> NEUFELD | G11: ='Nach Mannschaften sortiert'!H11 -> Heim | H11: ='Nach Mannschaften sortiert'!G11 -> Tadten | I11: ='Nach Mannschaften sortiert'!C11 -> KM | J11: aktiv | K11: Liga | L11: Spiel
B12: ='Nach Mannschaften sortiert'!D12 -> 46270 | C12: ='Nach Mannschaften sortiert'!E12 -> 0.6875 | D12: =IF(I12 = "KM",C12+"1:45",IF(I12="U23",C12+"1:45",IF(I12 = "U16",C12+"1:45",IF(I12 = "U15",C12+"1:30",IF(I12 = "U14",C12+"1:30",IF(I12 = "U13",C12+"1:35",IF(I12 = "U12",C12+"1:10",IF(I12 = "U11",C12+"1:10",IF(I12 = "U10",C12+"1:03",C12+"3:00"))))))))) -> 0.76041667 | E12: =UPPER('Nach Mannschaften sortiert'!F12) -> MÖNCHHOF | G12: ='Nach Mannschaften sortiert'!H12 -> Auswärts | H12: ='Nach Mannschaften sortiert'!G12 -> Mönchhof | I12: ='Nach Mannschaften sortiert'!C12 -> KM | J12: aktiv | K12: Liga | L12: Spiel
B13: ='Nach Mannschaften sortiert'!D13 -> 46277 | C13: ='Nach Mannschaften sortiert'!E13 -> 0.6875 | D13: =IF(I13 = "KM",C13+"1:45",IF(I13="U23",C13+"1:45",IF(I13 = "U16",C13+"1:45",IF(I13 = "U15",C13+"1:30",IF(I13 = "U14",C13+"1:30",IF(I13 = "U13",C13+"1:35",IF(I13 = "U12",C13+"1:10",IF(I13 = "U11",C13+"1:10",IF(I13 = "U10",C13+"1:03",C13+"3:00"))))))))) -> 0.76041667 | E13: =UPPER('Nach Mannschaften sortiert'!F13) -> NEUFELD | G13: ='Nach Mannschaften sortiert'!H13 -> Heim | H13: ='Nach Mannschaften sortiert'!G13 -> Winden | I13: ='Nach Mannschaften sortiert'!C13 -> KM | J13: aktiv | K13: Liga | L13: Spiel
... B121: ='Nach Mannschaften sortiert'!D121 -> 46256 | C121: ='Nach Mannschaften sortiert'!E121 -> 0.375 | D121: =IF(I121 = "KM",C121+"1:45",IF(I121="U23",C121+"1:45",IF(I121 = "U16",C121+"1:45",IF(I121 = "U15",C121+"1:30",IF(I121 = "U14",C121+"1:30",IF(I121 = "U13",C121+"1:35",IF(I121 = "U12",C121+"1:10",IF(I121 = "U11",C121+"1:10",IF(I121 = "U10",C121+"1:03",C121+"3:00"))))))))) -> 0.5 | E121: =UPPER('Nach Mannschaften sortiert'!F121) -> NEUFELD | G121: ='Nach Mannschaften sortiert'!H121 -> Heim | H121: ='Nach Mannschaften sortiert'!G121 -> viele Gegner | I121: ='Nach Mannschaften sortiert'!C121 -> GGG | J121: aktiv | K121: Liga | L121: Spiel

Sheet Kalendernamen
A1: Kategorie | C1: ABOLINK
A2: Alle Spiele des ASV Neufeld | B2: alle_spiele.ics | C2: ="https://dtb-asv.github.io/asv-neufeld/"&B2 -> https://dtb-asv.github.io/asv-neufeld/alle_spiele.ics
A3: Alle Heimspiele des ASV Neufelds | B3: heimspiele.ics | C3: ="https://dtb-asv.github.io/asv-neufeld/"&B3 -> https://dtb-asv.github.io/asv-neufeld/heimspiele.ics
A4: Alle Auswärtsspiele des ASV Neufelds | B4: auswaertsspiele.ics | C4: ="https://dtb-asv.github.io/asv-neufeld/"&B4 -> https://dtb-asv.github.io/asv-neufeld/auswaertsspiele.ics
A5: Alle Spiele der Kampfmannschaft | B5: KM.ics | C5: ="https://dtb-asv.github.io/asv-neufeld/"&B5 -> https://dtb-asv.github.io/asv-neufeld/KM.ics
A6: Alle Spiele der U23 | B6: U23.ics | C6: ="https://dtb-asv.github.io/asv-neufeld/"&B6 -> https://dtb-asv.github.io/asv-neufeld/U23.ics
A7: Alle Spiele der U16 | B7: U16.ics | C7: ="https://dtb-asv.github.io/asv-neufeld/"&B7 -> https://dtb-asv.github.io/asv-neufeld/U16.ics
A8: Alle Spiele der U15 | B8: U15.ics | C8: ="https://dtb-asv.github.io/asv-neufeld/"&B8 -> https://dtb-asv.github.io/asv-neufeld/U15.ics
A9: Alle Spiele der U14 | B9: U14.ics | C9: ="https://dtb-asv.github.io/asv-neufeld/"&B9 -> https://dtb-asv.github.io/asv-neufeld/U14.ics
A10: Alle Spiele der U13 | B10: U13.ics | C10: ="https://dtb-asv.github.io/asv-neufeld/"&B10 -> https://dtb-asv.github.io/asv-neufeld/U13.ics
A11: Alle Spiele der U12 | B11: U12.ics | C11: ="https://dtb-asv.github.io/asv-neufeld/"&B11 -> https://dtb-asv.github.io/asv-neufeld/U12.ics
A12: Alle Spiele der U11 | B12: U11.ics | C12: ="https://dtb-asv.github.io/asv-neufeld/"&B12 -> https://dtb-asv.github.io/asv-neufeld/U11.ics
A13: Alle Spiele der U10 | B13: U10.ics | C13: ="https://dtb-asv.github.io/asv-neufeld/"&B13 -> https://dtb-asv.github.io/asv-neufeld/U10.ics
... A16: Alle Spiele der U7 | B16: U7.ics | C16: ="https://dtb-asv.github.io/asv-neufeld/"&B16 -> https://dtb-asv.github.io/asv-neufeld/ U7.ics
B17: Camp.ics | C17: ="https://dtb-asv.github.io/asv-neufeld/"&B17 -> https://dtb-asv.github.io/asv-neufeld/ Camp.ics
B18: GGG.ics | C18: ="https://dtb-asv.github.io/asv-neufeld/"&B18 -> https://dtb-asv.github.io/asv-neufeld/ GGG.ics

Sheet Trainingsplan
A1: TRAININGSORTE/TAGE
A2: MANNSCHAFT | B2: TRAINER | C2: MONTAG | D2: DIENSTAG | E2: MITTWOCH | F2: DONNERSTAG | G2: FREITAG | H2: SAMSTAG | I2: WENN KM-TRAINING MUSS DAS HAUPTFELD AB 18:45 FREI SEIN
A3: FKG | B3: RONNIE ARCHAM | E3: 16:00 - 16:45
A4: U7 | B4: ÖMER TÜRKES TAHA MAHSUMI | D4: 17:30 - 18:30 | F4: 17:30 - 18:30
A5: U8 | B5: TOBIAS BERGER SEBASTIAN PUTRIC | C5: 16:30 - 18:00 | F5: 17: 00 - 18:30
A6: U9 | B6: THOMAS BRANDL DANIEL HOFBAUER | D6: 17:00 - 18:30 | F6: 17:00 - 18:30
A7: U11 | B7: MARIO MAGLER RONNIE ARCHAM | C7: 17:00 - 18:30 | E7: 17:00 - 18:30 | G7: 17:00 - 18:30
A8: U13 | B8: THOMAS PÖSCHL LENZ HONC | C8: 17:00 - 18:30 | E8: 17:00 - 18:30 | G8: 17:00 - 18:30
A9: U14 | B9: GERNOT SEVELDA MARKUS DORINGER | C9: 17:00 - 18:30 | F9: 17:00 - 18:30 | G9: 17:00 - 18:30 | H9: 10:00 - 11:00
A10: U15 | B10: SERDAR EKINCI HUBERT OBERHOFER | D10: 18:30 - 20:15 | F10: 18:00 - 19:30 | G10: 18:30 - 20:15
A11: U16 | B11: JOSCH KÖGL | E11: 17:15 - 19:00 | G11: WIMPASSING
A12: U23 | B12: DINGES STEFAN | C12: 18:45 - 20:15 | E12: 18:45 - 20:15 | F12: 18:45 - 20:15
A13: KM | B13: PLENINGER STEFAN | C13: 18:45 - 20:15 | E13: 18:45 - 20:15 | F13: 18:45 - 20:15
A14: JUNIOREN/SENIOREN | D14: 18:45 - 20:15
A15: HAUPTFELD
A16: TRAININGSPLATZ
A17: HINTERM TOR
A18: SPIELGEMEINSCHAFTEN MIT WIMPASSING

Sheet Heimspiele
A1: ='Nach Mannschaften sortiert'!A1 -> fortlaufende Nummer | B1: ='Nach Mannschaften sortiert'!B1 -> Runde | C1: ='Nach Mannschaften sortiert'!C1 -> Mannschaft | D1: ='Nach Mannschaften sortiert'!D1 -> fixierter Termin | E1: ='Nach Mannschaften sortiert'!E1 -> fixierte Uhrzeit | F1: ='Nach Mannschaften sortiert'!F1 -> Ort | G1: ='Nach Mannschaften sortiert'!G1 -> Gegner | H1: ='Nach Mannschaften sortiert'!H1 -> Auswärt/Heim
A2: ='Nach Mannschaften sortiert'!A9 -> 8 | B2: ='Nach Mannschaften sortiert'!B9 -> 1 | C2: ='Nach Mannschaften sortiert'!C9 -> KM | D2: ='Nach Mannschaften sortiert'!D9 -> 46249 | E2: ='Nach Mannschaften sortiert'!E9 -> 0.72916667 | F2: ='Nach Mannschaften sortiert'!F9 -> Kittsee | G2: ='Nach Mannschaften sortiert'!G9 -> Kittsee | H2: ='Nach Mannschaften sortiert'!H9 -> Auswärts
A3: ='Nach Mannschaften sortiert'!A10 -> 9 | B3: ='Nach Mannschaften sortiert'!B10 -> 2 | C3: ='Nach Mannschaften sortiert'!C10 -> KM | D3: ='Nach Mannschaften sortiert'!D10 -> 46256 | E3: ='Nach Mannschaften sortiert'!E10 -> 0.70833333 | F3: ='Nach Mannschaften sortiert'!F10 -> Deutsch Jahrndorf | G3: ='Nach Mannschaften sortiert'!G10 -> Deutsch Jahrndorf | H3: ='Nach Mannschaften sortiert'!H10 -> Auswärts
A4: ='Nach Mannschaften sortiert'!A11 -> 10 | B4: ='Nach Mannschaften sortiert'!B11 -> 3 | C4: ='Nach Mannschaften sortiert'!C11 -> KM | D4: ='Nach Mannschaften sortiert'!D11 -> 46263 | E4: ='Nach Mannschaften sortiert'!E11 -> 0.70833333 | F4: ='Nach Mannschaften sortiert'!F11 -> Neufeld | G4: ='Nach Mannschaften sortiert'!G11 -> Tadten | H4: ='Nach Mannschaften sortiert'!H11 -> Heim
A5: ='Nach Mannschaften sortiert'!A45 -> 44 | B5: ='Nach Mannschaften sortiert'!B45 -> 1 | C5: ='Nach Mannschaften sortiert'!C45 -> U14 | D5: ='Nach Mannschaften sortiert'!D45 -> 46033 | E5: ='Nach Mannschaften sortiert'!E45 -> 0 | F5: ='Nach Mannschaften sortiert'!F45 -> 0 | G5: ='Nach Mannschaften sortiert'!G45 -> 0 | H5: ='Nach Mannschaften sortiert'!H45 -> 0
A6: ='Nach Mannschaften sortiert'!A13 -> 12 | B6: ='Nach Mannschaften sortiert'!B13 -> 5 | C6: ='Nach Mannschaften sortiert'!C13 -> KM | D6: ='Nach Mannschaften sortiert'!D13 -> 46277 | E6: ='Nach Mannschaften sortiert'!E13 -> 0.6875 | F6: ='Nach Mannschaften sortiert'!F13 -> Neufeld | G6: ='Nach Mannschaften sortiert'!G13 -> Winden | H6: ='Nach Mannschaften sortiert'!H13 -> Heim
A7: ='Nach Mannschaften sortiert'!A55 -> 54 | B7: ='Nach Mannschaften sortiert'!B55 -> 1 | C7: ='Nach Mannschaften sortiert'!C55 -> U12_1 | D7: ='Nach Mannschaften sortiert'!D55 -> 46043 | E7: ='Nach Mannschaften sortiert'!E55 -> 0 | F7: ='Nach Mannschaften sortiert'!F55 -> 0 | G7: ='Nach Mannschaften sortiert'!G55 -> 0 | H7: ='Nach Mannschaften sortiert'!H55 -> 0
A8: ='Nach Mannschaften sortiert'!A15 -> 14 | B8: ='Nach Mannschaften sortiert'!B15 -> 7 | C8: ='Nach Mannschaften sortiert'!C15 -> KM | D8: ='Nach Mannschaften sortiert'!D15 -> 46291 | E8: ='Nach Mannschaften sortiert'!E15 -> 0.66666667 | F8: ='Nach Mannschaften sortiert'!F15 -> Neufeld | G8: ='Nach Mannschaften sortiert'!G15 -> Wallern | H8: ='Nach Mannschaften sortiert'!H15 -> Heim
A9: ='Nach Mannschaften sortiert'!A110 -> 109 | B9: ='Nach Mannschaften sortiert'!B110 -> 1 | C9: ='Nach Mannschaften sortiert'!C110 -> Camp | D9: ='Nach Mannschaften sortiert'!D110 -> 46230 | E9: ='Nach Mannschaften sortiert'!E110 -> 0.375 | F9: ='Nach Mannschaften sortiert'!F110 -> Neufeld | G9: ='Nach Mannschaften sortiert'!G110 -> REAL MADRID CAMP | H9: ='Nach Mannschaften sortiert'!H110 -> Heim
A10: ='Nach Mannschaften sortiert'!A17 -> 16 | B10: ='Nach Mannschaften sortiert'!B17 -> 9 | C10: ='Nach Mannschaften sortiert'!C17 -> KM | D10: ='Nach Mannschaften sortiert'!D17 -> 46305 | E10: ='Nach Mannschaften sortiert'!E17 -> 0.64583333 | F10: ='Nach Mannschaften sortiert'!F17 -> Neufeld | G10: ='Nach Mannschaften sortiert'!G17 -> Wimpassing | H10: ='Nach Mannschaften sortiert'!H17 -> Heim
A11: ='Nach Mannschaften sortiert'!A111 -> 110 | B11: ='Nach Mannschaften sortiert'!B111 -> 2 | C11: ='Nach Mannschaften sortiert'!C111 -> Camp | D11: ='Nach Mannschaften sortiert'!D111 -> 46231 | E11: ='Nach Mannschaften sortiert'!E111 -> 0.375 | F11: ='Nach Mannschaften sortiert'!F111 -> Neufeld | G11: ='Nach Mannschaften sortiert'!G111 -> REAL MADRID CAMP | H11: ='Nach Mannschaften sortiert'!H111 -> Heim
A12: ='Nach Mannschaften sortiert'!A19 -> 18 | B12: ='Nach Mannschaften sortiert'!B19 -> 11 | C12: ='Nach Mannschaften sortiert'!C19 -> KM | D12: ='Nach Mannschaften sortiert'!D19 -> 46319 | E12: ='Nach Mannschaften sortiert'!E19 -> 0.625 | F12: ='Nach Mannschaften sortiert'!F19 -> Neufeld | G12: ='Nach Mannschaften sortiert'!G19 -> Gols | H12: ='Nach Mannschaften sortiert'!H19 -> Heim
A13: ='Nach Mannschaften sortiert'!A20 -> 19 | B13: ='Nach Mannschaften sortiert'!B20 -> 12 | C13: ='Nach Mannschaften sortiert'!C20 -> KM | D13: ='Nach Mannschaften sortiert'!D20 -> 46326 | E13: ='Nach Mannschaften sortiert'!E20 -> 0.58333333 | F13: ='Nach Mannschaften sortiert'!F20 -> Illmitz | G13: ='Nach Mannschaften sortiert'!G20 -> Illmitz | H13: ='Nach Mannschaften sortiert'!H20 -> Auswärts
A14: ='Nach Mannschaften sortiert'!A112 -> 111 | B14: ='Nach Mannschaften sortiert'!B112 -> 3 | C14: ='Nach Mannschaften sortiert'!C112 -> Camp | D14: ='Nach Mannschaften sortiert'!D112 -> 46232 | E14: ='Nach Mannschaften sortiert'!E112 -> 0.375 | F14: ='Nach Mannschaften sortiert'!F112 -> Neufeld | G14: ='Nach Mannschaften sortiert'!G112 -> REAL MADRID CAMP | H14: ='Nach Mannschaften sortiert'!H112 -> Heim
A15: ='Nach Mannschaften sortiert'!A35 -> 34 | B15: ='Nach Mannschaften sortiert'!B35 -> 1 | C15: ='Nach Mannschaften sortiert'!C35 -> U16 | D15: ='Nach Mannschaften sortiert'!D35 -> 46023 | E15: ='Nach Mannschaften sortiert'!E35 -> 0 | F15: ='Nach Mannschaften sortiert'!F35 -> 0 | G15: ='Nach Mannschaften sortiert'!G35 -> 0 | H15: ='Nach Mannschaften sortiert'!H35 -> 0
A16: ='Nach Mannschaften sortiert'!A36 -> 35 | B16: ='Nach Mannschaften sortiert'!B36 -> 2 | C16: ='Nach Mannschaften sortiert'!C36 -> U16 | D16: ='Nach Mannschaften sortiert'!D36 -> 46024 | E16: ='Nach Mannschaften sortiert'!E36 -> 0 | F16: ='Nach Mannschaften sortiert'!F36 -> 0 | G16: ='Nach Mannschaften sortiert'!G36 -> 0 | H16: ='Nach Mannschaften sortiert'!H36 -> 0
A17: ='Nach Mannschaften sortiert'!A37 -> 36 | B17: ='Nach Mannschaften sortiert'!B37 -> 3 | C17: ='Nach Mannschaften sortiert'!C37 -> U16 | D17: ='Nach Mannschaften sortiert'!D37 -> 46025 | E17: ='Nach Mannschaften sortiert'!E37 -> 0 | F17: ='Nach Mannschaften sortiert'!F37 -> 0 | G17: ='Nach Mannschaften sortiert'!G37 -> 0 | H17: ='Nach Mannschaften sortiert'!H37 -> 0
A18: ='Nach Mannschaften sortiert'!A12 -> 11 | B18: ='Nach Mannschaften sortiert'!B12 -> 4 | C18: ='Nach Mannschaften sortiert'!C12 -> KM | D18: ='Nach Mannschaften sortiert'!D12 -> 46270 | E18: ='Nach Mannschaften sortiert'!E12 -> 0.6875 | F18: ='Nach Mannschaften sortiert'!F12 -> Mönchhof | G18: ='Nach Mannschaften sortiert'!G12 -> Mönchhof | H18: ='Nach Mannschaften sortiert'!H12 -> Auswärts
A19: ='Nach Mannschaften sortiert'!A39 -> 38 | B19: ='Nach Mannschaften sortiert'!B39 -> 5 | C19: ='Nach Mannschaften sortiert'!C39 -> U16 | D19: ='Nach Mannschaften sortiert'!D39 -> 46027 | E19: ='Nach Mannschaften sortiert'!E39 -> 0 | F19: ='Nach Mannschaften sortiert'!F39 -> 0 | G19: ='Nach Mannschaften sortiert'!G39 -> 0 | H19: ='Nach Mannschaften sortiert'!H39 -> 0
A20: ='Nach Mannschaften sortiert'!A40 -> 39 | B20: ='Nach Mannschaften sortiert'!B40 -> 6 | C20: ='Nach Mannschaften sortiert'!C40 -> U16 | D20: ='Nach Mannschaften sortiert'!D40 -> 46028 | E20: ='Nach Mannschaften sortiert'!E40 -> 0 | F20: ='Nach Mannschaften sortiert'!F40 -> 0 | G20: ='Nach Mannschaften sortiert'!G40 -> 0 | H20: ='Nach Mannschaften sortiert'!H40 -> 0
A21: ='Nach Mannschaften sortiert'!A41 -> 40 | B21: ='Nach Mannschaften sortiert'!B41 -> 7 | C21: ='Nach Mannschaften sortiert'!C41 -> U16 | D21: ='Nach Mannschaften sortiert'!D41 -> 46029 | E21: ='Nach Mannschaften sortiert'!E41 -> 0 | F21: ='Nach Mannschaften sortiert'!F41 -> 0 | G21: ='Nach Mannschaften sortiert'!G41 -> 0 | H21: ='Nach Mannschaften sortiert'!H41 -> 0
A22: ='Nach Mannschaften sortiert'!A42 -> 41 | B22: ='Nach Mannschaften sortiert'!B42 -> 8 | C22: ='Nach Mannschaften sortiert'!C42 -> U16 | D22: ='Nach Mannschaften sortiert'!D42 -> 46030 | E22: ='Nach Mannschaften sortiert'!E42 -> 0 | F22: ='Nach Mannschaften sortiert'!F42 -> 0 | G22: ='Nach Mannschaften sortiert'!G42 -> 0 | H22: ='Nach Mannschaften sortiert'!H42 -> 0
A23: ='Nach Mannschaften sortiert'!A43 -> 42 | B23: ='Nach Mannschaften sortiert'!B43 -> 9 | C23: ='Nach Mannschaften sortiert'!C43 -> U16 | D23: ='Nach Mannschaften sortiert'!D43 -> 46031 | E23: ='Nach Mannschaften sortiert'!E43 -> 0 | F23: ='Nach Mannschaften sortiert'!F43 -> 0 | G23: ='Nach Mannschaften sortiert'!G43 -> 0 | H23: ='Nach Mannschaften sortiert'!H43 -> 0
A24: ='Nach Mannschaften sortiert'!A90 -> 89 | B24: ='Nach Mannschaften sortiert'!B90 -> 1 | C24: ='Nach Mannschaften sortiert'!C90 -> U9 | D24: ='Nach Mannschaften sortiert'!D90 -> 46078 | E24: ='Nach Mannschaften sortiert'!E90 -> 0 | F24: ='Nach Mannschaften sortiert'!F90 -> 0 | G24: ='Nach Mannschaften sortiert'!G90 -> 0 | H24: ='Nach Mannschaften sortiert'!H90 -> 0
A25: ='Nach Mannschaften sortiert'!#REF! -> #REF! | B25: ='Nach Mannschaften sortiert'!#REF! -> #REF! | C25: ='Nach Mannschaften sortiert'!#REF! -> #REF! | D25: ='Nach Mannschaften sortiert'!#REF! -> #REF! | E25: ='Nach Mannschaften sortiert'!#REF! -> #REF! | F25: ='Nach Mannschaften sortiert'!#REF! -> #REF! | G25: ='Nach Mannschaften sortiert'!#REF! -> #REF! | H25: ='Nach Mannschaften sortiert'!#REF! -> #REF!
A26: ='Nach Mannschaften sortiert'!A100 -> 99 | B26: ='Nach Mannschaften sortiert'!B100 -> 1 | C26: ='Nach Mannschaften sortiert'!C100 -> U8 | D26: ='Nach Mannschaften sortiert'!D100 -> 46088 | E26: ='Nach Mannschaften sortiert'!E100 -> 0 | F26: ='Nach Mannschaften sortiert'!F100 -> 0 | G26: ='Nach Mannschaften sortiert'!G100 -> 0 | H26: ='Nach Mannschaften sortiert'!H100 -> 0
A27: ='Nach Mannschaften sortiert'!#REF! -> #REF! | B27: ='Nach Mannschaften sortiert'!#REF! -> #REF! | C27: ='Nach Mannschaften sortiert'!#REF! -> #REF! | D27: ='Nach Mannschaften sortiert'!#REF! -> #REF! | E27: ='Nach Mannschaften sortiert'!#REF! -> #REF! | F27: ='Nach Mannschaften sortiert'!#REF! -> #REF! | G27: ='Nach Mannschaften sortiert'!#REF! -> #REF! | H27: ='Nach Mannschaften sortiert'!#REF! -> #REF!
A28: ='Nach Mannschaften sortiert'!#REF! -> #REF! | B28: ='Nach Mannschaften sortiert'!#REF! -> #REF! | C28: ='Nach Mannschaften sortiert'!#REF! -> #REF! | D28: ='Nach Mannschaften sortiert'!#REF! -> #REF! | E28: ='Nach Mannschaften sortiert'!#REF! -> #REF! | F28: ='Nach Mannschaften sortiert'!#REF! -> #REF! | G28: ='Nach Mannschaften sortiert'!#REF! -> #REF! | H28: ='Nach Mannschaften sortiert'!#REF! -> #REF!
A29: ='Nach Mannschaften sortiert'!A105 -> 104 | B29: ='Nach Mannschaften sortiert'!B105 -> 1 | C29: ='Nach Mannschaften sortiert'!C105 -> U7 | D29: ='Nach Mannschaften sortiert'!D105 -> 46093 | E29: ='Nach Mannschaften sortiert'!E105 -> 0 | F29: ='Nach Mannschaften sortiert'!F105 -> 0 | G29: ='Nach Mannschaften sortiert'!G105 -> 0 | H29: ='Nach Mannschaften sortiert'!H105 -> 0
A30: ='Nach Mannschaften sortiert'!#REF! -> #REF! | B30: ='Nach Mannschaften sortiert'!#REF! -> #REF! | C30: ='Nach Mannschaften sortiert'!#REF! -> #REF! | D30: ='Nach Mannschaften sortiert'!#REF! -> #REF! | E30: ='Nach Mannschaften sortiert'!#REF! -> #REF! | F30: ='Nach Mannschaften sortiert'!#REF! -> #REF! | G30: ='Nach Mannschaften sortiert'!#REF! -> #REF! | H30: ='Nach Mannschaften sortiert'!#REF! -> #REF!
A31: ='Nach Mannschaften sortiert'!#REF! -> #REF! | B31: ='Nach Mannschaften sortiert'!#REF! -> #REF! | C31: ='Nach Mannschaften sortiert'!#REF! -> #REF! | D31: ='Nach Mannschaften sortiert'!#REF! -> #REF! | E31: ='Nach Mannschaften sortiert'!#REF! -> #REF! | F31: ='Nach Mannschaften sortiert'!#REF! -> #REF! | G31: ='Nach Mannschaften sortiert'!#REF! -> #REF! | H31: ='Nach Mannschaften sortiert'!#REF! -> #REF!
A32: ='Nach Mannschaften sortiert'!#REF! -> #REF! | B32: ='Nach Mannschaften sortiert'!#REF! -> #REF! | C32: ='Nach Mannschaften sortiert'!#REF! -> #REF! | D32: ='Nach Mannschaften sortiert'!#REF! -> #REF! | E32: ='Nach Mannschaften sortiert'!#REF! -> #REF! | F32: ='Nach Mannschaften sortiert'!#REF! -> #REF! | G32: ='Nach Mannschaften sortiert'!#REF! -> #REF! | H32: ='Nach Mannschaften sortiert'!#REF! -> #REF!
A33: ='Nach Mannschaften sortiert'!#REF! -> #REF! | B33: ='Nach Mannschaften sortiert'!#REF! -> #REF! | C33: ='Nach Mannschaften sortiert'!#REF! -> #REF! | D33: ='Nach Mannschaften sortiert'!#REF! -> #REF! | E33: ='Nach Mannschaften sortiert'!#REF! -> #REF! | F33: ='Nach Mannschaften sortiert'!#REF! -> #REF! | G33: ='Nach Mannschaften sortiert'!#REF! -> #REF! | H33: ='Nach Mannschaften sortiert'!#REF! -> #REF!
A34: ='Nach Mannschaften sortiert'!#REF! -> #REF! | B34: ='Nach Mannschaften sortiert'!#REF! -> #REF! | C34: ='Nach Mannschaften sortiert'!#REF! -> #REF! | D34: ='Nach Mannschaften sortiert'!#REF! -> #REF! | E34: ='Nach Mannschaften sortiert'!#REF! -> #REF! | F34: ='Nach Mannschaften sortiert'!#REF! -> #REF! | G34: ='Nach Mannschaften sortiert'!#REF! -> #REF! | H34: ='Nach Mannschaften sortiert'!#REF! -> #REF!
A35: ='Nach Mannschaften sortiert'!A76 -> 75 | B35: ='Nach Mannschaften sortiert'!B76 -> 2 | C35: ='Nach Mannschaften sortiert'!C76 -> U11 | D35: ='Nach Mannschaften sortiert'!D76 -> 46064 | E35: ='Nach Mannschaften sortiert'!E76 -> 0 | F35: ='Nach Mannschaften sortiert'!F76 -> 0 | G35: ='Nach Mannschaften sortiert'!G76 -> 0 | H35: ='Nach Mannschaften sortiert'!H76 -> 0
A36: ='Nach Mannschaften sortiert'!A46 -> 45 | B36: ='Nach Mannschaften sortiert'!B46 -> 2 | C36: ='Nach Mannschaften sortiert'!C46 -> U14 | D36: ='Nach Mannschaften sortiert'!D46 -> 46034 | E36: ='Nach Mannschaften sortiert'!E46 -> 0 | F36: ='Nach Mannschaften sortiert'!F46 -> 0 | G36: ='Nach Mannschaften sortiert'!G46 -> 0 | H36: ='Nach Mannschaften sortiert'!H46 -> 0
A37: ='Nach Mannschaften sortiert'!A47 -> 46 | B37: ='Nach Mannschaften sortiert'!B47 -> 3 | C37: ='Nach Mannschaften sortiert'!C47 -> U14 | D37: ='Nach Mannschaften sortiert'!D47 -> 46035 | E37: ='Nach Mannschaften sortiert'!E47 -> 0 | F37: ='Nach Mannschaften sortiert'!F47 -> 0 | G37: ='Nach Mannschaften sortiert'!G47 -> 0 | H37: ='Nach Mannschaften sortiert'!H47 -> 0
A38: ='Nach Mannschaften sortiert'!#REF! -> #REF! | B38: ='Nach Mannschaften sortiert'!#REF! -> #REF! | C38: ='Nach Mannschaften sortiert'!#REF! -> #REF! | D38: ='Nach Mannschaften sortiert'!#REF! -> #REF! | E38: ='Nach Mannschaften sortiert'!#REF! -> #REF! | F38: ='Nach Mannschaften sortiert'!#REF! -> #REF! | G38: ='Nach Mannschaften sortiert'!#REF! -> #REF! | H38: ='Nach Mannschaften sortiert'!#REF! -> #REF!
A39: ='Nach Mannschaften sortiert'!#REF! -> #REF! | B39: ='Nach Mannschaften sortiert'!#REF! -> #REF! | C39: ='Nach Mannschaften sortiert'!#REF! -> #REF! | D39: ='Nach Mannschaften sortiert'!#REF! -> #REF! | E39: ='Nach Mannschaften sortiert'!#REF! -> #REF! | F39: ='Nach Mannschaften sortiert'!#REF! -> #REF! | G39: ='Nach Mannschaften sortiert'!#REF! -> #REF! | H39: ='Nach Mannschaften sortiert'!#REF! -> #REF!
A40: ='Nach Mannschaften sortiert'!A49 -> 48 | B40: ='Nach Mannschaften sortiert'!B49 -> 5 | C40: ='Nach Mannschaften sortiert'!C49 -> U14 | D40: ='Nach Mannschaften sortiert'!D49 -> 46037 | E40: ='Nach Mannschaften sortiert'!E49 -> 0 | F40: ='Nach Mannschaften sortiert'!F49 -> 0 | G40: ='Nach Mannschaften sortiert'!G49 -> 0 | H40: ='Nach Mannschaften sortiert'!H49 -> 0
A41: ='Nach Mannschaften sortiert'!A14 -> 13 | B41: ='Nach Mannschaften sortiert'!B14 -> 6 | C41: ='Nach Mannschaften sortiert'!C14 -> KM | D41: ='Nach Mannschaften sortiert'!D14 -> 46284 | E41: ='Nach Mannschaften sortiert'!E14 -> 0.66666667 | F41: ='Nach Mannschaften sortiert'!F14 -> Gattendorf | G41: ='Nach Mannschaften sortiert'!G14 -> Gattendorf | H41: ='Nach Mannschaften sortiert'!H14 -> Auswärts
A42: ='Nach Mannschaften sortiert'!A80 -> 79 | B42: ='Nach Mannschaften sortiert'!B80 -> 6 | C42: ='Nach Mannschaften sortiert'!C80 -> U11 | D42: ='Nach Mannschaften sortiert'!D80 -> 46068 | E42: ='Nach Mannschaften sortiert'!E80 -> 0 | F42: ='Nach Mannschaften sortiert'!F80 -> 0 | G42: ='Nach Mannschaften sortiert'!G80 -> 0 | H42: ='Nach Mannschaften sortiert'!H80 -> 0
A43: ='Nach Mannschaften sortiert'!A54 -> 53 | B43: ='Nach Mannschaften sortiert'!B54 -> 10 | C43: ='Nach Mannschaften sortiert'!C54 -> U14 | D43: ='Nach Mannschaften sortiert'!D54 -> 46042 | E43: ='Nach Mannschaften sortiert'!E54 -> 0 | F43: ='Nach Mannschaften sortiert'!F54 -> 0 | G43: ='Nach Mannschaften sortiert'!G54 -> 0 | H43: ='Nach Mannschaften sortiert'!H54 -> 0
A44: ='Nach Mannschaften sortiert'!A57 -> 56 | B44: ='Nach Mannschaften sortiert'!B57 -> 3 | C44: ='Nach Mannschaften sortiert'!C57 -> U12_1 | D44: ='Nach Mannschaften sortiert'!D57 -> 46045 | E44: ='Nach Mannschaften sortiert'!E57 -> 0 | F44: ='Nach Mannschaften sortiert'!F57 -> 0 | G44: ='Nach Mannschaften sortiert'!G57 -> 0 | H44: ='Nach Mannschaften sortiert'!H57 -> 0
A45: ='Nach Mannschaften sortiert'!A48 -> 47 | B45: ='Nach Mannschaften sortiert'!B48 -> 4 | C45: ='Nach Mannschaften sortiert'!C48 -> U14 | D45: ='Nach Mannschaften sortiert'!D48 -> 46036 | E45: ='Nach Mannschaften sortiert'!E48 -> 0 | F45: ='Nach Mannschaften sortiert'!F48 -> 0 | G45: ='Nach Mannschaften sortiert'!G48 -> 0 | H45: ='Nach Mannschaften sortiert'!H48 -> 0
A46: ='Nach Mannschaften sortiert'!#REF! -> #REF! | B46: ='Nach Mannschaften sortiert'!#REF! -> #REF! | C46: ='Nach Mannschaften sortiert'!#REF! -> #REF! | D46: ='Nach Mannschaften sortiert'!#REF! -> #REF! | E46: ='Nach Mannschaften sortiert'!#REF! -> #REF! | F46: ='Nach Mannschaften sortiert'!#REF! -> #REF! | G46: ='Nach Mannschaften sortiert'!#REF! -> #REF! | H46: ='Nach Mannschaften sortiert'!#REF! -> #REF!
A47: ='Nach Mannschaften sortiert'!A56 -> 55 | B47: ='Nach Mannschaften sortiert'!B56 -> 2 | C47: ='Nach Mannschaften sortiert'!C56 -> U12_1 | D47: ='Nach Mannschaften sortiert'!D56 -> 46044 | E47: ='Nach Mannschaften sortiert'!E56 -> 0 | F47: ='Nach Mannschaften sortiert'!F56 -> 0 | G47: ='Nach Mannschaften sortiert'!G56 -> 0 | H47: ='Nach Mannschaften sortiert'!H56 -> 0
A48: ='Nach Mannschaften sortiert'!A38 -> 37 | B48: ='Nach Mannschaften sortiert'!B38 -> 4 | C48: ='Nach Mannschaften sortiert'!C38 -> U16 | D48: ='Nach Mannschaften sortiert'!D38 -> 46026 | E48: ='Nach Mannschaften sortiert'!E38 -> 0 | F48: ='Nach Mannschaften sortiert'!F38 -> 0 | G48: ='Nach Mannschaften sortiert'!G38 -> 0 | H48: ='Nach Mannschaften sortiert'!H38 -> 0
A49: ='Nach Mannschaften sortiert'!A58 -> 57 | B49: ='Nach Mannschaften sortiert'!B58 -> 4 | C49: ='Nach Mannschaften sortiert'!C58 -> U12_1 | D49: ='Nach Mannschaften sortiert'!D58 -> 46046 | E49: ='Nach Mannschaften sortiert'!E58 -> 0 | F49: ='Nach Mannschaften sortiert'!F58 -> 0 | G49: ='Nach Mannschaften sortiert'!G58 -> 0 | H49: ='Nach Mannschaften sortiert'!H58 -> 0
A50: ='Nach Mannschaften sortiert'!A59 -> 58 | B50: ='Nach Mannschaften sortiert'!B59 -> 5 | C50: ='Nach Mannschaften sortiert'!C59 -> U12_1 | D50: ='Nach Mannschaften sortiert'!D59 -> 46047 | E50: ='Nach Mannschaften sortiert'!E59 -> 0 | F50: ='Nach Mannschaften sortiert'!F59 -> 0 | G50: ='Nach Mannschaften sortiert'!G59 -> 0 | H50: ='Nach Mannschaften sortiert'!H59 -> 0
A51: ='Nach Mannschaften sortiert'!#REF! -> #REF! | B51: ='Nach Mannschaften sortiert'!#REF! -> #REF! | C51: ='Nach Mannschaften sortiert'!#REF! -> #REF! | D51: ='Nach Mannschaften sortiert'!#REF! -> #REF! | E51: ='Nach Mannschaften sortiert'!#REF! -> #REF! | F51: ='Nach Mannschaften sortiert'!#REF! -> #REF! | G51: ='Nach Mannschaften sortiert'!#REF! -> #REF! | H51: ='Nach Mannschaften sortiert'!#REF! -> #REF!
A52: ='Nach Mannschaften sortiert'!A16 -> 15 | B52: ='Nach Mannschaften sortiert'!B16 -> 8 | C52: ='Nach Mannschaften sortiert'!C16 -> KM | D52: ='Nach Mannschaften sortiert'!D16 -> 46297 | E52: ='Nach Mannschaften sortiert'!E16 -> 0.79166667 | F52: ='Nach Mannschaften sortiert'!F16 -> Siegendorf | G52: ='Nach Mannschaften sortiert'!G16 -> Siegendorf | H52: ='Nach Mannschaften sortiert'!H16 -> Auswärts
A53: ='Nach Mannschaften sortiert'!A61 -> 60 | B53: ='Nach Mannschaften sortiert'!B61 -> 7 | C53: ='Nach Mannschaften sortiert'!C61 -> U12_1 | D53: ='Nach Mannschaften sortiert'!D61 -> 46049 | E53: ='Nach Mannschaften sortiert'!E61 -> 0 | F53: ='Nach Mannschaften sortiert'!F61 -> 0 | G53: ='Nach Mannschaften sortiert'!G61 -> 0 | H53: ='Nach Mannschaften sortiert'!H61 -> 0
A54: ='Nach Mannschaften sortiert'!#REF! -> #REF! | B54: ='Nach Mannschaften sortiert'!#REF! -> #REF! | C54: ='Nach Mannschaften sortiert'!#REF! -> #REF! | D54: ='Nach Mannschaften sortiert'!#REF! -> #REF! | E54: ='Nach Mannschaften sortiert'!#REF! -> #REF! | F54: ='Nach Mannschaften sortiert'!#REF! -> #REF! | G54: ='Nach Mannschaften sortiert'!#REF! -> #REF! | H54: ='Nach Mannschaften sortiert'!#REF! -> #REF!
A55: ='Nach Mannschaften sortiert'!A75 -> 74 | B55: ='Nach Mannschaften sortiert'!B75 -> 1 | C55: ='Nach Mannschaften sortiert'!C75 -> U11 | D55: ='Nach Mannschaften sortiert'!D75 -> 46063 | E55: ='Nach Mannschaften sortiert'!E75 -> 0 | F55: ='Nach Mannschaften sortiert'!F75 -> 0 | G55: ='Nach Mannschaften sortiert'!G75 -> 0 | H55: ='Nach Mannschaften sortiert'!H75 -> 0
A56: ='Nach Mannschaften sortiert'!A81 -> 80 | B56: ='Nach Mannschaften sortiert'!B81 -> 7 | C56: ='Nach Mannschaften sortiert'!C81 -> U11 | D56: ='Nach Mannschaften sortiert'!D81 -> 46069 | E56: ='Nach Mannschaften sortiert'!E81 -> 0 | F56: ='Nach Mannschaften sortiert'!F81 -> 0 | G56: ='Nach Mannschaften sortiert'!G81 -> 0 | H56: ='Nach Mannschaften sortiert'!H81 -> 0
A57: ='Nach Mannschaften sortiert'!A78 -> 77 | B57: ='Nach Mannschaften sortiert'!B78 -> 4 | C57: ='Nach Mannschaften sortiert'!C78 -> U11 | D57: ='Nach Mannschaften sortiert'!D78 -> 46066 | E57: ='Nach Mannschaften sortiert'!E78 -> 0 | F57: ='Nach Mannschaften sortiert'!F78 -> 0 | G57: ='Nach Mannschaften sortiert'!G78 -> 0 | H57: ='Nach Mannschaften sortiert'!H78 -> 0
A58: ='Nach Mannschaften sortiert'!A18 -> 17 | B58: ='Nach Mannschaften sortiert'!B18 -> 10 | C58: ='Nach Mannschaften sortiert'!C18 -> KM | D58: ='Nach Mannschaften sortiert'!D18 -> 46312 | E58: ='Nach Mannschaften sortiert'!E18 -> 0.64583333 | F58: ='Nach Mannschaften sortiert'!F18 -> Hornstein | G58: ='Nach Mannschaften sortiert'!G18 -> Hornstein | H58: ='Nach Mannschaften sortiert'!H18 -> Auswärts
A59: ='Nach Mannschaften sortiert'!#REF! -> #REF! | B59: ='Nach Mannschaften sortiert'!#REF! -> #REF! | C59: ='Nach Mannschaften sortiert'!#REF! -> #REF! | D59: ='Nach Mannschaften sortiert'!#REF! -> #REF! | E59: ='Nach Mannschaften sortiert'!#REF! -> #REF! | F59: ='Nach Mannschaften sortiert'!#REF! -> #REF! | G59: ='Nach Mannschaften sortiert'!#REF! -> #REF! | H59: ='Nach Mannschaften sortiert'!#REF! -> #REF!
A60: ='Nach Mannschaften sortiert'!A52 -> 51 | B60: ='Nach Mannschaften sortiert'!B52 -> 8 | C60: ='Nach Mannschaften sortiert'!C52 -> U14 | D60: ='Nach Mannschaften sortiert'!D52 -> 46040 | E60: ='Nach Mannschaften sortiert'!E52 -> 0 | F60: ='Nach Mannschaften sortiert'!F52 -> 0 | G60: ='Nach Mannschaften sortiert'!G52 -> 0 | H60: ='Nach Mannschaften sortiert'!H52 -> 0
A61: ='Nach Mannschaften sortiert'!A82 -> 81 | B61: ='Nach Mannschaften sortiert'!B82 -> 8 | C61: ='Nach Mannschaften sortiert'!C82 -> U11 | D61: ='Nach Mannschaften sortiert'!D82 -> 46070 | E61: ='Nach Mannschaften sortiert'!E82 -> 0 | F61: ='Nach Mannschaften sortiert'!F82 -> 0 | G61: ='Nach Mannschaften sortiert'!G82 -> 0 | H61: ='Nach Mannschaften sortiert'!H82 -> 0
A62: ='Nach Mannschaften sortiert'!A53 -> 52 | B62: ='Nach Mannschaften sortiert'!B53 -> 9 | C62: ='Nach Mannschaften sortiert'!C53 -> U14 | D62: ='Nach Mannschaften sortiert'!D53 -> 46041 | E62: ='Nach Mannschaften sortiert'!E53 -> 0 | F62: ='Nach Mannschaften sortiert'!F53 -> 0 | G62: ='Nach Mannschaften sortiert'!G53 -> 0 | H62: ='Nach Mannschaften sortiert'!H53 -> 0
A63: ='Nach Mannschaften sortiert'!A84 -> 83 | B63: ='Nach Mannschaften sortiert'!B84 -> 10 | C63: ='Nach Mannschaften sortiert'!C84 -> U11 | D63: ='Nach Mannschaften sortiert'!D84 -> 46072 | E63: ='Nach Mannschaften sortiert'!E84 -> 0 | F63: ='Nach Mannschaften sortiert'!F84 -> 0 | G63: ='Nach Mannschaften sortiert'!G84 -> 0 | H63: ='Nach Mannschaften sortiert'!H84 -> 0
A64: ='Nach Mannschaften sortiert'!#REF! -> #REF! | B64: ='Nach Mannschaften sortiert'!#REF! -> #REF! | C64: ='Nach Mannschaften sortiert'!#REF! -> #REF! | D64: ='Nach Mannschaften sortiert'!#REF! -> #REF! | E64: ='Nach Mannschaften sortiert'!#REF! -> #REF! | F64: ='Nach Mannschaften sortiert'!#REF! -> #REF! | G64: ='Nach Mannschaften sortiert'!#REF! -> #REF! | H64: ='Nach Mannschaften sortiert'!#REF! -> #REF!
A65: ='Nach Mannschaften sortiert'!A83 -> 82 | B65: ='Nach Mannschaften sortiert'!B83 -> 9 | C65: ='Nach Mannschaften sortiert'!C83 -> U11 | D65: 46164 | E65: 0.70833333 | F65: ='Nach Mannschaften sortiert'!F83 -> 0 | G65: ='Nach Mannschaften sortiert'!G83 -> 0 | H65: ='Nach Mannschaften sortiert'!H83 -> 0
A66: ='Nach Mannschaften sortiert'!A91 -> 90 | B66: ='Nach Mannschaften sortiert'!B91 -> 2 | C66: ='Nach Mannschaften sortiert'!C91 -> U9 | D66: ='Nach Mannschaften sortiert'!D91 -> 46079 | E66: ='Nach Mannschaften sortiert'!E91 -> 0 | F66: ='Nach Mannschaften sortiert'!F91 -> 0 | G66: ='Nach Mannschaften sortiert'!G91 -> 0 | H66: ='Nach Mannschaften sortiert'!H91 -> 0
A67: ='Nach Mannschaften sortiert'!A92 -> 91 | B67: ='Nach Mannschaften sortiert'!B92 -> 3 | C67: ='Nach Mannschaften sortiert'!C92 -> U9 | D67: ='Nach Mannschaften sortiert'!D92 -> 46080 | E67: ='Nach Mannschaften sortiert'!E92 -> 0 | F67: ='Nach Mannschaften sortiert'!F92 -> 0 | G67: ='Nach Mannschaften sortiert'!G92 -> 0 | H67: ='Nach Mannschaften sortiert'!H92 -> 0
A68: ='Nach Mannschaften sortiert'!A93 -> 92 | B68: ='Nach Mannschaften sortiert'!B93 -> 4 | C68: ='Nach Mannschaften sortiert'!C93 -> U9 | D68: ='Nach Mannschaften sortiert'!D93 -> 46081 | E68: ='Nach Mannschaften sortiert'!E93 -> 0 | F68: ='Nach Mannschaften sortiert'!F93 -> 0 | G68: ='Nach Mannschaften sortiert'!G93 -> 0 | H68: ='Nach Mannschaften sortiert'!H93 -> 0
A69: ='Nach Mannschaften sortiert'!A99 -> 98 | B69: ='Nach Mannschaften sortiert'!B99 -> 10 | C69: ='Nach Mannschaften sortiert'!C99 -> U9 | D69: ='Nach Mannschaften sortiert'!D99 -> 46087 | E69: ='Nach Mannschaften sortiert'!E99 -> 0 | F69: ='Nach Mannschaften sortiert'!F99 -> 0 | G69: ='Nach Mannschaften sortiert'!G99 -> 0 | H69: ='Nach Mannschaften sortiert'!H99 -> 0
A70: ='Nach Mannschaften sortiert'!A60 -> 59 | B70: ='Nach Mannschaften sortiert'!B60 -> 6 | C70: ='Nach Mannschaften sortiert'!C60 -> U12_1 | D70: ='Nach Mannschaften sortiert'!D60 -> 46048 | E70: ='Nach Mannschaften sortiert'!E60 -> 0 | F70: ='Nach Mannschaften sortiert'!F60 -> 0 | G70: ='Nach Mannschaften sortiert'!G60 -> 0 | H70: ='Nach Mannschaften sortiert'!H60 -> 0
A71: ='Nach Mannschaften sortiert'!A101 -> 100 | B71: ='Nach Mannschaften sortiert'!B101 -> 2 | C71: ='Nach Mannschaften sortiert'!C101 -> U8 | D71: ='Nach Mannschaften sortiert'!D101 -> 46089 | E71: ='Nach Mannschaften sortiert'!E101 -> 0 | F71: ='Nach Mannschaften sortiert'!F101 -> 0 | G71: ='Nach Mannschaften sortiert'!G101 -> 0 | H71: ='Nach Mannschaften sortiert'!H101 -> 0
A72: ='Nach Mannschaften sortiert'!A102 -> 101 | B72: ='Nach Mannschaften sortiert'!B102 -> 3 | C72: ='Nach Mannschaften sortiert'!C102 -> U8 | D72: ='Nach Mannschaften sortiert'!D102 -> 46090 | E72: ='Nach Mannschaften sortiert'!E102 -> 0 | F72: ='Nach Mannschaften sortiert'!F102 -> 0 | G72: ='Nach Mannschaften sortiert'!G102 -> 0 | H72: ='Nach Mannschaften sortiert'!H102 -> 0
A73: ='Nach Mannschaften sortiert'!A103 -> 102 | B73: ='Nach Mannschaften sortiert'!B103 -> 4 | C73: ='Nach Mannschaften sortiert'!C103 -> U8 | D73: ='Nach Mannschaften sortiert'!D103 -> 46091 | E73: ='Nach Mannschaften sortiert'!E103 -> 0 | F73: ='Nach Mannschaften sortiert'!F103 -> 0 | G73: ='Nach Mannschaften sortiert'!G103 -> 0 | H73: ='Nach Mannschaften sortiert'!H103 -> 0
A74: ='Nach Mannschaften sortiert'!A104 -> 103 | B74: ='Nach Mannschaften sortiert'!B104 -> 5 | C74: ='Nach Mannschaften sortiert'!C104 -> U8 | D74: ='Nach Mannschaften sortiert'!D104 -> 46092 | E74: ='Nach Mannschaften sortiert'!E104 -> 0 | F74: ='Nach Mannschaften sortiert'!F104 -> 0 | G74: ='Nach Mannschaften sortiert'!G104 -> 0 | H74: ='Nach Mannschaften sortiert'!H104 -> 0
A75: ='Nach Mannschaften sortiert'!A21 -> 20 | B75: ='Nach Mannschaften sortiert'!B21 -> 13 | C75: ='Nach Mannschaften sortiert'!C21 -> KM | D75: ='Nach Mannschaften sortiert'!D21 -> 46333 | E75: ='Nach Mannschaften sortiert'!E21 -> 0.58333333 | F75: ='Nach Mannschaften sortiert'!F21 -> Neufeld | G75: ='Nach Mannschaften sortiert'!G21 -> Andau | H75: ='Nach Mannschaften sortiert'!H21 -> Heim
A76: ='Nach Mannschaften sortiert'!A106 -> 105 | B76: ='Nach Mannschaften sortiert'!B106 -> 2 | C76: ='Nach Mannschaften sortiert'!C106 -> U7 | D76: ='Nach Mannschaften sortiert'!D106 -> 46094 | E76: ='Nach Mannschaften sortiert'!E106 -> 0 | F76: ='Nach Mannschaften sortiert'!F106 -> 0 | G76: ='Nach Mannschaften sortiert'!G106 -> 0 | H76: ='Nach Mannschaften sortiert'!H106 -> 0
A77: ='Nach Mannschaften sortiert'!A107 -> 106 | B77: ='Nach Mannschaften sortiert'!B107 -> 3 | C77: ='Nach Mannschaften sortiert'!C107 -> U7 | D77: ='Nach Mannschaften sortiert'!D107 -> 46095 | E77: ='Nach Mannschaften sortiert'!E107 -> 0 | F77: ='Nach Mannschaften sortiert'!F107 -> 0 | G77: ='Nach Mannschaften sortiert'!G107 -> 0 | H77: ='Nach Mannschaften sortiert'!H107 -> 0
A78: ='Nach Mannschaften sortiert'!A108 -> 107 | B78: ='Nach Mannschaften sortiert'!B108 -> 4 | C78: ='Nach Mannschaften sortiert'!C108 -> U7 | D78: ='Nach Mannschaften sortiert'!D108 -> 46096 | E78: ='Nach Mannschaften sortiert'!E108 -> 0 | F78: ='Nach Mannschaften sortiert'!F108 -> 0 | G78: ='Nach Mannschaften sortiert'!G108 -> 0 | H78: ='Nach Mannschaften sortiert'!H108 -> 0
A79: ='Nach Mannschaften sortiert'!A109 -> 108 | B79: ='Nach Mannschaften sortiert'!B109 -> 5 | C79: ='Nach Mannschaften sortiert'!C109 -> U7 | D79: ='Nach Mannschaften sortiert'!D109 -> 46097 | E79: ='Nach Mannschaften sortiert'!E109 -> 0 | F79: ='Nach Mannschaften sortiert'!F109 -> 0 | G79: ='Nach Mannschaften sortiert'!G109 -> 0 | H79: ='Nach Mannschaften sortiert'!H109 -> 0
A80: ='Nach Mannschaften sortiert'!A62 -> 61 | B80: ='Nach Mannschaften sortiert'!B62 -> 8 | C80: ='Nach Mannschaften sortiert'!C62 -> U12_1 | D80: ='Nach Mannschaften sortiert'!D62 -> 46050 | E80: ='Nach Mannschaften sortiert'!E62 -> 0 | F80: ='Nach Mannschaften sortiert'!F62 -> 0 | G80: ='Nach Mannschaften sortiert'!G62 -> 0 | H80: ='Nach Mannschaften sortiert'!H62 -> 0
A81: ='Nach Mannschaften sortiert'!#REF! -> #REF! | B81: ='Nach Mannschaften sortiert'!#REF! -> #REF! | C81: ='Nach Mannschaften sortiert'!#REF! -> #REF! | D81: ='Nach Mannschaften sortiert'!#REF! -> #REF! | E81: ='Nach Mannschaften sortiert'!#REF! -> #REF! | F81: ='Nach Mannschaften sortiert'!#REF! -> #REF! | G81: ='Nach Mannschaften sortiert'!#REF! -> #REF! | H81: ='Nach Mannschaften sortiert'!#REF! -> #REF!
A82: ='Nach Mannschaften sortiert'!A44 -> 43 | B82: ='Nach Mannschaften sortiert'!B44 -> 10 | C82: ='Nach Mannschaften sortiert'!C44 -> U16 | D82: ='Nach Mannschaften sortiert'!D44 -> 46032 | E82: ='Nach Mannschaften sortiert'!E44 -> 0 | F82: ='Nach Mannschaften sortiert'!F44 -> 0 | G82: ='Nach Mannschaften sortiert'!G44 -> 0 | H82: ='Nach Mannschaften sortiert'!H44 -> 0
A83: ='Nach Mannschaften sortiert'!#REF! -> #REF! | B83: ='Nach Mannschaften sortiert'!#REF! -> #REF! | C83: ='Nach Mannschaften sortiert'!#REF! -> #REF! | D83: ='Nach Mannschaften sortiert'!#REF! -> #REF! | E83: ='Nach Mannschaften sortiert'!#REF! -> #REF! | F83: ='Nach Mannschaften sortiert'!#REF! -> #REF! | G83: ='Nach Mannschaften sortiert'!#REF! -> #REF! | H83: ='Nach Mannschaften sortiert'!#REF! -> #REF!
A84: ='Nach Mannschaften sortiert'!A121 -> 120 | B84: ='Nach Mannschaften sortiert'!B121 -> 2 | C84: ='Nach Mannschaften sortiert'!C121 -> GGG | D84: ='Nach Mannschaften sortiert'!D121 -> 46256 | E84: ='Nach Mannschaften sortiert'!E121 -> 0.375 | F84: ='Nach Mannschaften sortiert'!F121 -> Neufeld | G84: ='Nach Mannschaften sortiert'!G121 -> viele Gegner | H84: ='Nach Mannschaften sortiert'!H121 -> Heim

Sheet Tabelle1
A1: U11 | B1: 25 - 26.04 | C1: freihalten
A2: U9 | B2: 04.06. - 08.06. | C2: kein Turnier

Sheet Stefans Liste 2026
A1: Mannschaft | B1: fixierter Termin | C1: Uhrzeit | D1: Ort | E1: Gegner | F1: Spielfeld | G1: Spielfeldgröße | H1: Tore | I1: Ball | J1: Trainer/Ansprechpartner | K1: Tel
A2: U8 | B2: 46091 | C2: 0.6875 | D2: Neufeld | E2: Freundschaftsspiel Großhöflein | F2: U8 | G2: =IF(F2="Großfeld","Großfeld",IF(F2="U16","Großfeld",IF(F2="U15","Großfeld",IF(F2="U14","Großfeld",IF(F2="U13","75x55",IF(F2="U11/U12","55x40",IF(F2="U9/U10","40x25",IF(F2="U8","29x22","25x20")))))))) -> 29x22 | H2: =IF(F2="Großfeld","7,32x2,44",IF(F2="U16","7,32x2,44",IF(F2="U15","7,32x2,44",IF(F2="U14","7,32x2,44",IF(F2="U13","5x2",IF(F2="U11/U12","5x2",IF(F2="U9/U10","5x2","4 Minitore"))))))) -> 4 Minitore | I2: =IF(F2="Großfeld","5",IF(F2="U16","5",IF(F2="U15","5",IF(F2="U14","4",IF(F2="U13","4",IF(F2="U11/U12","4",IF(F2="U9/U10","4",IF(F2="U9","4","3")))))))) -> 3 | J2: =IF(A2="KM Neufeld","Pleninger Stefan",IF(A2="U16 LL","Josch Kögl",IF(A2="U15 LL Nord","Serdar Ekinci",IF(A2="U14 Nord","Gernot Servelda",IF(A2="U13 Nord","Thomas Pöschl & Lenz Honc",IF(A2="U11 Nord D","Mario Magler&Ronny Archam",IF(A2="U9","Thomas Brandl&Daniel Hofbauer",IF(A2="U8","Berger Tobias&Sebastian Putric",IF(A2="U7","Türkes Ömer&Mahsumi Taha",IF(A2="Camp","Berger Dieter",IF(A2="Turnier","Berger Dieter","FEHLER"))))))))))) -> Berger Tobias&Sebastian Putric | K2: =IF(A2="KM Neufeld","+43 664 415 99 09",IF(A2="U16 LL","+43 650 262 82 63",IF(A2="U15 LL Nord","+43 650 701 02 44",IF(A2="U14 Nord","+43 676 401 09 13",IF(A2="U13 Nord","+43 677 613 55 114 & +43 664 114 43 52",IF(A2="U11 Nord D","+43 664 762 09 93 & +43 699 111 93 828",IF(A2="U9","+43 676 377 16 30 & +43 399 197 871 81",IF(A2="U8","+43 660 199 13 52 & +43 660 914 92 36",IF(A2="U7","+43 676 661 62 26 & +43 681 208 115 99",IF(A2="Camp","+43 660 77 39 500",IF(A2="Turnier","+43 660 77 39 500","FEHLER"))))))))))) -> +43 660 199 13 52 & +43 660 914 92 36
A3: =Heimspiele!C4 -> KM | B3: =Heimspiele!D4 -> 46263 | D3: =Heimspiele!F4 -> Neufeld | E3: =Heimspiele!G4 -> Tadten | F3: Großfeld | G3: =IF(F3="Großfeld","Großfeld",IF(F3="U16","Großfeld",IF(F3="U15","Großfeld",IF(F3="U14","Großfeld",IF(F3="U13","75x55",IF(F3="U11/U12","55x40",IF(F3="U9/U10","40x25",IF(F3="U8","29x22","25x20")))))))) -> Großfeld | H3: =IF(F3="Großfeld","7,32x2,44",IF(F3="U16","7,32x2,44",IF(F3="U15","7,32x2,44",IF(F3="U14","7,32x2,44",IF(F3="U13","5x2",IF(F3="U11/U12","5x2",IF(F3="U9/U10","5x2","4 Minitore"))))))) -> 7,32x2,44 | I3: =IF(F3="Großfeld","5",IF(F3="U16","5",IF(F3="U15","5",IF(F3="U14","4",IF(F3="U13","4",IF(F3="U11/U12","4",IF(F3="U9/U10","4",IF(F3="U9","4","3")))))))) -> 5 | J3: =IF(A3="KM Neufeld","Pleninger Stefan",IF(A3="U16 LL","Josch Kögl",IF(A3="U15 LL Nord","Serdar Ekinci",IF(A3="U14 Nord","Gernot Servelda",IF(A3="U13 - Nord","Thomas Pöschl & Lenz Honc",IF(A3="U11 Nord D","Mario Magler&Ronny Archam",IF(A3="U9","Thomas Brandl&Daniel Hofbauer",IF(A3="U8","Berger Tobias&Sebastian Putric",IF(A3="U7","Türkes Ömer&Mahsumi Taha",IF(A3="Camp","Berger Dieter",IF(A3="Turnier","Berger Dieter","FEHLER"))))))))))) -> FEHLER | K3: =IF(A3="KM Neufeld","+43 664 415 99 09",IF(A3="U16 LL","+43 650 262 82 63",IF(A3="U15 LL Nord","+43 650 701 02 44",IF(A3="U14 - Nord","+43 676 401 09 13",IF(A3="U13 - Nord","+43 677 613 55 114 & +43 664 114 43 52",IF(A3="U11 Nord D","+43 664 762 09 93 & +43 699 111 93 828",IF(A3="U9","+43 676 377 16 30 & +43 399 197 871 81",IF(A3="U8","+43 660 199 13 52 & +43 660 914 92 36",IF(A3="U7","+43 676 661 62 26 & +43 681 208 115 99",IF(A3="Camp","+43 660 77 39 500",IF(A3="Turnier","+43 660 77 39 500","FEHLER"))))))))))) -> FEHLER
A4: U16 LL | B4: 46095 | C4: 0.54166667 | D4: Neufeld | E4: Freundschaftspiel Felixdorf | F4: U16 | G4: =IF(F4="Großfeld","Großfeld",IF(F4="U16","Großfeld",IF(F4="U15","Großfeld",IF(F4="U14","Großfeld",IF(F4="U13","75x55",IF(F4="U11/U12","55x40",IF(F4="U9/U10","40x25",IF(F4="U8","29x22","25x20")))))))) -> Großfeld | H4: =IF(F4="Großfeld","7,32x2,44",IF(F4="U16","7,32x2,44",IF(F4="U15","7,32x2,44",IF(F4="U14","7,32x2,44",IF(F4="U13","5x2",IF(F4="U11/U12","5x2",IF(F4="U9/U10","5x2",IF(F3="Turnier","5x2","4 Minitore")))))))) -> 7,32x2,44 | I4: =IF(F4="Großfeld","5",IF(F4="U16","5",IF(F4="U15","5",IF(F4="U14","4",IF(F4="U13","4",IF(F4="U11/U12","4",IF(F4="U9/U10","4",IF(F4="U9","4","3")))))))) -> 5 | J4: =IF(A4="KM Neufeld","Pleninger Stefan",IF(A4="U16 LL","Josch Kögl",IF(A4="U15 LL Nord","Serdar Ekinci",IF(A4="U14 Nord","Gernot Servelda",IF(A4="U13 Nord","Thomas Pöschl & Lenz Honc",IF(A4="U11 Nord D","Mario Magler&Ronny Archam",IF(A4="U9","Thomas Brandl&Daniel Hofbauer",IF(A4="U8","Berger Tobias&Sebastian Putric",IF(A4="U7","Türkes Ömer&Mahsumi Taha",IF(A4="Camp","Berger Dieter",IF(A4="Turnier","Berger Dieter","FEHLER"))))))))))) -> Josch Kögl | K4: =IF(A4="KM Neufeld","+43 664 415 99 09",IF(A4="U16 LL","+43 650 262 82 63",IF(A4="U15 LL Nord","+43 650 701 02 44",IF(A4="U14 Nord","+43 676 401 09 13",IF(A4="U13 Nord","+43 677 613 55 114 & +43 664 114 43 52",IF(A4="U11 Nord D","+43 664 762 09 93 & +43 699 111 93 828",IF(A4="U9","+43 676 377 16 30 & +43 399 197 871 81",IF(A4="U8","+43 660 199 13 52 & +43 660 914 92 36",IF(A4="U7","+43 676 661 62 26 & +43 681 208 115 99",IF(A4="Camp","+43 660 77 39 500",IF(A4="Turnier","+43 660 77 39 500","FEHLER"))))))))))) -> +43 650 262 82 63
A5: =Heimspiele!C6 -> KM | B5: =Heimspiele!D6 -> 46277 | D5: =Heimspiele!F6 -> Neufeld | E5: =Heimspiele!G6 -> Winden | F5: Großfeld | G5: =IF(F5="Großfeld","Großfeld",IF(F5="U16","Großfeld",IF(F5="U15","Großfeld",IF(F5="U14","Großfeld",IF(F5="U13","75x55",IF(F5="U11/U12","55x40",IF(F5="U9/U10","40x25",IF(F5="U8","29x22","25x20")))))))) -> Großfeld | H5: =IF(F5="Großfeld","7,32x2,44",IF(F5="U16","7,32x2,44",IF(F5="U15","7,32x2,44",IF(F5="U14","7,32x2,44",IF(F5="U13","5x2",IF(F5="U11/U12","5x2",IF(F5="U9/U10","5x2","4 Minitore"))))))) -> 7,32x2,44 | I5: =IF(F5="Großfeld","5",IF(F5="U16","5",IF(F5="U15","5",IF(F5="U14","4",IF(F5="U13","4",IF(F5="U11/U12","4",IF(F5="U9/U10","4",IF(F5="U9","4","3")))))))) -> 5 | J5: =IF(A5="KM Neufeld","Pleninger Stefan",IF(A5="U16 LL","Josch Kögl",IF(A5="U15 LL Nord","Serdar Ekinci",IF(A5="U14 Nord","Gernot Servelda",IF(A5="U13 - Nord","Thomas Pöschl & Lenz Honc",IF(A5="U11 Nord D","Mario Magler&Ronny Archam",IF(A5="U9","Thomas Brandl&Daniel Hofbauer",IF(A5="U8","Berger Tobias&Sebastian Putric",IF(A5="U7","Türkes Ömer&Mahsumi Taha",IF(A5="Camp","Berger Dieter",IF(A5="Turnier","Berger Dieter","FEHLER"))))))))))) -> FEHLER | K5: =IF(A5="KM Neufeld","+43 664 415 99 09",IF(A5="U16 LL","+43 650 262 82 63",IF(A5="U15 LL Nord","+43 650 701 02 44",IF(A5="U14 - Nord","+43 676 401 09 13",IF(A5="U13 - Nord","+43 677 613 55 114 & +43 664 114 43 52",IF(A5="U11 Nord D","+43 664 762 09 93 & +43 699 111 93 828",IF(A5="U9","+43 676 377 16 30 & +43 399 197 871 81",IF(A5="U8","+43 660 199 13 52 & +43 660 914 92 36",IF(A5="U7","+43 676 661 62 26 & +43 681 208 115 99",IF(A5="Camp","+43 660 77 39 500",IF(A5="Turnier","+43 660 77 39 500","FEHLER"))))))))))) -> FEHLER
A6: U15 LL Nord | B6: 46096 | C6: 0.45833333 | D6: Neufeld | E6: Freundschaftsspiel Baden | F6: U15 | G6: =IF(F6="Großfeld","Großfeld",IF(F6="U16","Großfeld",IF(F6="U15","Großfeld",IF(F6="U14","Großfeld",IF(F6="U13","75x55",IF(F6="U11/U12","55x40",IF(F6="U9/U10","40x25",IF(F6="U8","29x22","25x20")))))))) -> Großfeld | H6: =IF(F6="Großfeld","7,32x2,44",IF(F6="U16","7,32x2,44",IF(F6="U15","7,32x2,44",IF(F6="U14","7,32x2,44",IF(F6="U13","5x2",IF(F6="U11/U12","5x2",IF(F6="U9/U10","5x2",IF(F5="Turnier","5x2","4 Minitore")))))))) -> 7,32x2,44 | I6: =IF(F6="Großfeld","5",IF(F6="U16","5",IF(F6="U15","5",IF(F6="U14","4",IF(F6="U13","4",IF(F6="U11/U12","4",IF(F6="U9/U10","4",IF(F6="U9","4","3")))))))) -> 5 | J6: =IF(A6="KM Neufeld","Pleninger Stefan",IF(A6="U16 LL","Josch Kögl",IF(A6="U15 LL Nord","Serdar Ekinci",IF(A6="U14 Nord","Gernot Servelda",IF(A6="U13 Nord","Thomas Pöschl & Lenz Honc",IF(A6="U11 Nord D","Mario Magler&Ronny Archam",IF(A6="U9","Thomas Brandl&Daniel Hofbauer",IF(A6="U8","Berger Tobias&Sebastian Putric",IF(A6="U7","Türkes Ömer&Mahsumi Taha",IF(A6="Camp","Berger Dieter",IF(A6="Turnier","Berger Dieter","FEHLER"))))))))))) -> Serdar Ekinci | K6: =IF(A6="KM Neufeld","+43 664 415 99 09",IF(A6="U16 LL","+43 650 262 82 63",IF(A6="U15 LL Nord","+43 650 701 02 44",IF(A6="U14 Nord","+43 676 401 09 13",IF(A6="U13 Nord","+43 677 613 55 114 & +43 664 114 43 52",IF(A6="U11 Nord D","+43 664 762 09 93 & +43 699 111 93 828",IF(A6="U9","+43 676 377 16 30 & +43 399 197 871 81",IF(A6="U8","+43 660 199 13 52 & +43 660 914 92 36",IF(A6="U7","+43 676 661 62 26 & +43 681 208 115 99",IF(A6="Camp","+43 660 77 39 500",IF(A6="Turnier","+43 660 77 39 500","FEHLER"))))))))))) -> +43 650 701 02 44
A7: =Heimspiele!C8 -> KM | B7: =Heimspiele!D8 -> 46291 | D7: =Heimspiele!F8 -> Neufeld | E7: =Heimspiele!G8 -> Wallern | F7: Großfeld | G7: =IF(F7="Großfeld","Großfeld",IF(F7="U16","Großfeld",IF(F7="U15","Großfeld",IF(F7="U14","Großfeld",IF(F7="U13","75x55",IF(F7="U11/U12","55x40",IF(F7="U9/U10","40x25",IF(F7="U8","29x22","25x20")))))))) -> Großfeld | H7: =IF(F7="Großfeld","7,32x2,44",IF(F7="U16","7,32x2,44",IF(F7="U15","7,32x2,44",IF(F7="U14","7,32x2,44",IF(F7="U13","5x2",IF(F7="U11/U12","5x2",IF(F7="U9/U10","5x2","4 Minitore"))))))) -> 7,32x2,44 | I7: =IF(F7="Großfeld","5",IF(F7="U16","5",IF(F7="U15","5",IF(F7="U14","4",IF(F7="U13","4",IF(F7="U11/U12","4",IF(F7="U9/U10","4",IF(F7="U9","4","3")))))))) -> 5 | J7: =IF(A7="KM Neufeld","Pleninger Stefan",IF(A7="U16 LL","Josch Kögl",IF(A7="U15 LL Nord","Serdar Ekinci",IF(A7="U14 Nord","Gernot Servelda",IF(A7="U13 - Nord","Thomas Pöschl & Lenz Honc",IF(A7="U11 Nord D","Mario Magler&Ronny Archam",IF(A7="U9","Thomas Brandl&Daniel Hofbauer",IF(A7="U8","Berger Tobias&Sebastian Putric",IF(A7="U7","Türkes Ömer&Mahsumi Taha",IF(A7="Camp","Berger Dieter",IF(A7="Turnier","Berger Dieter","FEHLER"))))))))))) -> FEHLER | K7: =IF(A7="KM Neufeld","+43 664 415 99 09",IF(A7="U16 LL","+43 650 262 82 63",IF(A7="U15 LL Nord","+43 650 701 02 44",IF(A7="U14 - Nord","+43 676 401 09 13",IF(A7="U13 - Nord","+43 677 613 55 114 & +43 664 114 43 52",IF(A7="U11 Nord D","+43 664 762 09 93 & +43 699 111 93 828",IF(A7="U9","+43 676 377 16 30 & +43 399 197 871 81",IF(A7="U8","+43 660 199 13 52 & +43 660 914 92 36",IF(A7="U7","+43 676 661 62 26 & +43 681 208 115 99",IF(A7="Camp","+43 660 77 39 500",IF(A7="Turnier","+43 660 77 39 500","FEHLER"))))))))))) -> FEHLER
A8: U11 Nord D | B8: 46102 | C8: 0.5 | D8: Neufeld | E8: Freundschaftspiel Pöttsching | F8: U11/U12 | G8: =IF(F8="Großfeld","Großfeld",IF(F8="U16","Großfeld",IF(F8="U15","Großfeld",IF(F8="U14","Großfeld",IF(F8="U13","75x55",IF(F8="U11/U12","55x40",IF(F8="U9/U10","40x25",IF(F8="U8","29x22","25x20")))))))) -> 55x40 | H8: =IF(F8="Großfeld","7,32x2,44",IF(F8="U16","7,32x2,44",IF(F8="U15","7,32x2,44",IF(F8="U14","7,32x2,44",IF(F8="U13","5x2",IF(F8="U11/U12","5x2",IF(F8="U9/U10","5x2",IF(F7="Turnier","5x2","4 Minitore")))))))) -> 5x2 | I8: =IF(F8="Großfeld","5",IF(F8="U16","5",IF(F8="U15","5",IF(F8="U14","4",IF(F8="U13","4",IF(F8="U11/U12","4",IF(F8="U9/U10","4",IF(F8="U9","4","3")))))))) -> 4 | J8: =IF(A8="KM Neufeld","Pleninger Stefan",IF(A8="U16 LL","Josch Kögl",IF(A8="U15 LL Nord","Serdar Ekinci",IF(A8="U14 Nord","Gernot Servelda",IF(A8="U13 Nord","Thomas Pöschl & Lenz Honc",IF(A8="U11 Nord D","Mario Magler&Ronny Archam",IF(A8="U9","Thomas Brandl&Daniel Hofbauer",IF(A8="U8","Berger Tobias&Sebastian Putric",IF(A8="U7","Türkes Ömer&Mahsumi Taha",IF(A8="Camp","Berger Dieter",IF(A8="Turnier","Berger Dieter","FEHLER"))))))))))) -> Mario Magler&Ronny Archam | K8: =IF(A8="KM Neufeld","+43 664 415 99 09",IF(A8="U16 LL","+43 650 262 82 63",IF(A8="U15 LL Nord","+43 650 701 02 44",IF(A8="U14 Nord","+43 676 401 09 13",IF(A8="U13 Nord","+43 677 613 55 114 & +43 664 114 43 52",IF(A8="U11 Nord D","+43 664 762 09 93 & +43 699 111 93 828",IF(A8="U9","+43 676 377 16 30 & +43 399 197 871 81",IF(A8="U8","+43 660 199 13 52 & +43 660 914 92 36",IF(A8="U7","+43 676 661 62 26 & +43 681 208 115 99",IF(A8="Camp","+43 660 77 39 500",IF(A8="Turnier","+43 660 77 39 500","FEHLER"))))))))))) -> +43 664 762 09 93 & +43 699 111 93 828
A9: =Heimspiele!C10 -> KM | B9: =Heimspiele!D10 -> 46305 | D9: =Heimspiele!F10 -> Neufeld | E9: =Heimspiele!G10 -> Wimpassing | F9: Großfeld | G9: =IF(F9="Großfeld","Großfeld",IF(F9="U16","Großfeld",IF(F9="U15","Großfeld",IF(F9="U14","Großfeld",IF(F9="U13","75x55",IF(F9="U11/U12","55x40",IF(F9="U9/U10","40x25",IF(F9="U8","29x22","25x20")))))))) -> Großfeld | H9: =IF(F9="Großfeld","7,32x2,44",IF(F9="U16","7,32x2,44",IF(F9="U15","7,32x2,44",IF(F9="U14","7,32x2,44",IF(F9="U13","5x2",IF(F9="U11/U12","5x2",IF(F9="U9/U10","5x2","4 Minitore"))))))) -> 7,32x2,44 | I9: =IF(F9="Großfeld","5",IF(F9="U16","5",IF(F9="U15","5",IF(F9="U14","4",IF(F9="U13","4",IF(F9="U11/U12","4",IF(F9="U9/U10","4",IF(F9="U9","4","3")))))))) -> 5 | J9: =IF(A9="KM Neufeld","Pleninger Stefan",IF(A9="U16 LL","Josch Kögl",IF(A9="U15 LL Nord","Serdar Ekinci",IF(A9="U14 Nord","Gernot Servelda",IF(A9="U13 - Nord","Thomas Pöschl & Lenz Honc",IF(A9="U11 Nord D","Mario Magler&Ronny Archam",IF(A9="U9","Thomas Brandl&Daniel Hofbauer",IF(A9="U8","Berger Tobias&Sebastian Putric",IF(A9="U7","Türkes Ömer&Mahsumi Taha",IF(A9="Camp","Berger Dieter",IF(A9="Turnier","Berger Dieter","FEHLER"))))))))))) -> FEHLER | K9: =IF(A9="KM Neufeld","+43 664 415 99 09",IF(A9="U16 LL","+43 650 262 82 63",IF(A9="U15 LL Nord","+43 650 701 02 44",IF(A9="U14 - Nord","+43 676 401 09 13",IF(A9="U13 - Nord","+43 677 613 55 114 & +43 664 114 43 52",IF(A9="U11 Nord D","+43 664 762 09 93 & +43 699 111 93 828",IF(A9="U9","+43 676 377 16 30 & +43 399 197 871 81",IF(A9="U8","+43 660 199 13 52 & +43 660 914 92 36",IF(A9="U7","+43 676 661 62 26 & +43 681 208 115 99",IF(A9="Camp","+43 660 77 39 500",IF(A9="Turnier","+43 660 77 39 500","FEHLER"))))))))))) -> FEHLER
A10: =Heimspiele!C3 -> KM | B10: =Heimspiele!D3 -> 46256 | C10: =Heimspiele!E3 -> 0.70833333 | D10: =Heimspiele!F3 -> Deutsch Jahrndorf | E10: =Heimspiele!G3 -> Deutsch Jahrndorf | F10: Großfeld | G10: =IF(F10="Großfeld","Großfeld",IF(F10="U16","Großfeld",IF(F10="U15","Großfeld",IF(F10="U14","Großfeld",IF(F10="U13","75x55",IF(F10="U11/U12","55x40",IF(F10="U9/U10","40x25",IF(F10="U8","29x22","25x20")))))))) -> Großfeld | H10: =IF(F10="Großfeld","7,32x2,44",IF(F10="U16","7,32x2,44",IF(F10="U15","7,32x2,44",IF(F10="U14","7,32x2,44",IF(F10="U13","5x2",IF(F10="U11/U12","5x2",IF(F10="U9/U10","5x2","4 Minitore"))))))) -> 7,32x2,44 | I10: =IF(F10="Großfeld","5",IF(F10="U16","5",IF(F10="U15","5",IF(F10="U14","4",IF(F10="U13","4",IF(F10="U11/U12","4",IF(F10="U9/U10","4",IF(F10="U9","4","3")))))))) -> 5 | J10: =IF(A10="KM Neufeld","Pleninger Stefan",IF(A10="U16 LL","Josch Kögl",IF(A10="U15 LL Nord","Serdar Ekinci",IF(A10="U14 Nord","Gernot Servelda",IF(A10="U13 Nord","Thomas Pöschl & Lenz Honc",IF(A10="U11 Nord D","Mario Magler&Ronny Archam",IF(A10="U9","Thomas Brandl&Daniel Hofbauer",IF(A10="U8","Berger Tobias&Sebastian Putric",IF(A10="U7","Türkes Ömer&Mahsumi Taha",IF(A10="Camp","Berger Dieter",IF(A10="Turnier","Berger Dieter","FEHLER"))))))))))) -> FEHLER | K10: =IF(A10="KM Neufeld","+43 664 415 99 09",IF(A10="U16 LL","+43 650 262 82 63",IF(A10="U15 LL Nord","+43 650 701 02 44",IF(A10="U14 Nord","+43 676 401 09 13",IF(A10="U13 Nord","+43 677 613 55 114 & +43 664 114 43 52",IF(A10="U11 Nord D","+43 664 762 09 93 & +43 699 111 93 828",IF(A10="U9","+43 676 377 16 30 & +43 399 197 871 81",IF(A10="U8","+43 660 199 13 52 & +43 660 914 92 36",IF(A10="U7","+43 676 661 62 26 & +43 681 208 115 99",IF(A10="Camp","+43 660 77 39 500",IF(A10="Turnier","+43 660 77 39 500","FEHLER"))))))))))) -> FEHLER
A11: =Heimspiele!C12 -> KM | B11: =Heimspiele!D12 -> 46319 | D11: =Heimspiele!F12 -> Neufeld | E11: =Heimspiele!G12 -> Gols | F11: Großfeld | G11: =IF(F11="Großfeld","Großfeld",IF(F11="U16","Großfeld",IF(F11="U15","Großfeld",IF(F11="U14","Großfeld",IF(F11="U13","75x55",IF(F11="U11/U12","55x40",IF(F11="U9/U10","40x25",IF(F11="U8","29x22","25x20")))))))) -> Großfeld | H11: =IF(F11="Großfeld","7,32x2,44",IF(F11="U16","7,32x2,44",IF(F11="U15","7,32x2,44",IF(F11="U14","7,32x2,44",IF(F11="U13","5x2",IF(F11="U11/U12","5x2",IF(F11="U9/U10","5x2","4 Minitore"))))))) -> 7,32x2,44 | I11: =IF(F11="Großfeld","5",IF(F11="U16","5",IF(F11="U15","5",IF(F11="U14","4",IF(F11="U13","4",IF(F11="U11/U12","4",IF(F11="U9/U10","4",IF(F11="U9","4","3")))))))) -> 5 | J11: =IF(A11="KM Neufeld","Pleninger Stefan",IF(A11="U16 LL","Josch Kögl",IF(A11="U15 LL Nord","Serdar Ekinci",IF(A11="U14 Nord","Gernot Servelda",IF(A11="U13 - Nord","Thomas Pöschl & Lenz Honc",IF(A11="U11 Nord D","Mario Magler&Ronny Archam",IF(A11="U9","Thomas Brandl&Daniel Hofbauer",IF(A11="U8","Berger Tobias&Sebastian Putric",IF(A11="U7","Türkes Ömer&Mahsumi Taha",IF(A11="Camp","Berger Dieter",IF(A11="Turnier","Berger Dieter","FEHLER"))))))))))) -> FEHLER | K11: =IF(A11="KM Neufeld","+43 664 415 99 09",IF(A11="U16 LL","+43 650 262 82 63",IF(A11="U15 LL Nord","+43 650 701 02 44",IF(A11="U14 - Nord","+43 676 401 09 13",IF(A11="U13 - Nord","+43 677 613 55 114 & +43 664 114 43 52",IF(A11="U11 Nord D","+43 664 762 09 93 & +43 699 111 93 828",IF(A11="U9","+43 676 377 16 30 & +43 399 197 871 81",IF(A11="U8","+43 660 199 13 52 & +43 660 914 92 36",IF(A11="U7","+43 676 661 62 26 & +43 681 208 115 99",IF(A11="Camp","+43 660 77 39 500",IF(A11="Turnier","+43 660 77 39 500","FEHLER"))))))))))) -> FEHLER
A12: =Heimspiele!C13 -> KM | B12: =Heimspiele!D13 -> 46326 | D12: =Heimspiele!F13 -> Illmitz | E12: =Heimspiele!G13 -> Illmitz | F12: Großfeld | G12: =IF(F12="Großfeld","Großfeld",IF(F12="U16","Großfeld",IF(F12="U15","Großfeld",IF(F12="U14","Großfeld",IF(F12="U13","75x55",IF(F12="U11/U12","55x40",IF(F12="U9/U10","40x25",IF(F12="U8","29x22","25x20")))))))) -> Großfeld | H12: =IF(F12="Großfeld","7,32x2,44",IF(F12="U16","7,32x2,44",IF(F12="U15","7,32x2,44",IF(F12="U14","7,32x2,44",IF(F12="U13","5x2",IF(F12="U11/U12","5x2",IF(F12="U9/U10","5x2","4 Minitore"))))))) -> 7,32x2,44 | I12: =IF(F12="Großfeld","5",IF(F12="U16","5",IF(F12="U15","5",IF(F12="U14","4",IF(F12="U13","4",IF(F12="U11/U12","4",IF(F12="U9/U10","4",IF(F12="U9","4","3")))))))) -> 5 | J12: =IF(A12="KM Neufeld","Pleninger Stefan",IF(A12="U16 LL","Josch Kögl",IF(A12="U15 LL Nord","Serdar Ekinci",IF(A12="U14 Nord","Gernot Servelda",IF(A12="U13 - Nord","Thomas Pöschl & Lenz Honc",IF(A12="U11 Nord D","Mario Magler&Ronny Archam",IF(A12="U9","Thomas Brandl&Daniel Hofbauer",IF(A12="U8","Berger Tobias&Sebastian Putric",IF(A12="U7","Türkes Ömer&Mahsumi Taha",IF(A12="Camp","Berger Dieter",IF(A12="Turnier","Berger Dieter","FEHLER"))))))))))) -> FEHLER | K12: =IF(A12="KM Neufeld","+43 664 415 99 09",IF(A12="U16 LL","+43 650 262 82 63",IF(A12="U15 LL Nord","+43 650 701 02 44",IF(A12="U14 - Nord","+43 676 401 09 13",IF(A12="U13 - Nord","+43 677 613 55 114 & +43 664 114 43 52",IF(A12="U11 Nord D","+43 664 762 09 93 & +43 699 111 93 828",IF(A12="U9","+43 676 377 16 30 & +43 399 197 871 81",IF(A12="U8","+43 660 199 13 52 & +43 660 914 92 36",IF(A12="U7","+43 676 661 62 26 & +43 681 208 115 99",IF(A12="Camp","+43 660 77 39 500",IF(A12="Turnier","+43 660 77 39 500","FEHLER"))))))))))) -> FEHLER
A13: =Heimspiele!C5 -> U14 | B13: =Heimspiele!D5 -> 46033 | C13: =Heimspiele!E5 -> 0 | D13: =Heimspiele!F5 -> 0 | E13: =Heimspiele!G5 -> 0 | F13: U14 | G13: =IF(F13="Großfeld","Großfeld",IF(F13="U16","Großfeld",IF(F13="U15","Großfeld",IF(F13="U14","Großfeld",IF(F13="U13","75x55",IF(F13="U11/U12","55x40",IF(F13="U9/U10","40x25",IF(F13="U8","29x22","25x20")))))))) -> Großfeld | H13: =IF(F13="Großfeld","7,32x2,44",IF(F13="U16","7,32x2,44",IF(F13="U15","7,32x2,44",IF(F13="U14","7,32x2,44",IF(F13="U13","5x2",IF(F13="U11/U12","5x2",IF(F13="U9/U10","5x2","4 Minitore"))))))) -> 7,32x2,44 | I13: =IF(F13="Großfeld","5",IF(F13="U16","5",IF(F13="U15","5",IF(F13="U14","4",IF(F13="U13","4",IF(F13="U11/U12","4",IF(F13="U9/U10","4",IF(F13="U9","4","3")))))))) -> 4 | J13: =IF(A13="KM Neufeld","Pleninger Stefan",IF(A13="U16 LL","Josch Kögl",IF(A13="U15 LL Nord","Serdar Ekinci",IF(A13="U14 Nord","Gernot Servelda",IF(A13="U13 Nord","Thomas Pöschl & Lenz Honc",IF(A13="U11 Nord D","Mario Magler&Ronny Archam",IF(A13="U9","Thomas Brandl&Daniel Hofbauer",IF(A13="U8","Berger Tobias&Sebastian Putric",IF(A13="U7","Türkes Ömer&Mahsumi Taha",IF(A13="Camp","Berger Dieter",IF(A13="Turnier","Berger Dieter","FEHLER"))))))))))) -> FEHLER | K13: =IF(A13="KM Neufeld","+43 664 415 99 09",IF(A13="U16 LL","+43 650 262 82 63",IF(A13="U15 LL Nord","+43 650 701 02 44",IF(A13="U14 Nord","+43 676 401 09 13",IF(A13="U13 Nord","+43 677 613 55 114 & +43 664 114 43 52",IF(A13="U11 Nord D","+43 664 762 09 93 & +43 699 111 93 828",IF(A13="U9","+43 676 377 16 30 & +43 399 197 871 81",IF(A13="U8","+43 660 199 13 52 & +43 660 914 92 36",IF(A13="U7","+43 676 661 62 26 & +43 681 208 115 99",IF(A13="Camp","+43 660 77 39 500",IF(A13="Turnier","+43 660 77 39 500","FEHLER"))))))))))) -> FEHLER
A14: =Heimspiele!C15 -> U16 | B14: =Heimspiele!D15 -> 46023 | D14: =Heimspiele!F15 -> 0 | E14: =Heimspiele!G15 -> 0 | F14: Großfeld | G14: =IF(F14="Großfeld","Großfeld",IF(F14="U16","Großfeld",IF(F14="U15","Großfeld",IF(F14="U14","Großfeld",IF(F14="U13","75x55",IF(F14="U11/U12","55x40",IF(F14="U9/U10","40x25",IF(F14="U8","29x22","25x20")))))))) -> Großfeld | H14: =IF(F14="Großfeld","7,32x2,44",IF(F14="U16","7,32x2,44",IF(F14="U15","7,32x2,44",IF(F14="U14","7,32x2,44",IF(F14="U13","5x2",IF(F14="U11/U12","5x2",IF(F14="U9/U10","5x2","4 Minitore"))))))) -> 7,32x2,44 | I14: =IF(F14="Großfeld","5",IF(F14="U16","5",IF(F14="U15","5",IF(F14="U14","4",IF(F14="U13","4",IF(F14="U11/U12","4",IF(F14="U9/U10","4",IF(F14="U9","4","3")))))))) -> 5 | J14: =IF(A14="KM Neufeld","Pleninger Stefan",IF(A14="U16 LL","Josch Kögl",IF(A14="U15 LL Nord","Serdar Ekinci",IF(A14="U14 Nord","Gernot Servelda",IF(A14="U13 - Nord","Thomas Pöschl & Lenz Honc",IF(A14="U11 Nord D","Mario Magler&Ronny Archam",IF(A14="U9","Thomas Brandl&Daniel Hofbauer",IF(A14="U8","Berger Tobias&Sebastian Putric",IF(A14="U7","Türkes Ömer&Mahsumi Taha",IF(A14="Camp","Berger Dieter",IF(A14="Turnier","Berger Dieter","FEHLER"))))))))))) -> FEHLER | K14: =IF(A14="KM Neufeld","+43 664 415 99 09",IF(A14="U16 LL","+43 650 262 82 63",IF(A14="U15 LL Nord","+43 650 701 02 44",IF(A14="U14 - Nord","+43 676 401 09 13",IF(A14="U13 - Nord","+43 677 613 55 114 & +43 664 114 43 52",IF(A14="U11 Nord D","+43 664 762 09 93 & +43 699 111 93 828",IF(A14="U9","+43 676 377 16 30 & +43 399 197 871 81",IF(A14="U8","+43 660 199 13 52 & +43 660 914 92 36",IF(A14="U7","+43 676 661 62 26 & +43 681 208 115 99",IF(A14="Camp","+43 660 77 39 500",IF(A14="Turnier","+43 660 77 39 500","FEHLER"))))))))))) -> FEHLER
A15: =Heimspiele!C16 -> U16 | B15: =Heimspiele!D16 -> 46024 | D15: =Heimspiele!F16 -> 0 | E15: =Heimspiele!G16 -> 0 | F15: Großfeld | G15: =IF(F15="Großfeld","Großfeld",IF(F15="U16","Großfeld",IF(F15="U15","Großfeld",IF(F15="U14","Großfeld",IF(F15="U13","75x55",IF(F15="U11/U12","55x40",IF(F15="U9/U10","40x25",IF(F15="U8","29x22","25x20")))))))) -> Großfeld | H15: =IF(F15="Großfeld","7,32x2,44",IF(F15="U16","7,32x2,44",IF(F15="U15","7,32x2,44",IF(F15="U14","7,32x2,44",IF(F15="U13","5x2",IF(F15="U11/U12","5x2",IF(F15="U9/U10","5x2","4 Minitore"))))))) -> 7,32x2,44 | I15: =IF(F15="Großfeld","5",IF(F15="U16","5",IF(F15="U15","5",IF(F15="U14","4",IF(F15="U13","4",IF(F15="U11/U12","4",IF(F15="U9/U10","4",IF(F15="U9","4","3")))))))) -> 5 | J15: =IF(A15="KM Neufeld","Pleninger Stefan",IF(A15="U16 LL","Josch Kögl",IF(A15="U15 LL Nord","Serdar Ekinci",IF(A15="U14 Nord","Gernot Servelda",IF(A15="U13 - Nord","Thomas Pöschl & Lenz Honc",IF(A15="U11 Nord D","Mario Magler&Ronny Archam",IF(A15="U9","Thomas Brandl&Daniel Hofbauer",IF(A15="U8","Berger Tobias&Sebastian Putric",IF(A15="U7","Türkes Ömer&Mahsumi Taha",IF(A15="Camp","Berger Dieter",IF(A15="Turnier","Berger Dieter","FEHLER"))))))))))) -> FEHLER | K15: =IF(A15="KM Neufeld","+43 664 415 99 09",IF(A15="U16 LL","+43 650 262 82 63",IF(A15="U15 LL Nord","+43 650 701 02 44",IF(A15="U14 - Nord","+43 676 401 09 13",IF(A15="U13 - Nord","+43 677 613 55 114 & +43 664 114 43 52",IF(A15="U11 Nord D","+43 664 762 09 93 & +43 699 111 93 828",IF(A15="U9","+43 676 377 16 30 & +43 399 197 871 81",IF(A15="U8","+43 660 199 13 52 & +43 660 914 92 36",IF(A15="U7","+43 676 661 62 26 & +43 681 208 115 99",IF(A15="Camp","+43 660 77 39 500",IF(A15="Turnier","+43 660 77 39 500","FEHLER"))))))))))) -> FEHLER
A16: =Heimspiele!C17 -> U16 | B16: =Heimspiele!D17 -> 46025 | D16: =Heimspiele!F17 -> 0 | E16: =Heimspiele!G17 -> 0 | F16: Großfeld | G16: =IF(F16="Großfeld","Großfeld",IF(F16="U16","Großfeld",IF(F16="U15","Großfeld",IF(F16="U14","Großfeld",IF(F16="U13","75x55",IF(F16="U11/U12","55x40",IF(F16="U9/U10","40x25",IF(F16="U8","29x22","25x20")))))))) -> Großfeld | H16: =IF(F16="Großfeld","7,32x2,44",IF(F16="U16","7,32x2,44",IF(F16="U15","7,32x2,44",IF(F16="U14","7,32x2,44",IF(F16="U13","5x2",IF(F16="U11/U12","5x2",IF(F16="U9/U10","5x2","4 Minitore"))))))) -> 7,32x2,44 | I16: =IF(F16="Großfeld","5",IF(F16="U16","5",IF(F16="U15","5",IF(F16="U14","4",IF(F16="U13","4",IF(F16="U11/U12","4",IF(F16="U9/U10","4",IF(F16="U9","4","3")))))))) -> 5 | J16: =IF(A16="KM Neufeld","Pleninger Stefan",IF(A16="U16 LL","Josch Kögl",IF(A16="U15 LL Nord","Serdar Ekinci",IF(A16="U14 Nord","Gernot Servelda",IF(A16="U13 - Nord","Thomas Pöschl & Lenz Honc",IF(A16="U11 Nord D","Mario Magler&Ronny Archam",IF(A16="U9","Thomas Brandl&Daniel Hofbauer",IF(A16="U8","Berger Tobias&Sebastian Putric",IF(A16="U7","Türkes Ömer&Mahsumi Taha",IF(A16="Camp","Berger Dieter",IF(A16="Turnier","Berger Dieter","FEHLER"))))))))))) -> FEHLER | K16: =IF(A16="KM Neufeld","+43 664 415 99 09",IF(A16="U16 LL","+43 650 262 82 63",IF(A16="U15 LL Nord","+43 650 701 02 44",IF(A16="U14 - Nord","+43 676 401 09 13",IF(A16="U13 - Nord","+43 677 613 55 114 & +43 664 114 43 52",IF(A16="U11 Nord D","+43 664 762 09 93 & +43 699 111 93 828",IF(A16="U9","+43 676 377 16 30 & +43 399 197 871 81",IF(A16="U8","+43 660 199 13 52 & +43 660 914 92 36",IF(A16="U7","+43 676 661 62 26 & +43 681 208 115 99",IF(A16="Camp","+43 660 77 39 500",IF(A16="Turnier","+43 660 77 39 500","FEHLER"))))))))))) -> FEHLER
A17: =Heimspiele!C7 -> U12_1 | B17: =Heimspiele!D7 -> 46043 | C17: =Heimspiele!E7 -> 0 | D17: =Heimspiele!F7 -> 0 | E17: =Heimspiele!G7 -> 0 | F17: U13 | G17: =IF(F17="Großfeld","Großfeld",IF(F17="U16","Großfeld",IF(F17="U15","Großfeld",IF(F17="U14","Großfeld",IF(F17="U13","75x55",IF(F17="U11/U12","55x40",IF(F17="U9/U10","40x25",IF(F17="U8","29x22","25x20")))))))) -> 75x55 | H17: =IF(F17="Großfeld","7,32x2,44",IF(F17="U16","7,32x2,44",IF(F17="U15","7,32x2,44",IF(F17="U14","7,32x2,44",IF(F17="U13","5x2",IF(F17="U11/U12","5x2",IF(F17="U9/U10","5x2","4 Minitore"))))))) -> 5x2 | I17: =IF(F17="Großfeld","5",IF(F17="U16","5",IF(F17="U15","5",IF(F17="U14","4",IF(F17="U13","4",IF(F17="U11/U12","4",IF(F17="U9/U10","4",IF(F17="U9","4","3")))))))) -> 4 | J17: =IF(A17="KM Neufeld","Pleninger Stefan",IF(A17="U16 LL","Josch Kögl",IF(A17="U15 LL Nord","Serdar Ekinci",IF(A17="U14 Nord","Gernot Servelda",IF(A17="U13 Nord","Thomas Pöschl & Lenz Honc",IF(A17="U11 Nord D","Mario Magler&Ronny Archam",IF(A17="U9","Thomas Brandl&Daniel Hofbauer",IF(A17="U8","Berger Tobias&Sebastian Putric",IF(A17="U7","Türkes Ömer&Mahsumi Taha",IF(A17="Camp","Berger Dieter",IF(A17="Turnier","Berger Dieter","FEHLER"))))))))))) -> FEHLER | K17: =IF(A17="KM Neufeld","+43 664 415 99 09",IF(A17="U16 LL","+43 650 262 82 63",IF(A17="U15 LL Nord","+43 650 701 02 44",IF(A17="U14 Nord","+43 676 401 09 13",IF(A17="U13 Nord","+43 677 613 55 114 & +43 664 114 43 52",IF(A17="U11 Nord D","+43 664 762 09 93 & +43 699 111 93 828",IF(A17="U9","+43 676 377 16 30 & +43 399 197 871 81",IF(A17="U8","+43 660 199 13 52 & +43 660 914 92 36",IF(A17="U7","+43 676 661 62 26 & +43 681 208 115 99",IF(A17="Camp","+43 660 77 39 500",IF(A17="Turnier","+43 660 77 39 500","FEHLER"))))))))))) -> FEHLER
A18: =Heimspiele!C19 -> U16 | B18: =Heimspiele!D19 -> 46027 | D18: =Heimspiele!F19 -> 0 | E18: =Heimspiele!G19 -> 0 | F18: Großfeld | G18: =IF(F18="Großfeld","Großfeld",IF(F18="U16","Großfeld",IF(F18="U15","Großfeld",IF(F18="U14","Großfeld",IF(F18="U13","75x55",IF(F18="U11/U12","55x40",IF(F18="U9/U10","40x25",IF(F18="U8","29x22","25x20")))))))) -> Großfeld | H18: =IF(F18="Großfeld","7,32x2,44",IF(F18="U16","7,32x2,44",IF(F18="U15","7,32x2,44",IF(F18="U14","7,32x2,44",IF(F18="U13","5x2",IF(F18="U11/U12","5x2",IF(F18="U9/U10","5x2","4 Minitore"))))))) -> 7,32x2,44 | I18: =IF(F18="Großfeld","5",IF(F18="U16","5",IF(F18="U15","5",IF(F18="U14","4",IF(F18="U13","4",IF(F18="U11/U12","4",IF(F18="U9/U10","4",IF(F18="U9","4","3")))))))) -> 5 | J18: =IF(A18="KM Neufeld","Pleninger Stefan",IF(A18="U16 LL","Josch Kögl",IF(A18="U15 LL Nord","Serdar Ekinci",IF(A18="U14 Nord","Gernot Servelda",IF(A18="U13 - Nord","Thomas Pöschl & Lenz Honc",IF(A18="U11 Nord D","Mario Magler&Ronny Archam",IF(A18="U9","Thomas Brandl&Daniel Hofbauer",IF(A18="U8","Berger Tobias&Sebastian Putric",IF(A18="U7","Türkes Ömer&Mahsumi Taha",IF(A18="Camp","Berger Dieter",IF(A18="Turnier","Berger Dieter","FEHLER"))))))))))) -> FEHLER | K18: =IF(A18="KM Neufeld","+43 664 415 99 09",IF(A18="U16 LL","+43 650 262 82 63",IF(A18="U15 LL Nord","+43 650 701 02 44",IF(A18="U14 - Nord","+43 676 401 09 13",IF(A18="U13 - Nord","+43 677 613 55 114 & +43 664 114 43 52",IF(A18="U11 Nord D","+43 664 762 09 93 & +43 699 111 93 828",IF(A18="U9","+43 676 377 16 30 & +43 399 197 871 81",IF(A18="U8","+43 660 199 13 52 & +43 660 914 92 36",IF(A18="U7","+43 676 661 62 26 & +43 681 208 115 99",IF(A18="Camp","+43 660 77 39 500",IF(A18="Turnier","+43 660 77 39 500","FEHLER"))))))))))) -> FEHLER
A19: =Heimspiele!C20 -> U16 | B19: =Heimspiele!D20 -> 46028 | D19: =Heimspiele!F20 -> 0 | E19: =Heimspiele!G20 -> 0 | F19: Großfeld | G19: =IF(F19="Großfeld","Großfeld",IF(F19="U16","Großfeld",IF(F19="U15","Großfeld",IF(F19="U14","Großfeld",IF(F19="U13","75x55",IF(F19="U11/U12","55x40",IF(F19="U9/U10","40x25",IF(F19="U8","29x22","25x20")))))))) -> Großfeld | H19: =IF(F19="Großfeld","7,32x2,44",IF(F19="U16","7,32x2,44",IF(F19="U15","7,32x2,44",IF(F19="U14","7,32x2,44",IF(F19="U13","5x2",IF(F19="U11/U12","5x2",IF(F19="U9/U10","5x2","4 Minitore"))))))) -> 7,32x2,44 | I19: =IF(F19="Großfeld","5",IF(F19="U16","5",IF(F19="U15","5",IF(F19="U14","4",IF(F19="U13","4",IF(F19="U11/U12","4",IF(F19="U9/U10","4",IF(F19="U9","4","3")))))))) -> 5 | J19: =IF(A19="KM Neufeld","Pleninger Stefan",IF(A19="U16 LL","Josch Kögl",IF(A19="U15 LL Nord","Serdar Ekinci",IF(A19="U14 Nord","Gernot Servelda",IF(A19="U13 - Nord","Thomas Pöschl & Lenz Honc",IF(A19="U11 Nord D","Mario Magler&Ronny Archam",IF(A19="U9","Thomas Brandl&Daniel Hofbauer",IF(A19="U8","Berger Tobias&Sebastian Putric",IF(A19="U7","Türkes Ömer&Mahsumi Taha",IF(A19="Camp","Berger Dieter",IF(A19="Turnier","Berger Dieter","FEHLER"))))))))))) -> FEHLER | K19: =IF(A19="KM Neufeld","+43 664 415 99 09",IF(A19="U16 LL","+43 650 262 82 63",IF(A19="U15 LL Nord","+43 650 701 02 44",IF(A19="U14 - Nord","+43 676 401 09 13",IF(A19="U13 - Nord","+43 677 613 55 114 & +43 664 114 43 52",IF(A19="U11 Nord D","+43 664 762 09 93 & +43 699 111 93 828",IF(A19="U9","+43 676 377 16 30 & +43 399 197 871 81",IF(A19="U8","+43 660 199 13 52 & +43 660 914 92 36",IF(A19="U7","+43 676 661 62 26 & +43 681 208 115 99",IF(A19="Camp","+43 660 77 39 500",IF(A19="Turnier","+43 660 77 39 500","FEHLER"))))))))))) -> FEHLER
A20: =Heimspiele!C21 -> U16 | B20: =Heimspiele!D21 -> 46029 | D20: =Heimspiele!F21 -> 0 | E20: =Heimspiele!G21 -> 0 | F20: Großfeld | G20: =IF(F20="Großfeld","Großfeld",IF(F20="U16","Großfeld",IF(F20="U15","Großfeld",IF(F20="U14","Großfeld",IF(F20="U13","75x55",IF(F20="U11/U12","55x40",IF(F20="U9/U10","40x25",IF(F20="U8","29x22","25x20")))))))) -> Großfeld | H20: =IF(F20="Großfeld","7,32x2,44",IF(F20="U16","7,32x2,44",IF(F20="U15","7,32x2,44",IF(F20="U14","7,32x2,44",IF(F20="U13","5x2",IF(F20="U11/U12","5x2",IF(F20="U9/U10","5x2","4 Minitore"))))))) -> 7,32x2,44 | I20: =IF(F20="Großfeld","5",IF(F20="U16","5",IF(F20="U15","5",IF(F20="U14","4",IF(F20="U13","4",IF(F20="U11/U12","4",IF(F20="U9/U10","4",IF(F20="U9","4","3")))))))) -> 5 | J20: =IF(A20="KM Neufeld","Pleninger Stefan",IF(A20="U16 LL","Josch Kögl",IF(A20="U15 LL Nord","Serdar Ekinci",IF(A20="U14 Nord","Gernot Servelda",IF(A20="U13 - Nord","Thomas Pöschl & Lenz Honc",IF(A20="U11 Nord D","Mario Magler&Ronny Archam",IF(A20="U9","Thomas Brandl&Daniel Hofbauer",IF(A20="U8","Berger Tobias&Sebastian Putric",IF(A20="U7","Türkes Ömer&Mahsumi Taha",IF(A20="Camp","Berger Dieter",IF(A20="Turnier","Berger Dieter","FEHLER"))))))))))) -> FEHLER | K20: =IF(A20="KM Neufeld","+43 664 415 99 09",IF(A20="U16 LL","+43 650 262 82 63",IF(A20="U15 LL Nord","+43 650 701 02 44",IF(A20="U14 - Nord","+43 676 401 09 13",IF(A20="U13 - Nord","+43 677 613 55 114 & +43 664 114 43 52",IF(A20="U11 Nord D","+43 664 762 09 93 & +43 699 111 93 828",IF(A20="U9","+43 676 377 16 30 & +43 399 197 871 81",IF(A20="U8","+43 660 199 13 52 & +43 660 914 92 36",IF(A20="U7","+43 676 661 62 26 & +43 681 208 115 99",IF(A20="Camp","+43 660 77 39 500",IF(A20="Turnier","+43 660 77 39 500","FEHLER"))))))))))) -> FEHLER
A21: =Heimspiele!C22 -> U16 | B21: =Heimspiele!D22 -> 46030 | D21: =Heimspiele!F22 -> 0 | E21: =Heimspiele!G22 -> 0 | F21: Großfeld | G21: =IF(F21="Großfeld","Großfeld",IF(F21="U16","Großfeld",IF(F21="U15","Großfeld",IF(F21="U14","Großfeld",IF(F21="U13","75x55",IF(F21="U11/U12","55x40",IF(F21="U9/U10","40x25",IF(F21="U8","29x22","25x20")))))))) -> Großfeld | H21: =IF(F21="Großfeld","7,32x2,44",IF(F21="U16","7,32x2,44",IF(F21="U15","7,32x2,44",IF(F21="U14","7,32x2,44",IF(F21="U13","5x2",IF(F21="U11/U12","5x2",IF(F21="U9/U10","5x2","4 Minitore"))))))) -> 7,32x2,44 | I21: =IF(F21="Großfeld","5",IF(F21="U16","5",IF(F21="U15","5",IF(F21="U14","4",IF(F21="U13","4",IF(F21="U11/U12","4",IF(F21="U9/U10","4",IF(F21="U9","4","3")))))))) -> 5 | J21: =IF(A21="KM Neufeld","Pleninger Stefan",IF(A21="U16 LL","Josch Kögl",IF(A21="U15 LL Nord","Serdar Ekinci",IF(A21="U14 Nord","Gernot Servelda",IF(A21="U13 - Nord","Thomas Pöschl & Lenz Honc",IF(A21="U11 Nord D","Mario Magler&Ronny Archam",IF(A21="U9","Thomas Brandl&Daniel Hofbauer",IF(A21="U8","Berger Tobias&Sebastian Putric",IF(A21="U7","Türkes Ömer&Mahsumi Taha",IF(A21="Camp","Berger Dieter",IF(A21="Turnier","Berger Dieter","FEHLER"))))))))))) -> FEHLER | K21: =IF(A21="KM Neufeld","+43 664 415 99 09",IF(A21="U16 LL","+43 650 262 82 63",IF(A21="U15 LL Nord","+43 650 701 02 44",IF(A21="U14 - Nord","+43 676 401 09 13",IF(A21="U13 - Nord","+43 677 613 55 114 & +43 664 114 43 52",IF(A21="U11 Nord D","+43 664 762 09 93 & +43 699 111 93 828",IF(A21="U9","+43 676 377 16 30 & +43 399 197 871 81",IF(A21="U8","+43 660 199 13 52 & +43 660 914 92 36",IF(A21="U7","+43 676 661 62 26 & +43 681 208 115 99",IF(A21="Camp","+43 660 77 39 500",IF(A21="Turnier","+43 660 77 39 500","FEHLER"))))))))))) -> FEHLER
A22: =Heimspiele!C23 -> U16 | B22: =Heimspiele!D23 -> 46031 | D22: =Heimspiele!F23 -> 0 | E22: =Heimspiele!G23 -> 0 | F22: Großfeld | G22: =IF(F22="Großfeld","Großfeld",IF(F22="U16","Großfeld",IF(F22="U15","Großfeld",IF(F22="U14","Großfeld",IF(F22="U13","75x55",IF(F22="U11/U12","55x40",IF(F22="U9/U10","40x25",IF(F22="U8","29x22","25x20")))))))) -> Großfeld | H22: =IF(F22="Großfeld","7,32x2,44",IF(F22="U16","7,32x2,44",IF(F22="U15","7,32x2,44",IF(F22="U14","7,32x2,44",IF(F22="U13","5x2",IF(F22="U11/U12","5x2",IF(F22="U9/U10","5x2","4 Minitore"))))))) -> 7,32x2,44 | I22: =IF(F22="Großfeld","5",IF(F22="U16","5",IF(F22="U15","5",IF(F22="U14","4",IF(F22="U13","4",IF(F22="U11/U12","4",IF(F22="U9/U10","4",IF(F22="U9","4","3")))))))) -> 5 | J22: =IF(A22="KM Neufeld","Pleninger Stefan",IF(A22="U16 LL","Josch Kögl",IF(A22="U15 LL Nord","Serdar Ekinci",IF(A22="U14 Nord","Gernot Servelda",IF(A22="U13 - Nord","Thomas Pöschl & Lenz Honc",IF(A22="U11 Nord D","Mario Magler&Ronny Archam",IF(A22="U9","Thomas Brandl&Daniel Hofbauer",IF(A22="U8","Berger Tobias&Sebastian Putric",IF(A22="U7","Türkes Ömer&Mahsumi Taha",IF(A22="Camp","Berger Dieter",IF(A22="Turnier","Berger Dieter","FEHLER"))))))))))) -> FEHLER | K22: =IF(A22="KM Neufeld","+43 664 415 99 09",IF(A22="U16 LL","+43 650 262 82 63",IF(A22="U15 LL Nord","+43 650 701 02 44",IF(A22="U14 - Nord","+43 676 401 09 13",IF(A22="U13 - Nord","+43 677 613 55 114 & +43 664 114 43 52",IF(A22="U11 Nord D","+43 664 762 09 93 & +43 699 111 93 828",IF(A22="U9","+43 676 377 16 30 & +43 399 197 871 81",IF(A22="U8","+43 660 199 13 52 & +43 660 914 92 36",IF(A22="U7","+43 676 661 62 26 & +43 681 208 115 99",IF(A22="Camp","+43 660 77 39 500",IF(A22="Turnier","+43 660 77 39 500","FEHLER"))))))))))) -> FEHLER
A23: =Heimspiele!C9 -> Camp | B23: =Heimspiele!D9 -> 46230 | C23: =Heimspiele!E9 -> 0.375 | D23: =Heimspiele!F9 -> Neufeld | E23: =Heimspiele!G9 -> REAL MADRID CAMP | F23: Großfeld | G23: =IF(F23="Großfeld","Großfeld",IF(F23="U16","Großfeld",IF(F23="U15","Großfeld",IF(F23="U14","Großfeld",IF(F23="U13","75x55",IF(F23="U11/U12","55x40",IF(F23="U9/U10","40x25",IF(F23="U8","29x22","25x20")))))))) -> Großfeld | H23: keine | I23: 3 | J23: =IF(A23="KM Neufeld","Pleninger Stefan",IF(A23="U16 LL","Josch Kögl",IF(A23="U15 LL Nord","Serdar Ekinci",IF(A23="U14 Nord","Gernot Servelda",IF(A23="U13 Nord","Thomas Pöschl & Lenz Honc",IF(A23="U11 Nord D","Mario Magler&Ronny Archam",IF(A23="U9","Thomas Brandl&Daniel Hofbauer",IF(A23="U8","Berger Tobias&Sebastian Putric",IF(A23="U7","Türkes Ömer&Mahsumi Taha",IF(A23="Camp","Berger Dieter",IF(A23="Turnier","Berger Dieter","FEHLER"))))))))))) -> Berger Dieter | K23: =IF(A23="KM Neufeld","+43 664 415 99 09",IF(A23="U16 LL","+43 650 262 82 63",IF(A23="U15 LL Nord","+43 650 701 02 44",IF(A23="U14 Nord","+43 676 401 09 13",IF(A23="U13 Nord","+43 677 613 55 114 & +43 664 114 43 52",IF(A23="U11 Nord D","+43 664 762 09 93 & +43 699 111 93 828",IF(A23="U9","+43 676 377 16 30 & +43 399 197 871 81",IF(A23="U8","+43 660 199 13 52 & +43 660 914 92 36",IF(A23="U7","+43 676 661 62 26 & +43 681 208 115 99",IF(A23="Camp","+43 660 77 39 500",IF(A23="Turnier","+43 660 77 39 500","FEHLER"))))))))))) -> +43 660 77 39 500
A24: =Heimspiele!C25 -> #REF! | B24: =Heimspiele!D25 -> #REF! | D24: =Heimspiele!F25 -> #REF! | E24: =Heimspiele!G25 -> #REF! | F24: Großfeld | G24: =IF(F24="Großfeld","Großfeld",IF(F24="U16","Großfeld",IF(F24="U15","Großfeld",IF(F24="U14","Großfeld",IF(F24="U13","75x55",IF(F24="U11/U12","55x40",IF(F24="U9/U10","40x25",IF(F24="U8","29x22","25x20")))))))) -> Großfeld | H24: =IF(F24="Großfeld","7,32x2,44",IF(F24="U16","7,32x2,44",IF(F24="U15","7,32x2,44",IF(F24="U14","7,32x2,44",IF(F24="U13","5x2",IF(F24="U11/U12","5x2",IF(F24="U9/U10","5x2","4 Minitore"))))))) -> 7,32x2,44 | I24: =IF(F24="Großfeld","5",IF(F24="U16","5",IF(F24="U15","5",IF(F24="U14","4",IF(F24="U13","4",IF(F24="U11/U12","4",IF(F24="U9/U10","4",IF(F24="U9","4","3")))))))) -> 5 | J24: =IF(A24="KM Neufeld","Pleninger Stefan",IF(A24="U16 LL","Josch Kögl",IF(A24="U15 LL Nord","Serdar Ekinci",IF(A24="U14 Nord","Gernot Servelda",IF(A24="U13 - Nord","Thomas Pöschl & Lenz Honc",IF(A24="U11 Nord D","Mario Magler&Ronny Archam",IF(A24="U9","Thomas Brandl&Daniel Hofbauer",IF(A24="U8","Berger Tobias&Sebastian Putric",IF(A24="U7","Türkes Ömer&Mahsumi Taha",IF(A24="Camp","Berger Dieter",IF(A24="Turnier","Berger Dieter","FEHLER"))))))))))) -> #REF! | K24: =IF(A24="KM Neufeld","+43 664 415 99 09",IF(A24="U16 LL","+43 650 262 82 63",IF(A24="U15 LL Nord","+43 650 701 02 44",IF(A24="U14 - Nord","+43 676 401 09 13",IF(A24="U13 - Nord","+43 677 613 55 114 & +43 664 114 43 52",IF(A24="U11 Nord D","+43 664 762 09 93 & +43 699 111 93 828",IF(A24="U9","+43 676 377 16 30 & +43 399 197 871 81",IF(A24="U8","+43 660 199 13 52 & +43 660 914 92 36",IF(A24="U7","+43 676 661 62 26 & +43 681 208 115 99",IF(A24="Camp","+43 660 77 39 500",IF(A24="Turnier","+43 660 77 39 500","FEHLER"))))))))))) -> #REF!
A25: =Heimspiele!C11 -> Camp | B25: =Heimspiele!D11 -> 46231 | C25: =Heimspiele!E11 -> 0.375 | D25: =Heimspiele!F11 -> Neufeld | E25: =Heimspiele!G11 -> REAL MADRID CAMP | F25: Großfeld | G25: =IF(F25="Großfeld","Großfeld",IF(F25="U16","Großfeld",IF(F25="U15","Großfeld",IF(F25="U14","Großfeld",IF(F25="U13","75x55",IF(F25="U11/U12","55x40",IF(F25="U9/U10","40x25",IF(F25="U8","29x22","25x20")))))))) -> Großfeld | H25: keine | I25: 3 | J25: =IF(A25="KM Neufeld","Pleninger Stefan",IF(A25="U16 LL","Josch Kögl",IF(A25="U15 LL Nord","Serdar Ekinci",IF(A25="U14 Nord","Gernot Servelda",IF(A25="U13 Nord","Thomas Pöschl & Lenz Honc",IF(A25="U11 Nord D","Mario Magler&Ronny Archam",IF(A25="U9","Thomas Brandl&Daniel Hofbauer",IF(A25="U8","Berger Tobias&Sebastian Putric",IF(A25="U7","Türkes Ömer&Mahsumi Taha",IF(A25="Camp","Berger Dieter",IF(A25="Turnier","Berger Dieter","FEHLER"))))))))))) -> Berger Dieter | K25: =IF(A25="KM Neufeld","+43 664 415 99 09",IF(A25="U16 LL","+43 650 262 82 63",IF(A25="U15 LL Nord","+43 650 701 02 44",IF(A25="U14 Nord","+43 676 401 09 13",IF(A25="U13 Nord","+43 677 613 55 114 & +43 664 114 43 52",IF(A25="U11 Nord D","+43 664 762 09 93 & +43 699 111 93 828",IF(A25="U9","+43 676 377 16 30 & +43 399 197 871 81",IF(A25="U8","+43 660 199 13 52 & +43 660 914 92 36",IF(A25="U7","+43 676 661 62 26 & +43 681 208 115 99",IF(A25="Camp","+43 660 77 39 500",IF(A25="Turnier","+43 660 77 39 500","FEHLER"))))))))))) -> +43 660 77 39 500
A26: =Heimspiele!C27 -> #REF! | B26: =Heimspiele!D27 -> #REF! | D26: =Heimspiele!F27 -> #REF! | E26: =Heimspiele!G27 -> #REF! | F26: Großfeld | G26: =IF(F26="Großfeld","Großfeld",IF(F26="U16","Großfeld",IF(F26="U15","Großfeld",IF(F26="U14","Großfeld",IF(F26="U13","75x55",IF(F26="U11/U12","55x40",IF(F26="U9/U10","40x25",IF(F26="U8","29x22","25x20")))))))) -> Großfeld | H26: =IF(F26="Großfeld","7,32x2,44",IF(F26="U16","7,32x2,44",IF(F26="U15","7,32x2,44",IF(F26="U14","7,32x2,44",IF(F26="U13","5x2",IF(F26="U11/U12","5x2",IF(F26="U9/U10","5x2","4 Minitore"))))))) -> 7,32x2,44 | I26: =IF(F26="Großfeld","5",IF(F26="U16","5",IF(F26="U15","5",IF(F26="U14","4",IF(F26="U13","4",IF(F26="U11/U12","4",IF(F26="U9/U10","4",IF(F26="U9","4","3")))))))) -> 5 | J26: =IF(A26="KM Neufeld","Pleninger Stefan",IF(A26="U16 LL","Josch Kögl",IF(A26="U15 LL Nord","Serdar Ekinci",IF(A26="U14 Nord","Gernot Servelda",IF(A26="U13 - Nord","Thomas Pöschl & Lenz Honc",IF(A26="U11 Nord D","Mario Magler&Ronny Archam",IF(A26="U9","Thomas Brandl&Daniel Hofbauer",IF(A26="U8","Berger Tobias&Sebastian Putric",IF(A26="U7","Türkes Ömer&Mahsumi Taha",IF(A26="Camp","Berger Dieter",IF(A26="Turnier","Berger Dieter","FEHLER"))))))))))) -> #REF! | K26: =IF(A26="KM Neufeld","+43 664 415 99 09",IF(A26="U16 LL","+43 650 262 82 63",IF(A26="U15 LL Nord","+43 650 701 02 44",IF(A26="U14 - Nord","+43 676 401 09 13",IF(A26="U13 - Nord","+43 677 613 55 114 & +43 664 114 43 52",IF(A26="U11 Nord D","+43 664 762 09 93 & +43 699 111 93 828",IF(A26="U9","+43 676 377 16 30 & +43 399 197 871 81",IF(A26="U8","+43 660 199 13 52 & +43 660 914 92 36",IF(A26="U7","+43 676 661 62 26 & +43 681 208 115 99",IF(A26="Camp","+43 660 77 39 500",IF(A26="Turnier","+43 660 77 39 500","FEHLER"))))))))))) -> #REF!
A27: =Heimspiele!C28 -> #REF! | B27: =Heimspiele!D28 -> #REF! | D27: =Heimspiele!F28 -> #REF! | E27: =Heimspiele!G28 -> #REF! | F27: Großfeld | G27: =IF(F27="Großfeld","Großfeld",IF(F27="U16","Großfeld",IF(F27="U15","Großfeld",IF(F27="U14","Großfeld",IF(F27="U13","75x55",IF(F27="U11/U12","55x40",IF(F27="U9/U10","40x25",IF(F27="U8","29x22","25x20")))))))) -> Großfeld | H27: =IF(F27="Großfeld","7,32x2,44",IF(F27="U16","7,32x2,44",IF(F27="U15","7,32x2,44",IF(F27="U14","7,32x2,44",IF(F27="U13","5x2",IF(F27="U11/U12","5x2",IF(F27="U9/U10","5x2","4 Minitore"))))))) -> 7,32x2,44 | I27: =IF(F27="Großfeld","5",IF(F27="U16","5",IF(F27="U15","5",IF(F27="U14","4",IF(F27="U13","4",IF(F27="U11/U12","4",IF(F27="U9/U10","4",IF(F27="U9","4","3")))))))) -> 5 | J27: =IF(A27="KM Neufeld","Pleninger Stefan",IF(A27="U16 LL","Josch Kögl",IF(A27="U15 LL Nord","Serdar Ekinci",IF(A27="U14 Nord","Gernot Servelda",IF(A27="U13 - Nord","Thomas Pöschl & Lenz Honc",IF(A27="U11 Nord D","Mario Magler&Ronny Archam",IF(A27="U9","Thomas Brandl&Daniel Hofbauer",IF(A27="U8","Berger Tobias&Sebastian Putric",IF(A27="U7","Türkes Ömer&Mahsumi Taha",IF(A27="Camp","Berger Dieter",IF(A27="Turnier","Berger Dieter","FEHLER"))))))))))) -> #REF! | K27: =IF(A27="KM Neufeld","+43 664 415 99 09",IF(A27="U16 LL","+43 650 262 82 63",IF(A27="U15 LL Nord","+43 650 701 02 44",IF(A27="U14 - Nord","+43 676 401 09 13",IF(A27="U13 - Nord","+43 677 613 55 114 & +43 664 114 43 52",IF(A27="U11 Nord D","+43 664 762 09 93 & +43 699 111 93 828",IF(A27="U9","+43 676 377 16 30 & +43 399 197 871 81",IF(A27="U8","+43 660 199 13 52 & +43 660 914 92 36",IF(A27="U7","+43 676 661 62 26 & +43 681 208 115 99",IF(A27="Camp","+43 660 77 39 500",IF(A27="Turnier","+43 660 77 39 500","FEHLER"))))))))))) -> #REF!
A28: =Heimspiele!C14 -> Camp | B28: =Heimspiele!D14 -> 46232 | C28: =Heimspiele!E14 -> 0.375 | D28: =Heimspiele!F14 -> Neufeld | E28: =Heimspiele!G14 -> REAL MADRID CAMP | F28: Großfeld | G28: =IF(F28="Großfeld","Großfeld",IF(F28="U16","Großfeld",IF(F28="U15","Großfeld",IF(F28="U14","Großfeld",IF(F28="U13","75x55",IF(F28="U11/U12","55x40",IF(F28="U9/U10","40x25",IF(F28="U8","29x22","25x20")))))))) -> Großfeld | H28: keine | I28: 3 | J28: =IF(A28="KM Neufeld","Pleninger Stefan",IF(A28="U16 LL","Josch Kögl",IF(A28="U15 LL Nord","Serdar Ekinci",IF(A28="U14 Nord","Gernot Servelda",IF(A28="U13 Nord","Thomas Pöschl & Lenz Honc",IF(A28="U11 Nord D","Mario Magler&Ronny Archam",IF(A28="U9","Thomas Brandl&Daniel Hofbauer",IF(A28="U8","Berger Tobias&Sebastian Putric",IF(A28="U7","Türkes Ömer&Mahsumi Taha",IF(A28="Camp","Berger Dieter",IF(A28="Turnier","Berger Dieter","FEHLER"))))))))))) -> Berger Dieter | K28: =IF(A28="KM Neufeld","+43 664 415 99 09",IF(A28="U16 LL","+43 650 262 82 63",IF(A28="U15 LL Nord","+43 650 701 02 44",IF(A28="U14 Nord","+43 676 401 09 13",IF(A28="U13 Nord","+43 677 613 55 114 & +43 664 114 43 52",IF(A28="U11 Nord D","+43 664 762 09 93 & +43 699 111 93 828",IF(A28="U9","+43 676 377 16 30 & +43 399 197 871 81",IF(A28="U8","+43 660 199 13 52 & +43 660 914 92 36",IF(A28="U7","+43 676 661 62 26 & +43 681 208 115 99",IF(A28="Camp","+43 660 77 39 500",IF(A28="Turnier","+43 660 77 39 500","FEHLER"))))))))))) -> +43 660 77 39 500
A29: =Heimspiele!C30 -> #REF! | B29: =Heimspiele!D30 -> #REF! | D29: =Heimspiele!F30 -> #REF! | E29: =Heimspiele!G30 -> #REF! | F29: Großfeld | G29: =IF(F29="Großfeld","Großfeld",IF(F29="U16","Großfeld",IF(F29="U15","Großfeld",IF(F29="U14","Großfeld",IF(F29="U13","75x55",IF(F29="U11/U12","55x40",IF(F29="U9/U10","40x25",IF(F29="U8","29x22","25x20")))))))) -> Großfeld | H29: =IF(F29="Großfeld","7,32x2,44",IF(F29="U16","7,32x2,44",IF(F29="U15","7,32x2,44",IF(F29="U14","7,32x2,44",IF(F29="U13","5x2",IF(F29="U11/U12","5x2",IF(F29="U9/U10","5x2","4 Minitore"))))))) -> 7,32x2,44 | I29: =IF(F29="Großfeld","5",IF(F29="U16","5",IF(F29="U15","5",IF(F29="U14","4",IF(F29="U13","4",IF(F29="U11/U12","4",IF(F29="U9/U10","4",IF(F29="U9","4","3")))))))) -> 5 | J29: =IF(A29="KM Neufeld","Pleninger Stefan",IF(A29="U16 LL","Josch Kögl",IF(A29="U15 LL Nord","Serdar Ekinci",IF(A29="U14 Nord","Gernot Servelda",IF(A29="U13 - Nord","Thomas Pöschl & Lenz Honc",IF(A29="U11 Nord D","Mario Magler&Ronny Archam",IF(A29="U9","Thomas Brandl&Daniel Hofbauer",IF(A29="U8","Berger Tobias&Sebastian Putric",IF(A29="U7","Türkes Ömer&Mahsumi Taha",IF(A29="Camp","Berger Dieter",IF(A29="Turnier","Berger Dieter","FEHLER"))))))))))) -> #REF! | K29: =IF(A29="KM Neufeld","+43 664 415 99 09",IF(A29="U16 LL","+43 650 262 82 63",IF(A29="U15 LL Nord","+43 650 701 02 44",IF(A29="U14 - Nord","+43 676 401 09 13",IF(A29="U13 - Nord","+43 677 613 55 114 & +43 664 114 43 52",IF(A29="U11 Nord D","+43 664 762 09 93 & +43 699 111 93 828",IF(A29="U9","+43 676 377 16 30 & +43 399 197 871 81",IF(A29="U8","+43 660 199 13 52 & +43 660 914 92 36",IF(A29="U7","+43 676 661 62 26 & +43 681 208 115 99",IF(A29="Camp","+43 660 77 39 500",IF(A29="Turnier","+43 660 77 39 500","FEHLER"))))))))))) -> #REF!
A30: =Heimspiele!C31 -> #REF! | B30: =Heimspiele!D31 -> #REF! | D30: =Heimspiele!F31 -> #REF! | E30: =Heimspiele!G31 -> #REF! | F30: Großfeld | G30: =IF(F30="Großfeld","Großfeld",IF(F30="U16","Großfeld",IF(F30="U15","Großfeld",IF(F30="U14","Großfeld",IF(F30="U13","75x55",IF(F30="U11/U12","55x40",IF(F30="U9/U10","40x25",IF(F30="U8","29x22","25x20")))))))) -> Großfeld | H30: =IF(F30="Großfeld","7,32x2,44",IF(F30="U16","7,32x2,44",IF(F30="U15","7,32x2,44",IF(F30="U14","7,32x2,44",IF(F30="U13","5x2",IF(F30="U11/U12","5x2",IF(F30="U9/U10","5x2","4 Minitore"))))))) -> 7,32x2,44 | I30: =IF(F30="Großfeld","5",IF(F30="U16","5",IF(F30="U15","5",IF(F30="U14","4",IF(F30="U13","4",IF(F30="U11/U12","4",IF(F30="U9/U10","4",IF(F30="U9","4","3")))))))) -> 5 | J30: =IF(A30="KM Neufeld","Pleninger Stefan",IF(A30="U16 LL","Josch Kögl",IF(A30="U15 LL Nord","Serdar Ekinci",IF(A30="U14 Nord","Gernot Servelda",IF(A30="U13 - Nord","Thomas Pöschl & Lenz Honc",IF(A30="U11 Nord D","Mario Magler&Ronny Archam",IF(A30="U9","Thomas Brandl&Daniel Hofbauer",IF(A30="U8","Berger Tobias&Sebastian Putric",IF(A30="U7","Türkes Ömer&Mahsumi Taha",IF(A30="Camp","Berger Dieter",IF(A30="Turnier","Berger Dieter","FEHLER"))))))))))) -> #REF! | K30: =IF(A30="KM Neufeld","+43 664 415 99 09",IF(A30="U16 LL","+43 650 262 82 63",IF(A30="U15 LL Nord","+43 650 701 02 44",IF(A30="U14 - Nord","+43 676 401 09 13",IF(A30="U13 - Nord","+43 677 613 55 114 & +43 664 114 43 52",IF(A30="U11 Nord D","+43 664 762 09 93 & +43 699 111 93 828",IF(A30="U9","+43 676 377 16 30 & +43 399 197 871 81",IF(A30="U8","+43 660 199 13 52 & +43 660 914 92 36",IF(A30="U7","+43 676 661 62 26 & +43 681 208 115 99",IF(A30="Camp","+43 660 77 39 500",IF(A30="Turnier","+43 660 77 39 500","FEHLER"))))))))))) -> #REF!
A31: =Heimspiele!C32 -> #REF! | B31: =Heimspiele!D32 -> #REF! | D31: =Heimspiele!F32 -> #REF! | E31: =Heimspiele!G32 -> #REF! | F31: Großfeld | G31: =IF(F31="Großfeld","Großfeld",IF(F31="U16","Großfeld",IF(F31="U15","Großfeld",IF(F31="U14","Großfeld",IF(F31="U13","75x55",IF(F31="U11/U12","55x40",IF(F31="U9/U10","40x25",IF(F31="U8","29x22","25x20")))))))) -> Großfeld | H31: =IF(F31="Großfeld","7,32x2,44",IF(F31="U16","7,32x2,44",IF(F31="U15","7,32x2,44",IF(F31="U14","7,32x2,44",IF(F31="U13","5x2",IF(F31="U11/U12","5x2",IF(F31="U9/U10","5x2","4 Minitore"))))))) -> 7,32x2,44 | I31: =IF(F31="Großfeld","5",IF(F31="U16","5",IF(F31="U15","5",IF(F31="U14","4",IF(F31="U13","4",IF(F31="U11/U12","4",IF(F31="U9/U10","4",IF(F31="U9","4","3")))))))) -> 5 | J31: =IF(A31="KM Neufeld","Pleninger Stefan",IF(A31="U16 LL","Josch Kögl",IF(A31="U15 LL Nord","Serdar Ekinci",IF(A31="U14 Nord","Gernot Servelda",IF(A31="U13 - Nord","Thomas Pöschl & Lenz Honc",IF(A31="U11 Nord D","Mario Magler&Ronny Archam",IF(A31="U9","Thomas Brandl&Daniel Hofbauer",IF(A31="U8","Berger Tobias&Sebastian Putric",IF(A31="U7","Türkes Ömer&Mahsumi Taha",IF(A31="Camp","Berger Dieter",IF(A31="Turnier","Berger Dieter","FEHLER"))))))))))) -> #REF! | K31: =IF(A31="KM Neufeld","+43 664 415 99 09",IF(A31="U16 LL","+43 650 262 82 63",IF(A31="U15 LL Nord","+43 650 701 02 44",IF(A31="U14 - Nord","+43 676 401 09 13",IF(A31="U13 - Nord","+43 677 613 55 114 & +43 664 114 43 52",IF(A31="U11 Nord D","+43 664 762 09 93 & +43 699 111 93 828",IF(A31="U9","+43 676 377 16 30 & +43 399 197 871 81",IF(A31="U8","+43 660 199 13 52 & +43 660 914 92 36",IF(A31="U7","+43 676 661 62 26 & +43 681 208 115 99",IF(A31="Camp","+43 660 77 39 500",IF(A31="Turnier","+43 660 77 39 500","FEHLER"))))))))))) -> #REF!
A32: =Heimspiele!C33 -> #REF! | B32: =Heimspiele!D33 -> #REF! | D32: =Heimspiele!F33 -> #REF! | E32: =Heimspiele!G33 -> #REF! | F32: Großfeld | G32: =IF(F32="Großfeld","Großfeld",IF(F32="U16","Großfeld",IF(F32="U15","Großfeld",IF(F32="U14","Großfeld",IF(F32="U13","75x55",IF(F32="U11/U12","55x40",IF(F32="U9/U10","40x25",IF(F32="U8","29x22","25x20")))))))) -> Großfeld | H32: =IF(F32="Großfeld","7,32x2,44",IF(F32="U16","7,32x2,44",IF(F32="U15","7,32x2,44",IF(F32="U14","7,32x2,44",IF(F32="U13","5x2",IF(F32="U11/U12","5x2",IF(F32="U9/U10","5x2","4 Minitore"))))))) -> 7,32x2,44 | I32: =IF(F32="Großfeld","5",IF(F32="U16","5",IF(F32="U15","5",IF(F32="U14","4",IF(F32="U13","4",IF(F32="U11/U12","4",IF(F32="U9/U10","4",IF(F32="U9","4","3")))))))) -> 5 | J32: =IF(A32="KM Neufeld","Pleninger Stefan",IF(A32="U16 LL","Josch Kögl",IF(A32="U15 LL Nord","Serdar Ekinci",IF(A32="U14 Nord","Gernot Servelda",IF(A32="U13 - Nord","Thomas Pöschl & Lenz Honc",IF(A32="U11 Nord D","Mario Magler&Ronny Archam",IF(A32="U9","Thomas Brandl&Daniel Hofbauer",IF(A32="U8","Berger Tobias&Sebastian Putric",IF(A32="U7","Türkes Ömer&Mahsumi Taha",IF(A32="Camp","Berger Dieter",IF(A32="Turnier","Berger Dieter","FEHLER"))))))))))) -> #REF! | K32: =IF(A32="KM Neufeld","+43 664 415 99 09",IF(A32="U16 LL","+43 650 262 82 63",IF(A32="U15 LL Nord","+43 650 701 02 44",IF(A32="U14 - Nord","+43 676 401 09 13",IF(A32="U13 - Nord","+43 677 613 55 114 & +43 664 114 43 52",IF(A32="U11 Nord D","+43 664 762 09 93 & +43 699 111 93 828",IF(A32="U9","+43 676 377 16 30 & +43 399 197 871 81",IF(A32="U8","+43 660 199 13 52 & +43 660 914 92 36",IF(A32="U7","+43 676 661 62 26 & +43 681 208 115 99",IF(A32="Camp","+43 660 77 39 500",IF(A32="Turnier","+43 660 77 39 500","FEHLER"))))))))))) -> #REF!
A33: =Heimspiele!C34 -> #REF! | B33: =Heimspiele!D34 -> #REF! | D33: =Heimspiele!F34 -> #REF! | E33: =Heimspiele!G34 -> #REF! | F33: Großfeld | G33: =IF(F33="Großfeld","Großfeld",IF(F33="U16","Großfeld",IF(F33="U15","Großfeld",IF(F33="U14","Großfeld",IF(F33="U13","75x55",IF(F33="U11/U12","55x40",IF(F33="U9/U10","40x25",IF(F33="U8","29x22","25x20")))))))) -> Großfeld | H33: =IF(F33="Großfeld","7,32x2,44",IF(F33="U16","7,32x2,44",IF(F33="U15","7,32x2,44",IF(F33="U14","7,32x2,44",IF(F33="U13","5x2",IF(F33="U11/U12","5x2",IF(F33="U9/U10","5x2","4 Minitore"))))))) -> 7,32x2,44 | I33: =IF(F33="Großfeld","5",IF(F33="U16","5",IF(F33="U15","5",IF(F33="U14","4",IF(F33="U13","4",IF(F33="U11/U12","4",IF(F33="U9/U10","4",IF(F33="U9","4","3")))))))) -> 5 | J33: =IF(A33="KM Neufeld","Pleninger Stefan",IF(A33="U16 LL","Josch Kögl",IF(A33="U15 LL Nord","Serdar Ekinci",IF(A33="U14 Nord","Gernot Servelda",IF(A33="U13 - Nord","Thomas Pöschl & Lenz Honc",IF(A33="U11 Nord D","Mario Magler&Ronny Archam",IF(A33="U9","Thomas Brandl&Daniel Hofbauer",IF(A33="U8","Berger Tobias&Sebastian Putric",IF(A33="U7","Türkes Ömer&Mahsumi Taha",IF(A33="Camp","Berger Dieter",IF(A33="Turnier","Berger Dieter","FEHLER"))))))))))) -> #REF! | K33: =IF(A33="KM Neufeld","+43 664 415 99 09",IF(A33="U16 LL","+43 650 262 82 63",IF(A33="U15 LL Nord","+43 650 701 02 44",IF(A33="U14 - Nord","+43 676 401 09 13",IF(A33="U13 - Nord","+43 677 613 55 114 & +43 664 114 43 52",IF(A33="U11 Nord D","+43 664 762 09 93 & +43 699 111 93 828",IF(A33="U9","+43 676 377 16 30 & +43 399 197 871 81",IF(A33="U8","+43 660 199 13 52 & +43 660 914 92 36",IF(A33="U7","+43 676 661 62 26 & +43 681 208 115 99",IF(A33="Camp","+43 660 77 39 500",IF(A33="Turnier","+43 660 77 39 500","FEHLER"))))))))))) -> #REF!
A34: =Heimspiele!C18 -> KM | B34: =Heimspiele!D18 -> 46270 | C34: =Heimspiele!E18 -> 0.6875 | D34: =Heimspiele!F18 -> Mönchhof | E34: =Heimspiele!G18 -> Mönchhof | F34: Großfeld | G34: =IF(F34="Großfeld","Großfeld",IF(F34="U16","Großfeld",IF(F34="U15","Großfeld",IF(F34="U14","Großfeld",IF(F34="U13","75x55",IF(F34="U11/U12","55x40",IF(F34="U9/U10","40x25",IF(F34="U8","29x22","25x20")))))))) -> Großfeld | H34: =IF(F34="Großfeld","7,32x2,44",IF(F34="U16","7,32x2,44",IF(F34="U15","7,32x2,44",IF(F34="U14","7,32x2,44",IF(F34="U13","5x2",IF(F34="U11/U12","5x2",IF(F34="U9/U10","5x2","4 Minitore"))))))) -> 7,32x2,44 | I34: =IF(F34="Großfeld","5",IF(F34="U16","5",IF(F34="U15","5",IF(F34="U14","4",IF(F34="U13","4",IF(F34="U11/U12","4",IF(F34="U9/U10","4",IF(F34="U9","4","3")))))))) -> 5 | J34: =IF(A34="KM Neufeld","Pleninger Stefan",IF(A34="U16 LL","Josch Kögl",IF(A34="U15 LL Nord","Serdar Ekinci",IF(A34="U14 Nord","Gernot Servelda",IF(A34="U13 Nord","Thomas Pöschl & Lenz Honc",IF(A34="U11 Nord D","Mario Magler&Ronny Archam",IF(A34="U9","Thomas Brandl&Daniel Hofbauer",IF(A34="U8","Berger Tobias&Sebastian Putric",IF(A34="U7","Türkes Ömer&Mahsumi Taha",IF(A34="Camp","Berger Dieter",IF(A34="Turnier","Berger Dieter","FEHLER"))))))))))) -> FEHLER | K34: =IF(A34="KM Neufeld","+43 664 415 99 09",IF(A34="U16 LL","+43 650 262 82 63",IF(A34="U15 LL Nord","+43 650 701 02 44",IF(A34="U14 Nord","+43 676 401 09 13",IF(A34="U13 Nord","+43 677 613 55 114 & +43 664 114 43 52",IF(A34="U11 Nord D","+43 664 762 09 93 & +43 699 111 93 828",IF(A34="U9","+43 676 377 16 30 & +43 399 197 871 81",IF(A34="U8","+43 660 199 13 52 & +43 660 914 92 36",IF(A34="U7","+43 676 661 62 26 & +43 681 208 115 99",IF(A34="Camp","+43 660 77 39 500",IF(A34="Turnier","+43 660 77 39 500","FEHLER"))))))))))) -> FEHLER
A35: =Heimspiele!C36 -> U14 | B35: =Heimspiele!D36 -> 46034 | D35: =Heimspiele!F36 -> 0 | E35: =Heimspiele!G36 -> 0 | F35: Großfeld | G35: =IF(F35="Großfeld","Großfeld",IF(F35="U16","Großfeld",IF(F35="U15","Großfeld",IF(F35="U14","Großfeld",IF(F35="U13","75x55",IF(F35="U11/U12","55x40",IF(F35="U9/U10","40x25",IF(F35="U8","29x22","25x20")))))))) -> Großfeld | H35: =IF(F35="Großfeld","7,32x2,44",IF(F35="U16","7,32x2,44",IF(F35="U15","7,32x2,44",IF(F35="U14","7,32x2,44",IF(F35="U13","5x2",IF(F35="U11/U12","5x2",IF(F35="U9/U10","5x2","4 Minitore"))))))) -> 7,32x2,44 | I35: =IF(F35="Großfeld","5",IF(F35="U16","5",IF(F35="U15","5",IF(F35="U14","4",IF(F35="U13","4",IF(F35="U11/U12","4",IF(F35="U9/U10","4",IF(F35="U9","4","3")))))))) -> 5 | J35: =IF(A35="KM Neufeld","Pleninger Stefan",IF(A35="U16 LL","Josch Kögl",IF(A35="U15 LL Nord","Serdar Ekinci",IF(A35="U14 Nord","Gernot Servelda",IF(A35="U13 - Nord","Thomas Pöschl & Lenz Honc",IF(A35="U11 Nord D","Mario Magler&Ronny Archam",IF(A35="U9","Thomas Brandl&Daniel Hofbauer",IF(A35="U8","Berger Tobias&Sebastian Putric",IF(A35="U7","Türkes Ömer&Mahsumi Taha",IF(A35="Camp","Berger Dieter",IF(A35="Turnier","Berger Dieter","FEHLER"))))))))))) -> FEHLER | K35: =IF(A35="KM Neufeld","+43 664 415 99 09",IF(A35="U16 LL","+43 650 262 82 63",IF(A35="U15 LL Nord","+43 650 701 02 44",IF(A35="U14 - Nord","+43 676 401 09 13",IF(A35="U13 - Nord","+43 677 613 55 114 & +43 664 114 43 52",IF(A35="U11 Nord D","+43 664 762 09 93 & +43 699 111 93 828",IF(A35="U9","+43 676 377 16 30 & +43 399 197 871 81",IF(A35="U8","+43 660 199 13 52 & +43 660 914 92 36",IF(A35="U7","+43 676 661 62 26 & +43 681 208 115 99",IF(A35="Camp","+43 660 77 39 500",IF(A35="Turnier","+43 660 77 39 500","FEHLER"))))))))))) -> FEHLER
A36: =Heimspiele!C37 -> U14 | B36: =Heimspiele!D37 -> 46035 | D36: =Heimspiele!F37 -> 0 | E36: =Heimspiele!G37 -> 0 | F36: Großfeld | G36: =IF(F36="Großfeld","Großfeld",IF(F36="U16","Großfeld",IF(F36="U15","Großfeld",IF(F36="U14","Großfeld",IF(F36="U13","75x55",IF(F36="U11/U12","55x40",IF(F36="U9/U10","40x25",IF(F36="U8","29x22","25x20")))))))) -> Großfeld | H36: =IF(F36="Großfeld","7,32x2,44",IF(F36="U16","7,32x2,44",IF(F36="U15","7,32x2,44",IF(F36="U14","7,32x2,44",IF(F36="U13","5x2",IF(F36="U11/U12","5x2",IF(F36="U9/U10","5x2","4 Minitore"))))))) -> 7,32x2,44 | I36: =IF(F36="Großfeld","5",IF(F36="U16","5",IF(F36="U15","5",IF(F36="U14","4",IF(F36="U13","4",IF(F36="U11/U12","4",IF(F36="U9/U10","4",IF(F36="U9","4","3")))))))) -> 5 | J36: =IF(A36="KM Neufeld","Pleninger Stefan",IF(A36="U16 LL","Josch Kögl",IF(A36="U15 LL Nord","Serdar Ekinci",IF(A36="U14 Nord","Gernot Servelda",IF(A36="U13 - Nord","Thomas Pöschl & Lenz Honc",IF(A36="U11 Nord D","Mario Magler&Ronny Archam",IF(A36="U9","Thomas Brandl&Daniel Hofbauer",IF(A36="U8","Berger Tobias&Sebastian Putric",IF(A36="U7","Türkes Ömer&Mahsumi Taha",IF(A36="Camp","Berger Dieter",IF(A36="Turnier","Berger Dieter","FEHLER"))))))))))) -> FEHLER | K36: =IF(A36="KM Neufeld","+43 664 415 99 09",IF(A36="U16 LL","+43 650 262 82 63",IF(A36="U15 LL Nord","+43 650 701 02 44",IF(A36="U14 - Nord","+43 676 401 09 13",IF(A36="U13 - Nord","+43 677 613 55 114 & +43 664 114 43 52",IF(A36="U11 Nord D","+43 664 762 09 93 & +43 699 111 93 828",IF(A36="U9","+43 676 377 16 30 & +43 399 197 871 81",IF(A36="U8","+43 660 199 13 52 & +43 660 914 92 36",IF(A36="U7","+43 676 661 62 26 & +43 681 208 115 99",IF(A36="Camp","+43 660 77 39 500",IF(A36="Turnier","+43 660 77 39 500","FEHLER"))))))))))) -> FEHLER
A37: =Heimspiele!C24 -> U9 | B37: =Heimspiele!D24 -> 46078 | C37: =Heimspiele!E24 -> 0 | D37: =Heimspiele!F24 -> 0 | E37: =Heimspiele!G24 -> 0 | F37: U9/U10 | G37: =IF(F37="Großfeld","Großfeld",IF(F37="U16","Großfeld",IF(F37="U15","Großfeld",IF(F37="U14","Großfeld",IF(F37="U13","75x55",IF(F37="U11/U12","55x40",IF(F37="U9/U10","40x25",IF(F37="U8","29x22","25x20")))))))) -> 40x25 | H37: =IF(F37="Großfeld","7,32x2,44",IF(F37="U16","7,32x2,44",IF(F37="U15","7,32x2,44",IF(F37="U14","7,32x2,44",IF(F37="U13","5x2",IF(F37="U11/U12","5x2",IF(F37="U9/U10","5x2","4 Minitore"))))))) -> 5x2 | I37: =IF(F37="Großfeld","5",IF(F37="U16","5",IF(F37="U15","5",IF(F37="U14","4",IF(F37="U13","4",IF(F37="U11/U12","4",IF(F37="U9/U10","4",IF(F37="U9","4","3")))))))) -> 4 | J37: =IF(A37="KM Neufeld","Pleninger Stefan",IF(A37="U16 LL","Josch Kögl",IF(A37="U15 LL Nord","Serdar Ekinci",IF(A37="U14 Nord","Gernot Servelda",IF(A37="U13 Nord","Thomas Pöschl & Lenz Honc",IF(A37="U11 Nord D","Mario Magler&Ronny Archam",IF(A37="U9","Thomas Brandl&Daniel Hofbauer",IF(A37="U8","Berger Tobias&Sebastian Putric",IF(A37="U7","Türkes Ömer&Mahsumi Taha",IF(A37="Camp","Berger Dieter",IF(A37="Turnier","Berger Dieter","FEHLER"))))))))))) -> Thomas Brandl&Daniel Hofbauer | K37: =IF(A37="KM Neufeld","+43 664 415 99 09",IF(A37="U16 LL","+43 650 262 82 63",IF(A37="U15 LL Nord","+43 650 701 02 44",IF(A37="U14 Nord","+43 676 401 09 13",IF(A37="U13 Nord","+43 677 613 55 114 & +43 664 114 43 52",IF(A37="U11 Nord D","+43 664 762 09 93 & +43 699 111 93 828",IF(A37="U9","+43 676 377 16 30 & +43 399 197 871 81",IF(A37="U8","+43 660 199 13 52 & +43 660 914 92 36",IF(A37="U7","+43 676 661 62 26 & +43 681 208 115 99",IF(A37="Camp","+43 660 77 39 500",IF(A37="Turnier","+43 660 77 39 500","FEHLER"))))))))))) -> +43 676 377 16 30 & +43 399 197 871 81
A38: =Heimspiele!C39 -> #REF! | B38: =Heimspiele!D39 -> #REF! | D38: =Heimspiele!F39 -> #REF! | E38: =Heimspiele!G39 -> #REF! | F38: Großfeld | G38: =IF(F38="Großfeld","Großfeld",IF(F38="U16","Großfeld",IF(F38="U15","Großfeld",IF(F38="U14","Großfeld",IF(F38="U13","75x55",IF(F38="U11/U12","55x40",IF(F38="U9/U10","40x25",IF(F38="U8","29x22","25x20")))))))) -> Großfeld | H38: =IF(F38="Großfeld","7,32x2,44",IF(F38="U16","7,32x2,44",IF(F38="U15","7,32x2,44",IF(F38="U14","7,32x2,44",IF(F38="U13","5x2",IF(F38="U11/U12","5x2",IF(F38="U9/U10","5x2","4 Minitore"))))))) -> 7,32x2,44 | I38: =IF(F38="Großfeld","5",IF(F38="U16","5",IF(F38="U15","5",IF(F38="U14","4",IF(F38="U13","4",IF(F38="U11/U12","4",IF(F38="U9/U10","4",IF(F38="U9","4","3")))))))) -> 5 | J38: =IF(A38="KM Neufeld","Pleninger Stefan",IF(A38="U16 LL","Josch Kögl",IF(A38="U15 LL Nord","Serdar Ekinci",IF(A38="U14 Nord","Gernot Servelda",IF(A38="U13 - Nord","Thomas Pöschl & Lenz Honc",IF(A38="U11 Nord D","Mario Magler&Ronny Archam",IF(A38="U9","Thomas Brandl&Daniel Hofbauer",IF(A38="U8","Berger Tobias&Sebastian Putric",IF(A38="U7","Türkes Ömer&Mahsumi Taha",IF(A38="Camp","Berger Dieter",IF(A38="Turnier","Berger Dieter","FEHLER"))))))))))) -> #REF! | K38: =IF(A38="KM Neufeld","+43 664 415 99 09",IF(A38="U16 LL","+43 650 262 82 63",IF(A38="U15 LL Nord","+43 650 701 02 44",IF(A38="U14 - Nord","+43 676 401 09 13",IF(A38="U13 - Nord","+43 677 613 55 114 & +43 664 114 43 52",IF(A38="U11 Nord D","+43 664 762 09 93 & +43 699 111 93 828",IF(A38="U9","+43 676 377 16 30 & +43 399 197 871 81",IF(A38="U8","+43 660 199 13 52 & +43 660 914 92 36",IF(A38="U7","+43 676 661 62 26 & +43 681 208 115 99",IF(A38="Camp","+43 660 77 39 500",IF(A38="Turnier","+43 660 77 39 500","FEHLER"))))))))))) -> #REF!
A39: =Heimspiele!C40 -> U14 | B39: =Heimspiele!D40 -> 46037 | D39: =Heimspiele!F40 -> 0 | E39: =Heimspiele!G40 -> 0 | F39: Großfeld | G39: =IF(F39="Großfeld","Großfeld",IF(F39="U16","Großfeld",IF(F39="U15","Großfeld",IF(F39="U14","Großfeld",IF(F39="U13","75x55",IF(F39="U11/U12","55x40",IF(F39="U9/U10","40x25",IF(F39="U8","29x22","25x20")))))))) -> Großfeld | H39: =IF(F39="Großfeld","7,32x2,44",IF(F39="U16","7,32x2,44",IF(F39="U15","7,32x2,44",IF(F39="U14","7,32x2,44",IF(F39="U13","5x2",IF(F39="U11/U12","5x2",IF(F39="U9/U10","5x2","4 Minitore"))))))) -> 7,32x2,44 | I39: =IF(F39="Großfeld","5",IF(F39="U16","5",IF(F39="U15","5",IF(F39="U14","4",IF(F39="U13","4",IF(F39="U11/U12","4",IF(F39="U9/U10","4",IF(F39="U9","4","3")))))))) -> 5 | J39: =IF(A39="KM Neufeld","Pleninger Stefan",IF(A39="U16 LL","Josch Kögl",IF(A39="U15 LL Nord","Serdar Ekinci",IF(A39="U14 Nord","Gernot Servelda",IF(A39="U13 - Nord","Thomas Pöschl & Lenz Honc",IF(A39="U11 Nord D","Mario Magler&Ronny Archam",IF(A39="U9","Thomas Brandl&Daniel Hofbauer",IF(A39="U8","Berger Tobias&Sebastian Putric",IF(A39="U7","Türkes Ömer&Mahsumi Taha",IF(A39="Camp","Berger Dieter",IF(A39="Turnier","Berger Dieter","FEHLER"))))))))))) -> FEHLER | K39: =IF(A39="KM Neufeld","+43 664 415 99 09",IF(A39="U16 LL","+43 650 262 82 63",IF(A39="U15 LL Nord","+43 650 701 02 44",IF(A39="U14 - Nord","+43 676 401 09 13",IF(A39="U13 - Nord","+43 677 613 55 114 & +43 664 114 43 52",IF(A39="U11 Nord D","+43 664 762 09 93 & +43 699 111 93 828",IF(A39="U9","+43 676 377 16 30 & +43 399 197 871 81",IF(A39="U8","+43 660 199 13 52 & +43 660 914 92 36",IF(A39="U7","+43 676 661 62 26 & +43 681 208 115 99",IF(A39="Camp","+43 660 77 39 500",IF(A39="Turnier","+43 660 77 39 500","FEHLER"))))))))))) -> FEHLER
A40: =Heimspiele!C26 -> U8 | B40: =Heimspiele!D26 -> 46088 | C40: =Heimspiele!E26 -> 0 | D40: =Heimspiele!F26 -> 0 | E40: =Heimspiele!G26 -> 0 | F40: U8 | G40: =IF(F40="Großfeld","Großfeld",IF(F40="U16","Großfeld",IF(F40="U15","Großfeld",IF(F40="U14","Großfeld",IF(F40="U13","75x55",IF(F40="U11/U12","55x40",IF(F40="U9/U10","40x25",IF(F40="U8","29x22","25x20")))))))) -> 29x22 | H40: =IF(F40="Großfeld","7,32x2,44",IF(F40="U16","7,32x2,44",IF(F40="U15","7,32x2,44",IF(F40="U14","7,32x2,44",IF(F40="U13","5x2",IF(F40="U11/U12","5x2",IF(F40="U9/U10","5x2","4 Minitore"))))))) -> 4 Minitore | I40: =IF(F40="Großfeld","5",IF(F40="U16","5",IF(F40="U15","5",IF(F40="U14","4",IF(F40="U13","4",IF(F40="U11/U12","4",IF(F40="U9/U10","4",IF(F40="U9","4","3")))))))) -> 3 | J40: =IF(A40="KM Neufeld","Pleninger Stefan",IF(A40="U16 LL","Josch Kögl",IF(A40="U15 LL Nord","Serdar Ekinci",IF(A40="U14 Nord","Gernot Servelda",IF(A40="U13 Nord","Thomas Pöschl & Lenz Honc",IF(A40="U11 Nord D","Mario Magler&Ronny Archam",IF(A40="U9","Thomas Brandl&Daniel Hofbauer",IF(A40="U8","Berger Tobias&Sebastian Putric",IF(A40="U7","Türkes Ömer&Mahsumi Taha",IF(A40="Camp","Berger Dieter",IF(A40="Turnier","Berger Dieter","FEHLER"))))))))))) -> Berger Tobias&Sebastian Putric | K40: =IF(A40="KM Neufeld","+43 664 415 99 09",IF(A40="U16 LL","+43 650 262 82 63",IF(A40="U15 LL Nord","+43 650 701 02 44",IF(A40="U14 Nord","+43 676 401 09 13",IF(A40="U13 Nord","+43 677 613 55 114 & +43 664 114 43 52",IF(A40="U11 Nord D","+43 664 762 09 93 & +43 699 111 93 828",IF(A40="U9","+43 676 377 16 30 & +43 399 197 871 81",IF(A40="U8","+43 660 199 13 52 & +43 660 914 92 36",IF(A40="U7","+43 676 661 62 26 & +43 681 208 115 99",IF(A40="Camp","+43 660 77 39 500",IF(A40="Turnier","+43 660 77 39 500","FEHLER"))))))))))) -> +43 660 199 13 52 & +43 660 914 92 36
A41: =Heimspiele!C29 -> U7 | B41: =Heimspiele!D29 -> 46093 | C41: =Heimspiele!E29 -> 0 | D41: =Heimspiele!F29 -> 0 | E41: =Heimspiele!G29 -> 0 | F41: U7 | G41: =IF(F41="Großfeld","Großfeld",IF(F41="U16","Großfeld",IF(F41="U15","Großfeld",IF(F41="U14","Großfeld",IF(F41="U13","75x55",IF(F41="U11/U12","55x40",IF(F41="U9/U10","40x25",IF(F41="U8","29x22","25x20")))))))) -> 25x20 | H41: =IF(F41="Großfeld","7,32x2,44",IF(F41="U16","7,32x2,44",IF(F41="U15","7,32x2,44",IF(F41="U14","7,32x2,44",IF(F41="U13","5x2",IF(F41="U11/U12","5x2",IF(F41="U9/U10","5x2","4 Minitore"))))))) -> 4 Minitore | I41: =IF(F41="Großfeld","5",IF(F41="U16","5",IF(F41="U15","5",IF(F41="U14","4",IF(F41="U13","4",IF(F41="U11/U12","4",IF(F41="U9/U10","4",IF(F41="U9","4","3")))))))) -> 3 | J41: =IF(A41="KM Neufeld","Pleninger Stefan",IF(A41="U16 LL","Josch Kögl",IF(A41="U15 LL Nord","Serdar Ekinci",IF(A41="U14 Nord","Gernot Servelda",IF(A41="U13 Nord","Thomas Pöschl & Lenz Honc",IF(A41="U11 Nord D","Mario Magler&Ronny Archam",IF(A41="U9","Thomas Brandl&Daniel Hofbauer",IF(A41="U8","Berger Tobias&Sebastian Putric",IF(A41="U7","Türkes Ömer&Mahsumi Taha",IF(A41="Camp","Berger Dieter",IF(A41="Turnier","Berger Dieter","FEHLER"))))))))))) -> Türkes Ömer&Mahsumi Taha | K41: =IF(A41="KM Neufeld","+43 664 415 99 09",IF(A41="U16 LL","+43 650 262 82 63",IF(A41="U15 LL Nord","+43 650 701 02 44",IF(A41="U14 Nord","+43 676 401 09 13",IF(A41="U13 Nord","+43 677 613 55 114 & +43 664 114 43 52",IF(A41="U11 Nord D","+43 664 762 09 93 & +43 699 111 93 828",IF(A41="U9","+43 676 377 16 30 & +43 399 197 871 81",IF(A41="U8","+43 660 199 13 52 & +43 660 914 92 36",IF(A41="U7","+43 676 661 62 26 & +43 681 208 115 99",IF(A41="Camp","+43 660 77 39 500",IF(A41="Turnier","+43 660 77 39 500","FEHLER"))))))))))) -> +43 676 661 62 26 & +43 681 208 115 99
A42: =Heimspiele!C43 -> U14 | B42: =Heimspiele!D43 -> 46042 | D42: =Heimspiele!F43 -> 0 | E42: =Heimspiele!G43 -> 0 | F42: Großfeld | G42: =IF(F42="Großfeld","Großfeld",IF(F42="U16","Großfeld",IF(F42="U15","Großfeld",IF(F42="U14","Großfeld",IF(F42="U13","75x55",IF(F42="U11/U12","55x40",IF(F42="U9/U10","40x25",IF(F42="U8","29x22","25x20")))))))) -> Großfeld | H42: =IF(F42="Großfeld","7,32x2,44",IF(F42="U16","7,32x2,44",IF(F42="U15","7,32x2,44",IF(F42="U14","7,32x2,44",IF(F42="U13","5x2",IF(F42="U11/U12","5x2",IF(F42="U9/U10","5x2","4 Minitore"))))))) -> 7,32x2,44 | I42: =IF(F42="Großfeld","5",IF(F42="U16","5",IF(F42="U15","5",IF(F42="U14","4",IF(F42="U13","4",IF(F42="U11/U12","4",IF(F42="U9/U10","4",IF(F42="U9","4","3")))))))) -> 5 | J42: =IF(A42="KM Neufeld","Pleninger Stefan",IF(A42="U16 LL","Josch Kögl",IF(A42="U15 LL Nord","Serdar Ekinci",IF(A42="U14 Nord","Gernot Servelda",IF(A42="U13 - Nord","Thomas Pöschl & Lenz Honc",IF(A42="U11 Nord D","Mario Magler&Ronny Archam",IF(A42="U9","Thomas Brandl&Daniel Hofbauer",IF(A42="U8","Berger Tobias&Sebastian Putric",IF(A42="U7","Türkes Ömer&Mahsumi Taha",IF(A42="Camp","Berger Dieter",IF(A42="Turnier","Berger Dieter","FEHLER"))))))))))) -> FEHLER | K42: =IF(A42="KM Neufeld","+43 664 415 99 09",IF(A42="U16 LL","+43 650 262 82 63",IF(A42="U15 LL Nord","+43 650 701 02 44",IF(A42="U14 - Nord","+43 676 401 09 13",IF(A42="U13 - Nord","+43 677 613 55 114 & +43 664 114 43 52",IF(A42="U11 Nord D","+43 664 762 09 93 & +43 699 111 93 828",IF(A42="U9","+43 676 377 16 30 & +43 399 197 871 81",IF(A42="U8","+43 660 199 13 52 & +43 660 914 92 36",IF(A42="U7","+43 676 661 62 26 & +43 681 208 115 99",IF(A42="Camp","+43 660 77 39 500",IF(A42="Turnier","+43 660 77 39 500","FEHLER"))))))))))) -> FEHLER
A43: =Heimspiele!C35 -> U11 | B43: =Heimspiele!D35 -> 46064 | C43: =Heimspiele!E35 -> 0 | D43: =Heimspiele!F35 -> 0 | E43: =Heimspiele!G35 -> 0 | F43: U11/U12 | G43: =IF(F43="Großfeld","Großfeld",IF(F43="U16","Großfeld",IF(F43="U15","Großfeld",IF(F43="U14","Großfeld",IF(F43="U13","75x55",IF(F43="U11/U12","55x40",IF(F43="U9/U10","40x25",IF(F43="U8","29x22","25x20")))))))) -> 55x40 | H43: =IF(F43="Großfeld","7,32x2,44",IF(F43="U16","7,32x2,44",IF(F43="U15","7,32x2,44",IF(F43="U14","7,32x2,44",IF(F43="U13","5x2",IF(F43="U11/U12","5x2",IF(F43="U9/U10","5x2","4 Minitore"))))))) -> 5x2 | I43: =IF(F43="Großfeld","5",IF(F43="U16","5",IF(F43="U15","5",IF(F43="U14","4",IF(F43="U13","4",IF(F43="U11/U12","4",IF(F43="U9/U10","4",IF(F43="U9","4","3")))))))) -> 4 | J43: =IF(A43="KM Neufeld","Pleninger Stefan",IF(A43="U16 LL","Josch Kögl",IF(A43="U15 LL Nord","Serdar Ekinci",IF(A43="U14 Nord","Gernot Servelda",IF(A43="U13 Nord","Thomas Pöschl & Lenz Honc",IF(A43="U11 Nord D","Mario Magler&Ronny Archam",IF(A43="U9","Thomas Brandl&Daniel Hofbauer",IF(A43="U8","Berger Tobias&Sebastian Putric",IF(A43="U7","Türkes Ömer&Mahsumi Taha",IF(A43="Camp","Berger Dieter",IF(A43="Turnier","Berger Dieter","FEHLER"))))))))))) -> FEHLER | K43: =IF(A43="KM Neufeld","+43 664 415 99 09",IF(A43="U16 LL","+43 650 262 82 63",IF(A43="U15 LL Nord","+43 650 701 02 44",IF(A43="U14 Nord","+43 676 401 09 13",IF(A43="U13 Nord","+43 677 613 55 114 & +43 664 114 43 52",IF(A43="U11 Nord D","+43 664 762 09 93 & +43 699 111 93 828",IF(A43="U9","+43 676 377 16 30 & +43 399 197 871 81",IF(A43="U8","+43 660 199 13 52 & +43 660 914 92 36",IF(A43="U7","+43 676 661 62 26 & +43 681 208 115 99",IF(A43="Camp","+43 660 77 39 500",IF(A43="Turnier","+43 660 77 39 500","FEHLER"))))))))))) -> FEHLER
A44: =Heimspiele!C38 -> #REF! | B44: =Heimspiele!D38 -> #REF! | C44: =Heimspiele!E38 -> #REF! | D44: =Heimspiele!F38 -> #REF! | E44: =Heimspiele!G38 -> #REF! | F44: U15 | G44: =IF(F44="Großfeld","Großfeld",IF(F44="U16","Großfeld",IF(F44="U15","Großfeld",IF(F44="U14","Großfeld",IF(F44="U13","75x55",IF(F44="U11/U12","55x40",IF(F44="U9/U10","40x25",IF(F44="U8","29x22","25x20")))))))) -> Großfeld | H44: =IF(F44="Großfeld","7,32x2,44",IF(F44="U16","7,32x2,44",IF(F44="U15","7,32x2,44",IF(F44="U14","7,32x2,44",IF(F44="U13","5x2",IF(F44="U11/U12","5x2",IF(F44="U9/U10","5x2","4 Minitore"))))))) -> 7,32x2,44 | I44: =IF(F44="Großfeld","5",IF(F44="U16","5",IF(F44="U15","5",IF(F44="U14","4",IF(F44="U13","4",IF(F44="U11/U12","4",IF(F44="U9/U10","4",IF(F44="U9","4","3")))))))) -> 5 | J44: =IF(A44="KM Neufeld","Pleninger Stefan",IF(A44="U16 LL","Josch Kögl",IF(A44="U15 LL Nord","Serdar Ekinci",IF(A44="U14 Nord","Gernot Servelda",IF(A44="U13 Nord","Thomas Pöschl & Lenz Honc",IF(A44="U11 Nord D","Mario Magler&Ronny Archam",IF(A44="U9","Thomas Brandl&Daniel Hofbauer",IF(A44="U8","Berger Tobias&Sebastian Putric",IF(A44="U7","Türkes Ömer&Mahsumi Taha",IF(A44="Camp","Berger Dieter",IF(A44="Turnier","Berger Dieter","FEHLER"))))))))))) -> #REF! | K44: =IF(A44="KM Neufeld","+43 664 415 99 09",IF(A44="U16 LL","+43 650 262 82 63",IF(A44="U15 LL Nord","+43 650 701 02 44",IF(A44="U14 Nord","+43 676 401 09 13",IF(A44="U13 Nord","+43 677 613 55 114 & +43 664 114 43 52",IF(A44="U11 Nord D","+43 664 762 09 93 & +43 699 111 93 828",IF(A44="U9","+43 676 377 16 30 & +43 399 197 871 81",IF(A44="U8","+43 660 199 13 52 & +43 660 914 92 36",IF(A44="U7","+43 676 661 62 26 & +43 681 208 115 99",IF(A44="Camp","+43 660 77 39 500",IF(A44="Turnier","+43 660 77 39 500","FEHLER"))))))))))) -> #REF!
A45: =Heimspiele!C46 -> #REF! | B45: =Heimspiele!D46 -> #REF! | D45: =Heimspiele!F46 -> #REF! | E45: =Heimspiele!G46 -> #REF! | F45: Großfeld | G45: =IF(F45="Großfeld","Großfeld",IF(F45="U16","Großfeld",IF(F45="U15","Großfeld",IF(F45="U14","Großfeld",IF(F45="U13","75x55",IF(F45="U11/U12","55x40",IF(F45="U9/U10","40x25",IF(F45="U8","29x22","25x20")))))))) -> Großfeld | H45: =IF(F45="Großfeld","7,32x2,44",IF(F45="U16","7,32x2,44",IF(F45="U15","7,32x2,44",IF(F45="U14","7,32x2,44",IF(F45="U13","5x2",IF(F45="U11/U12","5x2",IF(F45="U9/U10","5x2","4 Minitore"))))))) -> 7,32x2,44 | I45: =IF(F45="Großfeld","5",IF(F45="U16","5",IF(F45="U15","5",IF(F45="U14","4",IF(F45="U13","4",IF(F45="U11/U12","4",IF(F45="U9/U10","4",IF(F45="U9","4","3")))))))) -> 5 | J45: =IF(A45="KM Neufeld","Pleninger Stefan",IF(A45="U16 LL","Josch Kögl",IF(A45="U15 LL Nord","Serdar Ekinci",IF(A45="U14 Nord","Gernot Servelda",IF(A45="U13 - Nord","Thomas Pöschl & Lenz Honc",IF(A45="U11 Nord D","Mario Magler&Ronny Archam",IF(A45="U9","Thomas Brandl&Daniel Hofbauer",IF(A45="U8","Berger Tobias&Sebastian Putric",IF(A45="U7","Türkes Ömer&Mahsumi Taha",IF(A45="Camp","Berger Dieter",IF(A45="Turnier","Berger Dieter","FEHLER"))))))))))) -> #REF! | K45: =IF(A45="KM Neufeld","+43 664 415 99 09",IF(A45="U16 LL","+43 650 262 82 63",IF(A45="U15 LL Nord","+43 650 701 02 44",IF(A45="U14 - Nord","+43 676 401 09 13",IF(A45="U13 - Nord","+43 677 613 55 114 & +43 664 114 43 52",IF(A45="U11 Nord D","+43 664 762 09 93 & +43 699 111 93 828",IF(A45="U9","+43 676 377 16 30 & +43 399 197 871 81",IF(A45="U8","+43 660 199 13 52 & +43 660 914 92 36",IF(A45="U7","+43 676 661 62 26 & +43 681 208 115 99",IF(A45="Camp","+43 660 77 39 500",IF(A45="Turnier","+43 660 77 39 500","FEHLER"))))))))))) -> #REF!
A46: =Heimspiele!C47 -> U12_1 | B46: =Heimspiele!D47 -> 46044 | D46: =Heimspiele!F47 -> 0 | E46: =Heimspiele!G47 -> 0 | F46: Großfeld | G46: =IF(F46="Großfeld","Großfeld",IF(F46="U16","Großfeld",IF(F46="U15","Großfeld",IF(F46="U14","Großfeld",IF(F46="U13","75x55",IF(F46="U11/U12","55x40",IF(F46="U9/U10","40x25",IF(F46="U8","29x22","25x20")))))))) -> Großfeld | H46: =IF(F46="Großfeld","7,32x2,44",IF(F46="U16","7,32x2,44",IF(F46="U15","7,32x2,44",IF(F46="U14","7,32x2,44",IF(F46="U13","5x2",IF(F46="U11/U12","5x2",IF(F46="U9/U10","5x2","4 Minitore"))))))) -> 7,32x2,44 | I46: =IF(F46="Großfeld","5",IF(F46="U16","5",IF(F46="U15","5",IF(F46="U14","4",IF(F46="U13","4",IF(F46="U11/U12","4",IF(F46="U9/U10","4",IF(F46="U9","4","3")))))))) -> 5 | J46: =IF(A46="KM Neufeld","Pleninger Stefan",IF(A46="U16 LL","Josch Kögl",IF(A46="U15 LL Nord","Serdar Ekinci",IF(A46="U14 Nord","Gernot Servelda",IF(A46="U13 - Nord","Thomas Pöschl & Lenz Honc",IF(A46="U11 Nord D","Mario Magler&Ronny Archam",IF(A46="U9","Thomas Brandl&Daniel Hofbauer",IF(A46="U8","Berger Tobias&Sebastian Putric",IF(A46="U7","Türkes Ömer&Mahsumi Taha",IF(A46="Camp","Berger Dieter",IF(A46="Turnier","Berger Dieter","FEHLER"))))))))))) -> FEHLER | K46: =IF(A46="KM Neufeld","+43 664 415 99 09",IF(A46="U16 LL","+43 650 262 82 63",IF(A46="U15 LL Nord","+43 650 701 02 44",IF(A46="U14 - Nord","+43 676 401 09 13",IF(A46="U13 - Nord","+43 677 613 55 114 & +43 664 114 43 52",IF(A46="U11 Nord D","+43 664 762 09 93 & +43 699 111 93 828",IF(A46="U9","+43 676 377 16 30 & +43 399 197 871 81",IF(A46="U8","+43 660 199 13 52 & +43 660 914 92 36",IF(A46="U7","+43 676 661 62 26 & +43 681 208 115 99",IF(A46="Camp","+43 660 77 39 500",IF(A46="Turnier","+43 660 77 39 500","FEHLER"))))))))))) -> FEHLER
A47: =Heimspiele!C41 -> KM | B47: =Heimspiele!D41 -> 46284 | C47: =Heimspiele!E41 -> 0.66666667 | D47: =Heimspiele!F41 -> Gattendorf | E47: =Heimspiele!G41 -> Gattendorf | F47: Großfeld | G47: =IF(F47="Großfeld","Großfeld",IF(F47="U16","Großfeld",IF(F47="U15","Großfeld",IF(F47="U14","Großfeld",IF(F47="U13","75x55",IF(F47="U11/U12","55x40",IF(F47="U9/U10","40x25",IF(F47="U8","29x22","25x20")))))))) -> Großfeld | H47: =IF(F47="Großfeld","7,32x2,44",IF(F47="U16","7,32x2,44",IF(F47="U15","7,32x2,44",IF(F47="U14","7,32x2,44",IF(F47="U13","5x2",IF(F47="U11/U12","5x2",IF(F47="U9/U10","5x2","4 Minitore"))))))) -> 7,32x2,44 | I47: =IF(F47="Großfeld","5",IF(F47="U16","5",IF(F47="U15","5",IF(F47="U14","4",IF(F47="U13","4",IF(F47="U11/U12","4",IF(F47="U9/U10","4",IF(F47="U9","4","3")))))))) -> 5 | J47: =IF(A47="KM Neufeld","Pleninger Stefan",IF(A47="U16 LL","Josch Kögl",IF(A47="U15 LL Nord","Serdar Ekinci",IF(A47="U14 Nord","Gernot Servelda",IF(A47="U13 Nord","Thomas Pöschl & Lenz Honc",IF(A47="U11 Nord D","Mario Magler&Ronny Archam",IF(A47="U9","Thomas Brandl&Daniel Hofbauer",IF(A47="U8","Berger Tobias&Sebastian Putric",IF(A47="U7","Türkes Ömer&Mahsumi Taha",IF(A47="Camp","Berger Dieter",IF(A47="Turnier","Berger Dieter","FEHLER"))))))))))) -> FEHLER | K47: =IF(A47="KM Neufeld","+43 664 415 99 09",IF(A47="U16 LL","+43 650 262 82 63",IF(A47="U15 LL Nord","+43 650 701 02 44",IF(A47="U14 Nord","+43 676 401 09 13",IF(A47="U13 Nord","+43 677 613 55 114 & +43 664 114 43 52",IF(A47="U11 Nord D","+43 664 762 09 93 & +43 699 111 93 828",IF(A47="U9","+43 676 377 16 30 & +43 399 197 871 81",IF(A47="U8","+43 660 199 13 52 & +43 660 914 92 36",IF(A47="U7","+43 676 661 62 26 & +43 681 208 115 99",IF(A47="Camp","+43 660 77 39 500",IF(A47="Turnier","+43 660 77 39 500","FEHLER"))))))))))) -> FEHLER
A48: =Heimspiele!C49 -> U12_1 | B48: =Heimspiele!D49 -> 46046 | D48: =Heimspiele!F49 -> 0 | E48: =Heimspiele!G49 -> 0 | F48: Großfeld | G48: =IF(F48="Großfeld","Großfeld",IF(F48="U16","Großfeld",IF(F48="U15","Großfeld",IF(F48="U14","Großfeld",IF(F48="U13","75x55",IF(F48="U11/U12","55x40",IF(F48="U9/U10","40x25",IF(F48="U8","29x22","25x20")))))))) -> Großfeld | H48: =IF(F48="Großfeld","7,32x2,44",IF(F48="U16","7,32x2,44",IF(F48="U15","7,32x2,44",IF(F48="U14","7,32x2,44",IF(F48="U13","5x2",IF(F48="U11/U12","5x2",IF(F48="U9/U10","5x2","4 Minitore"))))))) -> 7,32x2,44 | I48: =IF(F48="Großfeld","5",IF(F48="U16","5",IF(F48="U15","5",IF(F48="U14","4",IF(F48="U13","4",IF(F48="U11/U12","4",IF(F48="U9/U10","4",IF(F48="U9","4","3")))))))) -> 5 | J48: =IF(A48="KM Neufeld","Pleninger Stefan",IF(A48="U16 LL","Josch Kögl",IF(A48="U15 LL Nord","Serdar Ekinci",IF(A48="U14 Nord","Gernot Servelda",IF(A48="U13 - Nord","Thomas Pöschl & Lenz Honc",IF(A48="U11 Nord D","Mario Magler&Ronny Archam",IF(A48="U9","Thomas Brandl&Daniel Hofbauer",IF(A48="U8","Berger Tobias&Sebastian Putric",IF(A48="U7","Türkes Ömer&Mahsumi Taha",IF(A48="Camp","Berger Dieter",IF(A48="Turnier","Berger Dieter","FEHLER"))))))))))) -> FEHLER | K48: =IF(A48="KM Neufeld","+43 664 415 99 09",IF(A48="U16 LL","+43 650 262 82 63",IF(A48="U15 LL Nord","+43 650 701 02 44",IF(A48="U14 - Nord","+43 676 401 09 13",IF(A48="U13 - Nord","+43 677 613 55 114 & +43 664 114 43 52",IF(A48="U11 Nord D","+43 664 762 09 93 & +43 699 111 93 828",IF(A48="U9","+43 676 377 16 30 & +43 399 197 871 81",IF(A48="U8","+43 660 199 13 52 & +43 660 914 92 36",IF(A48="U7","+43 676 661 62 26 & +43 681 208 115 99",IF(A48="Camp","+43 660 77 39 500",IF(A48="Turnier","+43 660 77 39 500","FEHLER"))))))))))) -> FEHLER
A49: =Heimspiele!C50 -> U12_1 | B49: =Heimspiele!D50 -> 46047 | D49: =Heimspiele!F50 -> 0 | E49: =Heimspiele!G50 -> 0 | F49: Großfeld | G49: =IF(F49="Großfeld","Großfeld",IF(F49="U16","Großfeld",IF(F49="U15","Großfeld",IF(F49="U14","Großfeld",IF(F49="U13","75x55",IF(F49="U11/U12","55x40",IF(F49="U9/U10","40x25",IF(F49="U8","29x22","25x20")))))))) -> Großfeld | H49: =IF(F49="Großfeld","7,32x2,44",IF(F49="U16","7,32x2,44",IF(F49="U15","7,32x2,44",IF(F49="U14","7,32x2,44",IF(F49="U13","5x2",IF(F49="U11/U12","5x2",IF(F49="U9/U10","5x2","4 Minitore"))))))) -> 7,32x2,44 | I49: =IF(F49="Großfeld","5",IF(F49="U16","5",IF(F49="U15","5",IF(F49="U14","4",IF(F49="U13","4",IF(F49="U11/U12","4",IF(F49="U9/U10","4",IF(F49="U9","4","3")))))))) -> 5 | J49: =IF(A49="KM Neufeld","Pleninger Stefan",IF(A49="U16 LL","Josch Kögl",IF(A49="U15 LL Nord","Serdar Ekinci",IF(A49="U14 Nord","Gernot Servelda",IF(A49="U13 - Nord","Thomas Pöschl & Lenz Honc",IF(A49="U11 Nord D","Mario Magler&Ronny Archam",IF(A49="U9","Thomas Brandl&Daniel Hofbauer",IF(A49="U8","Berger Tobias&Sebastian Putric",IF(A49="U7","Türkes Ömer&Mahsumi Taha",IF(A49="Camp","Berger Dieter",IF(A49="Turnier","Berger Dieter","FEHLER"))))))))))) -> FEHLER | K49: =IF(A49="KM Neufeld","+43 664 415 99 09",IF(A49="U16 LL","+43 650 262 82 63",IF(A49="U15 LL Nord","+43 650 701 02 44",IF(A49="U14 - Nord","+43 676 401 09 13",IF(A49="U13 - Nord","+43 677 613 55 114 & +43 664 114 43 52",IF(A49="U11 Nord D","+43 664 762 09 93 & +43 699 111 93 828",IF(A49="U9","+43 676 377 16 30 & +43 399 197 871 81",IF(A49="U8","+43 660 199 13 52 & +43 660 914 92 36",IF(A49="U7","+43 676 661 62 26 & +43 681 208 115 99",IF(A49="Camp","+43 660 77 39 500",IF(A49="Turnier","+43 660 77 39 500","FEHLER"))))))))))) -> FEHLER
A50: =Heimspiele!C51 -> #REF! | B50: =Heimspiele!D51 -> #REF! | D50: =Heimspiele!F51 -> #REF! | E50: =Heimspiele!G51 -> #REF! | F50: Großfeld | G50: =IF(F50="Großfeld","Großfeld",IF(F50="U16","Großfeld",IF(F50="U15","Großfeld",IF(F50="U14","Großfeld",IF(F50="U13","75x55",IF(F50="U11/U12","55x40",IF(F50="U9/U10","40x25",IF(F50="U8","29x22","25x20")))))))) -> Großfeld | H50: =IF(F50="Großfeld","7,32x2,44",IF(F50="U16","7,32x2,44",IF(F50="U15","7,32x2,44",IF(F50="U14","7,32x2,44",IF(F50="U13","5x2",IF(F50="U11/U12","5x2",IF(F50="U9/U10","5x2","4 Minitore"))))))) -> 7,32x2,44 | I50: =IF(F50="Großfeld","5",IF(F50="U16","5",IF(F50="U15","5",IF(F50="U14","4",IF(F50="U13","4",IF(F50="U11/U12","4",IF(F50="U9/U10","4",IF(F50="U9","4","3")))))))) -> 5 | J50: =IF(A50="KM Neufeld","Pleninger Stefan",IF(A50="U16 LL","Josch Kögl",IF(A50="U15 LL Nord","Serdar Ekinci",IF(A50="U14 Nord","Gernot Servelda",IF(A50="U13 - Nord","Thomas Pöschl & Lenz Honc",IF(A50="U11 Nord D","Mario Magler&Ronny Archam",IF(A50="U9","Thomas Brandl&Daniel Hofbauer",IF(A50="U8","Berger Tobias&Sebastian Putric",IF(A50="U7","Türkes Ömer&Mahsumi Taha",IF(A50="Camp","Berger Dieter",IF(A50="Turnier","Berger Dieter","FEHLER"))))))))))) -> #REF! | K50: =IF(A50="KM Neufeld","+43 664 415 99 09",IF(A50="U16 LL","+43 650 262 82 63",IF(A50="U15 LL Nord","+43 650 701 02 44",IF(A50="U14 - Nord","+43 676 401 09 13",IF(A50="U13 - Nord","+43 677 613 55 114 & +43 664 114 43 52",IF(A50="U11 Nord D","+43 664 762 09 93 & +43 699 111 93 828",IF(A50="U9","+43 676 377 16 30 & +43 399 197 871 81",IF(A50="U8","+43 660 199 13 52 & +43 660 914 92 36",IF(A50="U7","+43 676 661 62 26 & +43 681 208 115 99",IF(A50="Camp","+43 660 77 39 500",IF(A50="Turnier","+43 660 77 39 500","FEHLER"))))))))))) -> #REF!
A51: =Heimspiele!C42 -> U11 | B51: =Heimspiele!D42 -> 46068 | C51: =Heimspiele!E42 -> 0 | D51: =Heimspiele!F42 -> 0 | E51: =Heimspiele!G42 -> 0 | F51: U11/U12 | G51: =IF(F51="Großfeld","Großfeld",IF(F51="U16","Großfeld",IF(F51="U15","Großfeld",IF(F51="U14","Großfeld",IF(F51="U13","75x55",IF(F51="U11/U12","55x40",IF(F51="U9/U10","40x25",IF(F51="U8","29x22","25x20")))))))) -> 55x40 | H51: =IF(F51="Großfeld","7,32x2,44",IF(F51="U16","7,32x2,44",IF(F51="U15","7,32x2,44",IF(F51="U14","7,32x2,44",IF(F51="U13","5x2",IF(F51="U11/U12","5x2",IF(F51="U9/U10","5x2","4 Minitore"))))))) -> 5x2 | I51: =IF(F51="Großfeld","5",IF(F51="U16","5",IF(F51="U15","5",IF(F51="U14","4",IF(F51="U13","4",IF(F51="U11/U12","4",IF(F51="U9/U10","4",IF(F51="U9","4","3")))))))) -> 4 | J51: =IF(A51="KM Neufeld","Pleninger Stefan",IF(A51="U16 LL","Josch Kögl",IF(A51="U15 LL Nord","Serdar Ekinci",IF(A51="U14 Nord","Gernot Servelda",IF(A51="U13 Nord","Thomas Pöschl & Lenz Honc",IF(A51="U11 Nord D","Mario Magler&Ronny Archam",IF(A51="U9","Thomas Brandl&Daniel Hofbauer",IF(A51="U8","Berger Tobias&Sebastian Putric",IF(A51="U7","Türkes Ömer&Mahsumi Taha",IF(A51="Camp","Berger Dieter",IF(A51="Turnier","Berger Dieter","FEHLER"))))))))))) -> FEHLER | K51: =IF(A51="KM Neufeld","+43 664 415 99 09",IF(A51="U16 LL","+43 650 262 82 63",IF(A51="U15 LL Nord","+43 650 701 02 44",IF(A51="U14 Nord","+43 676 401 09 13",IF(A51="U13 Nord","+43 677 613 55 114 & +43 664 114 43 52",IF(A51="U11 Nord D","+43 664 762 09 93 & +43 699 111 93 828",IF(A51="U9","+43 676 377 16 30 & +43 399 197 871 81",IF(A51="U8","+43 660 199 13 52 & +43 660 914 92 36",IF(A51="U7","+43 676 661 62 26 & +43 681 208 115 99",IF(A51="Camp","+43 660 77 39 500",IF(A51="Turnier","+43 660 77 39 500","FEHLER"))))))))))) -> FEHLER
A52: =Heimspiele!C53 -> U12_1 | B52: =Heimspiele!D53 -> 46049 | D52: =Heimspiele!F53 -> 0 | E52: =Heimspiele!G53 -> 0 | F52: Großfeld | G52: =IF(F52="Großfeld","Großfeld",IF(F52="U16","Großfeld",IF(F52="U15","Großfeld",IF(F52="U14","Großfeld",IF(F52="U13","75x55",IF(F52="U11/U12","55x40",IF(F52="U9/U10","40x25",IF(F52="U8","29x22","25x20")))))))) -> Großfeld | H52: =IF(F52="Großfeld","7,32x2,44",IF(F52="U16","7,32x2,44",IF(F52="U15","7,32x2,44",IF(F52="U14","7,32x2,44",IF(F52="U13","5x2",IF(F52="U11/U12","5x2",IF(F52="U9/U10","5x2","4 Minitore"))))))) -> 7,32x2,44 | I52: =IF(F52="Großfeld","5",IF(F52="U16","5",IF(F52="U15","5",IF(F52="U14","4",IF(F52="U13","4",IF(F52="U11/U12","4",IF(F52="U9/U10","4",IF(F52="U9","4","3")))))))) -> 5 | J52: =IF(A52="KM Neufeld","Pleninger Stefan",IF(A52="U16 LL","Josch Kögl",IF(A52="U15 LL Nord","Serdar Ekinci",IF(A52="U14 Nord","Gernot Servelda",IF(A52="U13 - Nord","Thomas Pöschl & Lenz Honc",IF(A52="U11 Nord D","Mario Magler&Ronny Archam",IF(A52="U9","Thomas Brandl&Daniel Hofbauer",IF(A52="U8","Berger Tobias&Sebastian Putric",IF(A52="U7","Türkes Ömer&Mahsumi Taha",IF(A52="Camp","Berger Dieter",IF(A52="Turnier","Berger Dieter","FEHLER"))))))))))) -> FEHLER | K52: =IF(A52="KM Neufeld","+43 664 415 99 09",IF(A52="U16 LL","+43 650 262 82 63",IF(A52="U15 LL Nord","+43 650 701 02 44",IF(A52="U14 - Nord","+43 676 401 09 13",IF(A52="U13 - Nord","+43 677 613 55 114 & +43 664 114 43 52",IF(A52="U11 Nord D","+43 664 762 09 93 & +43 699 111 93 828",IF(A52="U9","+43 676 377 16 30 & +43 399 197 871 81",IF(A52="U8","+43 660 199 13 52 & +43 660 914 92 36",IF(A52="U7","+43 676 661 62 26 & +43 681 208 115 99",IF(A52="Camp","+43 660 77 39 500",IF(A52="Turnier","+43 660 77 39 500","FEHLER"))))))))))) -> FEHLER
A53: =Heimspiele!C45 -> U14 | B53: =Heimspiele!D45 -> 46036 | C53: =Heimspiele!E45 -> 0 | D53: =Heimspiele!F45 -> 0 | E53: =Heimspiele!G45 -> 0 | F53: U14 | G53: =IF(F53="Großfeld","Großfeld",IF(F53="U16","Großfeld",IF(F53="U15","Großfeld",IF(F53="U14","Großfeld",IF(F53="U13","75x55",IF(F53="U11/U12","55x40",IF(F53="U9/U10","40x25",IF(F53="U8","29x22","25x20")))))))) -> Großfeld | H53: =IF(F53="Großfeld","7,32x2,44",IF(F53="U16","7,32x2,44",IF(F53="U15","7,32x2,44",IF(F53="U14","7,32x2,44",IF(F53="U13","5x2",IF(F53="U11/U12","5x2",IF(F53="U9/U10","5x2","4 Minitore"))))))) -> 7,32x2,44 | I53: =IF(F53="Großfeld","5",IF(F53="U16","5",IF(F53="U15","5",IF(F53="U14","4",IF(F53="U13","4",IF(F53="U11/U12","4",IF(F53="U9/U10","4",IF(F53="U9","4","3")))))))) -> 4 | J53: =IF(A53="KM Neufeld","Pleninger Stefan",IF(A53="U16 LL","Josch Kögl",IF(A53="U15 LL Nord","Serdar Ekinci",IF(A53="U14 Nord","Gernot Servelda",IF(A53="U13 Nord","Thomas Pöschl & Lenz Honc",IF(A53="U11 Nord D","Mario Magler&Ronny Archam",IF(A53="U9","Thomas Brandl&Daniel Hofbauer",IF(A53="U8","Berger Tobias&Sebastian Putric",IF(A53="U7","Türkes Ömer&Mahsumi Taha",IF(A53="Camp","Berger Dieter",IF(A53="Turnier","Berger Dieter","FEHLER"))))))))))) -> FEHLER | K53: =IF(A53="KM Neufeld","+43 664 415 99 09",IF(A53="U16 LL","+43 650 262 82 63",IF(A53="U15 LL Nord","+43 650 701 02 44",IF(A53="U14 Nord","+43 676 401 09 13",IF(A53="U13 Nord","+43 677 613 55 114 & +43 664 114 43 52",IF(A53="U11 Nord D","+43 664 762 09 93 & +43 699 111 93 828",IF(A53="U9","+43 676 377 16 30 & +43 399 197 871 81",IF(A53="U8","+43 660 199 13 52 & +43 660 914 92 36",IF(A53="U7","+43 676 661 62 26 & +43 681 208 115 99",IF(A53="Camp","+43 660 77 39 500",IF(A53="Turnier","+43 660 77 39 500","FEHLER"))))))))))) -> FEHLER
A54: =Heimspiele!C55 -> U11 | B54: =Heimspiele!D55 -> 46063 | D54: =Heimspiele!F55 -> 0 | E54: =Heimspiele!G55 -> 0 | F54: Großfeld | G54: =IF(F54="Großfeld","Großfeld",IF(F54="U16","Großfeld",IF(F54="U15","Großfeld",IF(F54="U14","Großfeld",IF(F54="U13","75x55",IF(F54="U11/U12","55x40",IF(F54="U9/U10","40x25",IF(F54="U8","29x22","25x20")))))))) -> Großfeld | H54: =IF(F54="Großfeld","7,32x2,44",IF(F54="U16","7,32x2,44",IF(F54="U15","7,32x2,44",IF(F54="U14","7,32x2,44",IF(F54="U13","5x2",IF(F54="U11/U12","5x2",IF(F54="U9/U10","5x2","4 Minitore"))))))) -> 7,32x2,44 | I54: =IF(F54="Großfeld","5",IF(F54="U16","5",IF(F54="U15","5",IF(F54="U14","4",IF(F54="U13","4",IF(F54="U11/U12","4",IF(F54="U9/U10","4",IF(F54="U9","4","3")))))))) -> 5 | J54: =IF(A54="KM Neufeld","Pleninger Stefan",IF(A54="U16 LL","Josch Kögl",IF(A54="U15 LL Nord","Serdar Ekinci",IF(A54="U14 Nord","Gernot Servelda",IF(A54="U13 - Nord","Thomas Pöschl & Lenz Honc",IF(A54="U11 Nord D","Mario Magler&Ronny Archam",IF(A54="U9","Thomas Brandl&Daniel Hofbauer",IF(A54="U8","Berger Tobias&Sebastian Putric",IF(A54="U7","Türkes Ömer&Mahsumi Taha",IF(A54="Camp","Berger Dieter",IF(A54="Turnier","Berger Dieter","FEHLER"))))))))))) -> FEHLER | K54: =IF(A54="KM Neufeld","+43 664 415 99 09",IF(A54="U16 LL","+43 650 262 82 63",IF(A54="U15 LL Nord","+43 650 701 02 44",IF(A54="U14 - Nord","+43 676 401 09 13",IF(A54="U13 - Nord","+43 677 613 55 114 & +43 664 114 43 52",IF(A54="U11 Nord D","+43 664 762 09 93 & +43 699 111 93 828",IF(A54="U9","+43 676 377 16 30 & +43 399 197 871 81",IF(A54="U8","+43 660 199 13 52 & +43 660 914 92 36",IF(A54="U7","+43 676 661 62 26 & +43 681 208 115 99",IF(A54="Camp","+43 660 77 39 500",IF(A54="Turnier","+43 660 77 39 500","FEHLER"))))))))))) -> FEHLER
A55: =Heimspiele!C44 -> U12_1 | B55: =Heimspiele!D44 -> 46045 | C55: =Heimspiele!E44 -> 0 | D55: =Heimspiele!F44 -> 0 | E55: =Heimspiele!G44 -> 0 | F55: U13 | G55: =IF(F55="Großfeld","Großfeld",IF(F55="U16","Großfeld",IF(F55="U15","Großfeld",IF(F55="U14","Großfeld",IF(F55="U13","75x55",IF(F55="U11/U12","55x40",IF(F55="U9/U10","40x25",IF(F55="U8","29x22","25x20")))))))) -> 75x55 | H55: =IF(F55="Großfeld","7,32x2,44",IF(F55="U16","7,32x2,44",IF(F55="U15","7,32x2,44",IF(F55="U14","7,32x2,44",IF(F55="U13","5x2",IF(F55="U11/U12","5x2",IF(F55="U9/U10","5x2","4 Minitore"))))))) -> 5x2 | I55: =IF(F55="Großfeld","5",IF(F55="U16","5",IF(F55="U15","5",IF(F55="U14","4",IF(F55="U13","4",IF(F55="U11/U12","4",IF(F55="U9/U10","4",IF(F55="U9","4","3")))))))) -> 4 | J55: =IF(A55="KM Neufeld","Pleninger Stefan",IF(A55="U16 LL","Josch Kögl",IF(A55="U15 LL Nord","Serdar Ekinci",IF(A55="U14 Nord","Gernot Servelda",IF(A55="U13 Nord","Thomas Pöschl & Lenz Honc",IF(A55="U11 Nord D","Mario Magler&Ronny Archam",IF(A55="U9","Thomas Brandl&Daniel Hofbauer",IF(A55="U8","Berger Tobias&Sebastian Putric",IF(A55="U7","Türkes Ömer&Mahsumi Taha",IF(A55="Camp","Berger Dieter",IF(A55="Turnier","Berger Dieter","FEHLER"))))))))))) -> FEHLER | K55: =IF(A55="KM Neufeld","+43 664 415 99 09",IF(A55="U16 LL","+43 650 262 82 63",IF(A55="U15 LL Nord","+43 650 701 02 44",IF(A55="U14 Nord","+43 676 401 09 13",IF(A55="U13 Nord","+43 677 613 55 114 & +43 664 114 43 52",IF(A55="U11 Nord D","+43 664 762 09 93 & +43 699 111 93 828",IF(A55="U9","+43 676 377 16 30 & +43 399 197 871 81",IF(A55="U8","+43 660 199 13 52 & +43 660 914 92 36",IF(A55="U7","+43 676 661 62 26 & +43 681 208 115 99",IF(A55="Camp","+43 660 77 39 500",IF(A55="Turnier","+43 660 77 39 500","FEHLER"))))))))))) -> FEHLER
A56: =Heimspiele!C57 -> U11 | B56: =Heimspiele!D57 -> 46066 | D56: =Heimspiele!F57 -> 0 | E56: =Heimspiele!G57 -> 0 | F56: Großfeld | G56: =IF(F56="Großfeld","Großfeld",IF(F56="U16","Großfeld",IF(F56="U15","Großfeld",IF(F56="U14","Großfeld",IF(F56="U13","75x55",IF(F56="U11/U12","55x40",IF(F56="U9/U10","40x25",IF(F56="U8","29x22","25x20")))))))) -> Großfeld | H56: =IF(F56="Großfeld","7,32x2,44",IF(F56="U16","7,32x2,44",IF(F56="U15","7,32x2,44",IF(F56="U14","7,32x2,44",IF(F56="U13","5x2",IF(F56="U11/U12","5x2",IF(F56="U9/U10","5x2","4 Minitore"))))))) -> 7,32x2,44 | I56: =IF(F56="Großfeld","5",IF(F56="U16","5",IF(F56="U15","5",IF(F56="U14","4",IF(F56="U13","4",IF(F56="U11/U12","4",IF(F56="U9/U10","4",IF(F56="U9","4","3")))))))) -> 5 | J56: =IF(A56="KM Neufeld","Pleninger Stefan",IF(A56="U16 LL","Josch Kögl",IF(A56="U15 LL Nord","Serdar Ekinci",IF(A56="U14 Nord","Gernot Servelda",IF(A56="U13 - Nord","Thomas Pöschl & Lenz Honc",IF(A56="U11 Nord D","Mario Magler&Ronny Archam",IF(A56="U9","Thomas Brandl&Daniel Hofbauer",IF(A56="U8","Berger Tobias&Sebastian Putric",IF(A56="U7","Türkes Ömer&Mahsumi Taha",IF(A56="Camp","Berger Dieter",IF(A56="Turnier","Berger Dieter","FEHLER"))))))))))) -> FEHLER | K56: =IF(A56="KM Neufeld","+43 664 415 99 09",IF(A56="U16 LL","+43 650 262 82 63",IF(A56="U15 LL Nord","+43 650 701 02 44",IF(A56="U14 - Nord","+43 676 401 09 13",IF(A56="U13 - Nord","+43 677 613 55 114 & +43 664 114 43 52",IF(A56="U11 Nord D","+43 664 762 09 93 & +43 699 111 93 828",IF(A56="U9","+43 676 377 16 30 & +43 399 197 871 81",IF(A56="U8","+43 660 199 13 52 & +43 660 914 92 36",IF(A56="U7","+43 676 661 62 26 & +43 681 208 115 99",IF(A56="Camp","+43 660 77 39 500",IF(A56="Turnier","+43 660 77 39 500","FEHLER"))))))))))) -> FEHLER
A57: =Heimspiele!C48 -> U16 | B57: =Heimspiele!D48 -> 46026 | C57: =Heimspiele!E48 -> 0 | D57: =Heimspiele!F48 -> 0 | E57: =Heimspiele!G48 -> 0 | F57: U16 | G57: =IF(F57="Großfeld","Großfeld",IF(F57="U16","Großfeld",IF(F57="U15","Großfeld",IF(F57="U14","Großfeld",IF(F57="U13","75x55",IF(F57="U11/U12","55x40",IF(F57="U9/U10","40x25",IF(F57="U8","29x22","25x20")))))))) -> Großfeld | H57: =IF(F57="Großfeld","7,32x2,44",IF(F57="U16","7,32x2,44",IF(F57="U15","7,32x2,44",IF(F57="U14","7,32x2,44",IF(F57="U13","5x2",IF(F57="U11/U12","5x2",IF(F57="U9/U10","5x2","4 Minitore"))))))) -> 7,32x2,44 | I57: =IF(F57="Großfeld","5",IF(F57="U16","5",IF(F57="U15","5",IF(F57="U14","4",IF(F57="U13","4",IF(F57="U11/U12","4",IF(F57="U9/U10","4",IF(F57="U9","4","3")))))))) -> 5 | J57: =IF(A57="KM Neufeld","Pleninger Stefan",IF(A57="U16 LL","Josch Kögl",IF(A57="U15 LL Nord","Serdar Ekinci",IF(A57="U14 Nord","Gernot Servelda",IF(A57="U13 Nord","Thomas Pöschl & Lenz Honc",IF(A57="U11 Nord D","Mario Magler&Ronny Archam",IF(A57="U9","Thomas Brandl&Daniel Hofbauer",IF(A57="U8","Berger Tobias&Sebastian Putric",IF(A57="U7","Türkes Ömer&Mahsumi Taha",IF(A57="Camp","Berger Dieter",IF(A57="Turnier","Berger Dieter","FEHLER"))))))))))) -> FEHLER | K57: =IF(A57="KM Neufeld","+43 664 415 99 09",IF(A57="U16 LL","+43 650 262 82 63",IF(A57="U15 LL Nord","+43 650 701 02 44",IF(A57="U14 Nord","+43 676 401 09 13",IF(A57="U13 Nord","+43 677 613 55 114 & +43 664 114 43 52",IF(A57="U11 Nord D","+43 664 762 09 93 & +43 699 111 93 828",IF(A57="U9","+43 676 377 16 30 & +43 399 197 871 81",IF(A57="U8","+43 660 199 13 52 & +43 660 914 92 36",IF(A57="U7","+43 676 661 62 26 & +43 681 208 115 99",IF(A57="Camp","+43 660 77 39 500",IF(A57="Turnier","+43 660 77 39 500","FEHLER"))))))))))) -> FEHLER
A58: =Heimspiele!C59 -> #REF! | B58: =Heimspiele!D59 -> #REF! | D58: =Heimspiele!F59 -> #REF! | E58: =Heimspiele!G59 -> #REF! | F58: Großfeld | G58: =IF(F58="Großfeld","Großfeld",IF(F58="U16","Großfeld",IF(F58="U15","Großfeld",IF(F58="U14","Großfeld",IF(F58="U13","75x55",IF(F58="U11/U12","55x40",IF(F58="U9/U10","40x25",IF(F58="U8","29x22","25x20")))))))) -> Großfeld | H58: =IF(F58="Großfeld","7,32x2,44",IF(F58="U16","7,32x2,44",IF(F58="U15","7,32x2,44",IF(F58="U14","7,32x2,44",IF(F58="U13","5x2",IF(F58="U11/U12","5x2",IF(F58="U9/U10","5x2","4 Minitore"))))))) -> 7,32x2,44 | I58: =IF(F58="Großfeld","5",IF(F58="U16","5",IF(F58="U15","5",IF(F58="U14","4",IF(F58="U13","4",IF(F58="U11/U12","4",IF(F58="U9/U10","4",IF(F58="U9","4","3")))))))) -> 5 | J58: =IF(A58="KM Neufeld","Pleninger Stefan",IF(A58="U16 LL","Josch Kögl",IF(A58="U15 LL Nord","Serdar Ekinci",IF(A58="U14 Nord","Gernot Servelda",IF(A58="U13 - Nord","Thomas Pöschl & Lenz Honc",IF(A58="U11 Nord D","Mario Magler&Ronny Archam",IF(A58="U9","Thomas Brandl&Daniel Hofbauer",IF(A58="U8","Berger Tobias&Sebastian Putric",IF(A58="U7","Türkes Ömer&Mahsumi Taha",IF(A58="Camp","Berger Dieter",IF(A58="Turnier","Berger Dieter","FEHLER"))))))))))) -> #REF! | K58: =IF(A58="KM Neufeld","+43 664 415 99 09",IF(A58="U16 LL","+43 650 262 82 63",IF(A58="U15 LL Nord","+43 650 701 02 44",IF(A58="U14 - Nord","+43 676 401 09 13",IF(A58="U13 - Nord","+43 677 613 55 114 & +43 664 114 43 52",IF(A58="U11 Nord D","+43 664 762 09 93 & +43 699 111 93 828",IF(A58="U9","+43 676 377 16 30 & +43 399 197 871 81",IF(A58="U8","+43 660 199 13 52 & +43 660 914 92 36",IF(A58="U7","+43 676 661 62 26 & +43 681 208 115 99",IF(A58="Camp","+43 660 77 39 500",IF(A58="Turnier","+43 660 77 39 500","FEHLER"))))))))))) -> #REF!
A59: =Heimspiele!C52 -> KM | B59: =Heimspiele!D52 -> 46297 | C59: =Heimspiele!E52 -> 0.79166667 | D59: =Heimspiele!F52 -> Siegendorf | E59: =Heimspiele!G52 -> Siegendorf | F59: Großfeld | G59: =IF(F59="Großfeld","Großfeld",IF(F59="U16","Großfeld",IF(F59="U15","Großfeld",IF(F59="U14","Großfeld",IF(F59="U13","75x55",IF(F59="U11/U12","55x40",IF(F59="U9/U10","40x25",IF(F59="U8","29x22","25x20")))))))) -> Großfeld | H59: =IF(F59="Großfeld","7,32x2,44",IF(F59="U16","7,32x2,44",IF(F59="U15","7,32x2,44",IF(F59="U14","7,32x2,44",IF(F59="U13","5x2",IF(F59="U11/U12","5x2",IF(F59="U9/U10","5x2","4 Minitore"))))))) -> 7,32x2,44 | I59: =IF(F59="Großfeld","5",IF(F59="U16","5",IF(F59="U15","5",IF(F59="U14","4",IF(F59="U13","4",IF(F59="U11/U12","4",IF(F59="U9/U10","4",IF(F59="U9","4","3")))))))) -> 5 | J59: =IF(A59="KM Neufeld","Pleninger Stefan",IF(A59="U16 LL","Josch Kögl",IF(A59="U15 LL Nord","Serdar Ekinci",IF(A59="U14 Nord","Gernot Servelda",IF(A59="U13 Nord","Thomas Pöschl & Lenz Honc",IF(A59="U11 Nord D","Mario Magler&Ronny Archam",IF(A59="U9","Thomas Brandl&Daniel Hofbauer",IF(A59="U8","Berger Tobias&Sebastian Putric",IF(A59="U7","Türkes Ömer&Mahsumi Taha",IF(A59="Camp","Berger Dieter",IF(A59="Turnier","Berger Dieter","FEHLER"))))))))))) -> FEHLER | K59: =IF(A59="KM Neufeld","+43 664 415 99 09",IF(A59="U16 LL","+43 650 262 82 63",IF(A59="U15 LL Nord","+43 650 701 02 44",IF(A59="U14 Nord","+43 676 401 09 13",IF(A59="U13 Nord","+43 677 613 55 114 & +43 664 114 43 52",IF(A59="U11 Nord D","+43 664 762 09 93 & +43 699 111 93 828",IF(A59="U9","+43 676 377 16 30 & +43 399 197 871 81",IF(A59="U8","+43 660 199 13 52 & +43 660 914 92 36",IF(A59="U7","+43 676 661 62 26 & +43 681 208 115 99",IF(A59="Camp","+43 660 77 39 500",IF(A59="Turnier","+43 660 77 39 500","FEHLER"))))))))))) -> FEHLER
A60: =Heimspiele!C61 -> U11 | B60: =Heimspiele!D61 -> 46070 | D60: =Heimspiele!F61 -> 0 | E60: =Heimspiele!G61 -> 0 | F60: Großfeld | G60: =IF(F60="Großfeld","Großfeld",IF(F60="U16","Großfeld",IF(F60="U15","Großfeld",IF(F60="U14","Großfeld",IF(F60="U13","75x55",IF(F60="U11/U12","55x40",IF(F60="U9/U10","40x25",IF(F60="U8","29x22","25x20")))))))) -> Großfeld | H60: =IF(F60="Großfeld","7,32x2,44",IF(F60="U16","7,32x2,44",IF(F60="U15","7,32x2,44",IF(F60="U14","7,32x2,44",IF(F60="U13","5x2",IF(F60="U11/U12","5x2",IF(F60="U9/U10","5x2","4 Minitore"))))))) -> 7,32x2,44 | I60: =IF(F60="Großfeld","5",IF(F60="U16","5",IF(F60="U15","5",IF(F60="U14","4",IF(F60="U13","4",IF(F60="U11/U12","4",IF(F60="U9/U10","4",IF(F60="U9","4","3")))))))) -> 5 | J60: =IF(A60="KM Neufeld","Pleninger Stefan",IF(A60="U16 LL","Josch Kögl",IF(A60="U15 LL Nord","Serdar Ekinci",IF(A60="U14 Nord","Gernot Servelda",IF(A60="U13 - Nord","Thomas Pöschl & Lenz Honc",IF(A60="U11 Nord D","Mario Magler&Ronny Archam",IF(A60="U9","Thomas Brandl&Daniel Hofbauer",IF(A60="U8","Berger Tobias&Sebastian Putric",IF(A60="U7","Türkes Ömer&Mahsumi Taha",IF(A60="Camp","Berger Dieter",IF(A60="Turnier","Berger Dieter","FEHLER"))))))))))) -> FEHLER | K60: =IF(A60="KM Neufeld","+43 664 415 99 09",IF(A60="U16 LL","+43 650 262 82 63",IF(A60="U15 LL Nord","+43 650 701 02 44",IF(A60="U14 - Nord","+43 676 401 09 13",IF(A60="U13 - Nord","+43 677 613 55 114 & +43 664 114 43 52",IF(A60="U11 Nord D","+43 664 762 09 93 & +43 699 111 93 828",IF(A60="U9","+43 676 377 16 30 & +43 399 197 871 81",IF(A60="U8","+43 660 199 13 52 & +43 660 914 92 36",IF(A60="U7","+43 676 661 62 26 & +43 681 208 115 99",IF(A60="Camp","+43 660 77 39 500",IF(A60="Turnier","+43 660 77 39 500","FEHLER"))))))))))) -> FEHLER
A61: =Heimspiele!C54 -> #REF! | B61: =Heimspiele!D54 -> #REF! | C61: =Heimspiele!E54 -> #REF! | D61: =Heimspiele!F54 -> #REF! | E61: =Heimspiele!G54 -> #REF! | F61: U15 | G61: =IF(F61="Großfeld","Großfeld",IF(F61="U16","Großfeld",IF(F61="U15","Großfeld",IF(F61="U14","Großfeld",IF(F61="U13","75x55",IF(F61="U11/U12","55x40",IF(F61="U9/U10","40x25",IF(F61="U8","29x22","25x20")))))))) -> Großfeld | H61: =IF(F61="Großfeld","7,32x2,44",IF(F61="U16","7,32x2,44",IF(F61="U15","7,32x2,44",IF(F61="U14","7,32x2,44",IF(F61="U13","5x2",IF(F61="U11/U12","5x2",IF(F61="U9/U10","5x2","4 Minitore"))))))) -> 7,32x2,44 | I61: =IF(F61="Großfeld","5",IF(F61="U16","5",IF(F61="U15","5",IF(F61="U14","4",IF(F61="U13","4",IF(F61="U11/U12","4",IF(F61="U9/U10","4",IF(F61="U9","4","3")))))))) -> 5 | J61: =IF(A61="KM Neufeld","Pleninger Stefan",IF(A61="U16 LL","Josch Kögl",IF(A61="U15 LL Nord","Serdar Ekinci",IF(A61="U14 Nord","Gernot Servelda",IF(A61="U13 Nord","Thomas Pöschl & Lenz Honc",IF(A61="U11 Nord D","Mario Magler&Ronny Archam",IF(A61="U9","Thomas Brandl&Daniel Hofbauer",IF(A61="U8","Berger Tobias&Sebastian Putric",IF(A61="U7","Türkes Ömer&Mahsumi Taha",IF(A61="Camp","Berger Dieter",IF(A61="Turnier","Berger Dieter","FEHLER"))))))))))) -> #REF! | K61: =IF(A61="KM Neufeld","+43 664 415 99 09",IF(A61="U16 LL","+43 650 262 82 63",IF(A61="U15 LL Nord","+43 650 701 02 44",IF(A61="U14 Nord","+43 676 401 09 13",IF(A61="U13 Nord","+43 677 613 55 114 & +43 664 114 43 52",IF(A61="U11 Nord D","+43 664 762 09 93 & +43 699 111 93 828",IF(A61="U9","+43 676 377 16 30 & +43 399 197 871 81",IF(A61="U8","+43 660 199 13 52 & +43 660 914 92 36",IF(A61="U7","+43 676 661 62 26 & +43 681 208 115 99",IF(A61="Camp","+43 660 77 39 500",IF(A61="Turnier","+43 660 77 39 500","FEHLER"))))))))))) -> #REF!
A62: =Heimspiele!C63 -> U11 | B62: =Heimspiele!D63 -> 46072 | D62: =Heimspiele!F63 -> 0 | E62: =Heimspiele!G63 -> 0 | F62: Großfeld | G62: =IF(F62="Großfeld","Großfeld",IF(F62="U16","Großfeld",IF(F62="U15","Großfeld",IF(F62="U14","Großfeld",IF(F62="U13","75x55",IF(F62="U11/U12","55x40",IF(F62="U9/U10","40x25",IF(F62="U8","29x22","25x20")))))))) -> Großfeld | H62: =IF(F62="Großfeld","7,32x2,44",IF(F62="U16","7,32x2,44",IF(F62="U15","7,32x2,44",IF(F62="U14","7,32x2,44",IF(F62="U13","5x2",IF(F62="U11/U12","5x2",IF(F62="U9/U10","5x2","4 Minitore"))))))) -> 7,32x2,44 | I62: =IF(F62="Großfeld","5",IF(F62="U16","5",IF(F62="U15","5",IF(F62="U14","4",IF(F62="U13","4",IF(F62="U11/U12","4",IF(F62="U9/U10","4",IF(F62="U9","4","3")))))))) -> 5 | J62: =IF(A62="KM Neufeld","Pleninger Stefan",IF(A62="U16 LL","Josch Kögl",IF(A62="U15 LL Nord","Serdar Ekinci",IF(A62="U14 Nord","Gernot Servelda",IF(A62="U13 - Nord","Thomas Pöschl & Lenz Honc",IF(A62="U11 Nord D","Mario Magler&Ronny Archam",IF(A62="U9","Thomas Brandl&Daniel Hofbauer",IF(A62="U8","Berger Tobias&Sebastian Putric",IF(A62="U7","Türkes Ömer&Mahsumi Taha",IF(A62="Camp","Berger Dieter",IF(A62="Turnier","Berger Dieter","FEHLER"))))))))))) -> FEHLER | K62: =IF(A62="KM Neufeld","+43 664 415 99 09",IF(A62="U16 LL","+43 650 262 82 63",IF(A62="U15 LL Nord","+43 650 701 02 44",IF(A62="U14 - Nord","+43 676 401 09 13",IF(A62="U13 - Nord","+43 677 613 55 114 & +43 664 114 43 52",IF(A62="U11 Nord D","+43 664 762 09 93 & +43 699 111 93 828",IF(A62="U9","+43 676 377 16 30 & +43 399 197 871 81",IF(A62="U8","+43 660 199 13 52 & +43 660 914 92 36",IF(A62="U7","+43 676 661 62 26 & +43 681 208 115 99",IF(A62="Camp","+43 660 77 39 500",IF(A62="Turnier","+43 660 77 39 500","FEHLER"))))))))))) -> FEHLER
A63: =Heimspiele!C64 -> #REF! | B63: =Heimspiele!D64 -> #REF! | D63: =Heimspiele!F64 -> #REF! | E63: =Heimspiele!G64 -> #REF! | F63: Großfeld | G63: =IF(F63="Großfeld","Großfeld",IF(F63="U16","Großfeld",IF(F63="U15","Großfeld",IF(F63="U14","Großfeld",IF(F63="U13","75x55",IF(F63="U11/U12","55x40",IF(F63="U9/U10","40x25",IF(F63="U8","29x22","25x20")))))))) -> Großfeld | H63: =IF(F63="Großfeld","7,32x2,44",IF(F63="U16","7,32x2,44",IF(F63="U15","7,32x2,44",IF(F63="U14","7,32x2,44",IF(F63="U13","5x2",IF(F63="U11/U12","5x2",IF(F63="U9/U10","5x2","4 Minitore"))))))) -> 7,32x2,44 | I63: =IF(F63="Großfeld","5",IF(F63="U16","5",IF(F63="U15","5",IF(F63="U14","4",IF(F63="U13","4",IF(F63="U11/U12","4",IF(F63="U9/U10","4",IF(F63="U9","4","3")))))))) -> 5 | J63: =IF(A63="KM Neufeld","Pleninger Stefan",IF(A63="U16 LL","Josch Kögl",IF(A63="U15 LL Nord","Serdar Ekinci",IF(A63="U14 Nord","Gernot Servelda",IF(A63="U13 - Nord","Thomas Pöschl & Lenz Honc",IF(A63="U11 Nord D","Mario Magler&Ronny Archam",IF(A63="U9","Thomas Brandl&Daniel Hofbauer",IF(A63="U8","Berger Tobias&Sebastian Putric",IF(A63="U7","Türkes Ömer&Mahsumi Taha",IF(A63="Camp","Berger Dieter",IF(A63="Turnier","Berger Dieter","FEHLER"))))))))))) -> #REF! | K63: =IF(A63="KM Neufeld","+43 664 415 99 09",IF(A63="U16 LL","+43 650 262 82 63",IF(A63="U15 LL Nord","+43 650 701 02 44",IF(A63="U14 - Nord","+43 676 401 09 13",IF(A63="U13 - Nord","+43 677 613 55 114 & +43 664 114 43 52",IF(A63="U11 Nord D","+43 664 762 09 93 & +43 699 111 93 828",IF(A63="U9","+43 676 377 16 30 & +43 399 197 871 81",IF(A63="U8","+43 660 199 13 52 & +43 660 914 92 36",IF(A63="U7","+43 676 661 62 26 & +43 681 208 115 99",IF(A63="Camp","+43 660 77 39 500",IF(A63="Turnier","+43 660 77 39 500","FEHLER"))))))))))) -> #REF!
A64: =Heimspiele!C56 -> U11 | B64: =Heimspiele!D56 -> 46069 | C64: =Heimspiele!E56 -> 0 | D64: =Heimspiele!F56 -> 0 | E64: =Heimspiele!G56 -> 0 | F64: U11/U12 | G64: =IF(F64="Großfeld","Großfeld",IF(F64="U16","Großfeld",IF(F64="U15","Großfeld",IF(F64="U14","Großfeld",IF(F64="U13","75x55",IF(F64="U11/U12","55x40",IF(F64="U9/U10","40x25",IF(F64="U8","29x22","25x20")))))))) -> 55x40 | H64: =IF(F64="Großfeld","7,32x2,44",IF(F64="U16","7,32x2,44",IF(F64="U15","7,32x2,44",IF(F64="U14","7,32x2,44",IF(F64="U13","5x2",IF(F64="U11/U12","5x2",IF(F64="U9/U10","5x2","4 Minitore"))))))) -> 5x2 | I64: =IF(F64="Großfeld","5",IF(F64="U16","5",IF(F64="U15","5",IF(F64="U14","4",IF(F64="U13","4",IF(F64="U11/U12","4",IF(F64="U9/U10","4",IF(F64="U9","4","3")))))))) -> 4 | J64: =IF(A64="KM Neufeld","Pleninger Stefan",IF(A64="U16 LL","Josch Kögl",IF(A64="U15 LL Nord","Serdar Ekinci",IF(A64="U14 Nord","Gernot Servelda",IF(A64="U13 Nord","Thomas Pöschl & Lenz Honc",IF(A64="U11 Nord D","Mario Magler&Ronny Archam",IF(A64="U9","Thomas Brandl&Daniel Hofbauer",IF(A64="U8","Berger Tobias&Sebastian Putric",IF(A64="U7","Türkes Ömer&Mahsumi Taha",IF(A64="Camp","Berger Dieter",IF(A64="Turnier","Berger Dieter","FEHLER"))))))))))) -> FEHLER | K64: =IF(A64="KM Neufeld","+43 664 415 99 09",IF(A64="U16 LL","+43 650 262 82 63",IF(A64="U15 LL Nord","+43 650 701 02 44",IF(A64="U14 Nord","+43 676 401 09 13",IF(A64="U13 Nord","+43 677 613 55 114 & +43 664 114 43 52",IF(A64="U11 Nord D","+43 664 762 09 93 & +43 699 111 93 828",IF(A64="U9","+43 676 377 16 30 & +43 399 197 871 81",IF(A64="U8","+43 660 199 13 52 & +43 660 914 92 36",IF(A64="U7","+43 676 661 62 26 & +43 681 208 115 99",IF(A64="Camp","+43 660 77 39 500",IF(A64="Turnier","+43 660 77 39 500","FEHLER"))))))))))) -> FEHLER
A65: =Heimspiele!C66 -> U9 | B65: =Heimspiele!D66 -> 46079 | D65: =Heimspiele!F66 -> 0 | E65: =Heimspiele!G66 -> 0 | F65: Großfeld | G65: =IF(F65="Großfeld","Großfeld",IF(F65="U16","Großfeld",IF(F65="U15","Großfeld",IF(F65="U14","Großfeld",IF(F65="U13","75x55",IF(F65="U11/U12","55x40",IF(F65="U9/U10","40x25",IF(F65="U8","29x22","25x20")))))))) -> Großfeld | H65: =IF(F65="Großfeld","7,32x2,44",IF(F65="U16","7,32x2,44",IF(F65="U15","7,32x2,44",IF(F65="U14","7,32x2,44",IF(F65="U13","5x2",IF(F65="U11/U12","5x2",IF(F65="U9/U10","5x2","4 Minitore"))))))) -> 7,32x2,44 | I65: =IF(F65="Großfeld","5",IF(F65="U16","5",IF(F65="U15","5",IF(F65="U14","4",IF(F65="U13","4",IF(F65="U11/U12","4",IF(F65="U9/U10","4",IF(F65="U9","4","3")))))))) -> 5 | J65: =IF(A65="KM Neufeld","Pleninger Stefan",IF(A65="U16 LL","Josch Kögl",IF(A65="U15 LL Nord","Serdar Ekinci",IF(A65="U14 Nord","Gernot Servelda",IF(A65="U13 - Nord","Thomas Pöschl & Lenz Honc",IF(A65="U11 Nord D","Mario Magler&Ronny Archam",IF(A65="U9","Thomas Brandl&Daniel Hofbauer",IF(A65="U8","Berger Tobias&Sebastian Putric",IF(A65="U7","Türkes Ömer&Mahsumi Taha",IF(A65="Camp","Berger Dieter",IF(A65="Turnier","Berger Dieter","FEHLER"))))))))))) -> Thomas Brandl&Daniel Hofbauer | K65: =IF(A65="KM Neufeld","+43 664 415 99 09",IF(A65="U16 LL","+43 650 262 82 63",IF(A65="U15 LL Nord","+43 650 701 02 44",IF(A65="U14 - Nord","+43 676 401 09 13",IF(A65="U13 - Nord","+43 677 613 55 114 & +43 664 114 43 52",IF(A65="U11 Nord D","+43 664 762 09 93 & +43 699 111 93 828",IF(A65="U9","+43 676 377 16 30 & +43 399 197 871 81",IF(A65="U8","+43 660 199 13 52 & +43 660 914 92 36",IF(A65="U7","+43 676 661 62 26 & +43 681 208 115 99",IF(A65="Camp","+43 660 77 39 500",IF(A65="Turnier","+43 660 77 39 500","FEHLER"))))))))))) -> +43 676 377 16 30 & +43 399 197 871 81
A66: =Heimspiele!C67 -> U9 | B66: =Heimspiele!D67 -> 46080 | D66: =Heimspiele!F67 -> 0 | E66: =Heimspiele!G67 -> 0 | F66: Großfeld | G66: =IF(F66="Großfeld","Großfeld",IF(F66="U16","Großfeld",IF(F66="U15","Großfeld",IF(F66="U14","Großfeld",IF(F66="U13","75x55",IF(F66="U11/U12","55x40",IF(F66="U9/U10","40x25",IF(F66="U8","29x22","25x20")))))))) -> Großfeld | H66: =IF(F66="Großfeld","7,32x2,44",IF(F66="U16","7,32x2,44",IF(F66="U15","7,32x2,44",IF(F66="U14","7,32x2,44",IF(F66="U13","5x2",IF(F66="U11/U12","5x2",IF(F66="U9/U10","5x2","4 Minitore"))))))) -> 7,32x2,44 | I66: =IF(F66="Großfeld","5",IF(F66="U16","5",IF(F66="U15","5",IF(F66="U14","4",IF(F66="U13","4",IF(F66="U11/U12","4",IF(F66="U9/U10","4",IF(F66="U9","4","3")))))))) -> 5 | J66: =IF(A66="KM Neufeld","Pleninger Stefan",IF(A66="U16 LL","Josch Kögl",IF(A66="U15 LL Nord","Serdar Ekinci",IF(A66="U14 Nord","Gernot Servelda",IF(A66="U13 - Nord","Thomas Pöschl & Lenz Honc",IF(A66="U11 Nord D","Mario Magler&Ronny Archam",IF(A66="U9","Thomas Brandl&Daniel Hofbauer",IF(A66="U8","Berger Tobias&Sebastian Putric",IF(A66="U7","Türkes Ömer&Mahsumi Taha",IF(A66="Camp","Berger Dieter",IF(A66="Turnier","Berger Dieter","FEHLER"))))))))))) -> Thomas Brandl&Daniel Hofbauer | K66: =IF(A66="KM Neufeld","+43 664 415 99 09",IF(A66="U16 LL","+43 650 262 82 63",IF(A66="U15 LL Nord","+43 650 701 02 44",IF(A66="U14 - Nord","+43 676 401 09 13",IF(A66="U13 - Nord","+43 677 613 55 114 & +43 664 114 43 52",IF(A66="U11 Nord D","+43 664 762 09 93 & +43 699 111 93 828",IF(A66="U9","+43 676 377 16 30 & +43 399 197 871 81",IF(A66="U8","+43 660 199 13 52 & +43 660 914 92 36",IF(A66="U7","+43 676 661 62 26 & +43 681 208 115 99",IF(A66="Camp","+43 660 77 39 500",IF(A66="Turnier","+43 660 77 39 500","FEHLER"))))))))))) -> +43 676 377 16 30 & +43 399 197 871 81
A67: =Heimspiele!C68 -> U9 | B67: =Heimspiele!D68 -> 46081 | D67: =Heimspiele!F68 -> 0 | E67: =Heimspiele!G68 -> 0 | F67: Großfeld | G67: =IF(F67="Großfeld","Großfeld",IF(F67="U16","Großfeld",IF(F67="U15","Großfeld",IF(F67="U14","Großfeld",IF(F67="U13","75x55",IF(F67="U11/U12","55x40",IF(F67="U9/U10","40x25",IF(F67="U8","29x22","25x20")))))))) -> Großfeld | H67: =IF(F67="Großfeld","7,32x2,44",IF(F67="U16","7,32x2,44",IF(F67="U15","7,32x2,44",IF(F67="U14","7,32x2,44",IF(F67="U13","5x2",IF(F67="U11/U12","5x2",IF(F67="U9/U10","5x2","4 Minitore"))))))) -> 7,32x2,44 | I67: =IF(F67="Großfeld","5",IF(F67="U16","5",IF(F67="U15","5",IF(F67="U14","4",IF(F67="U13","4",IF(F67="U11/U12","4",IF(F67="U9/U10","4",IF(F67="U9","4","3")))))))) -> 5 | J67: =IF(A67="KM Neufeld","Pleninger Stefan",IF(A67="U16 LL","Josch Kögl",IF(A67="U15 LL Nord","Serdar Ekinci",IF(A67="U14 Nord","Gernot Servelda",IF(A67="U13 - Nord","Thomas Pöschl & Lenz Honc",IF(A67="U11 Nord D","Mario Magler&Ronny Archam",IF(A67="U9","Thomas Brandl&Daniel Hofbauer",IF(A67="U8","Berger Tobias&Sebastian Putric",IF(A67="U7","Türkes Ömer&Mahsumi Taha",IF(A67="Camp","Berger Dieter",IF(A67="Turnier","Berger Dieter","FEHLER"))))))))))) -> Thomas Brandl&Daniel Hofbauer | K67: =IF(A67="KM Neufeld","+43 664 415 99 09",IF(A67="U16 LL","+43 650 262 82 63",IF(A67="U15 LL Nord","+43 650 701 02 44",IF(A67="U14 - Nord","+43 676 401 09 13",IF(A67="U13 - Nord","+43 677 613 55 114 & +43 664 114 43 52",IF(A67="U11 Nord D","+43 664 762 09 93 & +43 699 111 93 828",IF(A67="U9","+43 676 377 16 30 & +43 399 197 871 81",IF(A67="U8","+43 660 199 13 52 & +43 660 914 92 36",IF(A67="U7","+43 676 661 62 26 & +43 681 208 115 99",IF(A67="Camp","+43 660 77 39 500",IF(A67="Turnier","+43 660 77 39 500","FEHLER"))))))))))) -> +43 676 377 16 30 & +43 399 197 871 81
A68: =Heimspiele!C69 -> U9 | B68: =Heimspiele!D69 -> 46087 | D68: =Heimspiele!F69 -> 0 | E68: =Heimspiele!G69 -> 0 | F68: Großfeld | G68: =IF(F68="Großfeld","Großfeld",IF(F68="U16","Großfeld",IF(F68="U15","Großfeld",IF(F68="U14","Großfeld",IF(F68="U13","75x55",IF(F68="U11/U12","55x40",IF(F68="U9/U10","40x25",IF(F68="U8","29x22","25x20")))))))) -> Großfeld | H68: =IF(F68="Großfeld","7,32x2,44",IF(F68="U16","7,32x2,44",IF(F68="U15","7,32x2,44",IF(F68="U14","7,32x2,44",IF(F68="U13","5x2",IF(F68="U11/U12","5x2",IF(F68="U9/U10","5x2","4 Minitore"))))))) -> 7,32x2,44 | I68: =IF(F68="Großfeld","5",IF(F68="U16","5",IF(F68="U15","5",IF(F68="U14","4",IF(F68="U13","4",IF(F68="U11/U12","4",IF(F68="U9/U10","4",IF(F68="U9","4","3")))))))) -> 5 | J68: =IF(A68="KM Neufeld","Pleninger Stefan",IF(A68="U16 LL","Josch Kögl",IF(A68="U15 LL Nord","Serdar Ekinci",IF(A68="U14 Nord","Gernot Servelda",IF(A68="U13 - Nord","Thomas Pöschl & Lenz Honc",IF(A68="U11 Nord D","Mario Magler&Ronny Archam",IF(A68="U9","Thomas Brandl&Daniel Hofbauer",IF(A68="U8","Berger Tobias&Sebastian Putric",IF(A68="U7","Türkes Ömer&Mahsumi Taha",IF(A68="Camp","Berger Dieter",IF(A68="Turnier","Berger Dieter","FEHLER"))))))))))) -> Thomas Brandl&Daniel Hofbauer | K68: =IF(A68="KM Neufeld","+43 664 415 99 09",IF(A68="U16 LL","+43 650 262 82 63",IF(A68="U15 LL Nord","+43 650 701 02 44",IF(A68="U14 - Nord","+43 676 401 09 13",IF(A68="U13 - Nord","+43 677 613 55 114 & +43 664 114 43 52",IF(A68="U11 Nord D","+43 664 762 09 93 & +43 699 111 93 828",IF(A68="U9","+43 676 377 16 30 & +43 399 197 871 81",IF(A68="U8","+43 660 199 13 52 & +43 660 914 92 36",IF(A68="U7","+43 676 661 62 26 & +43 681 208 115 99",IF(A68="Camp","+43 660 77 39 500",IF(A68="Turnier","+43 660 77 39 500","FEHLER"))))))))))) -> +43 676 377 16 30 & +43 399 197 871 81
A69: =Heimspiele!C58 -> KM | B69: =Heimspiele!D58 -> 46312 | C69: =Heimspiele!E58 -> 0.64583333 | D69: =Heimspiele!F58 -> Hornstein | E69: =Heimspiele!G58 -> Hornstein | F69: Großfeld | G69: =IF(F69="Großfeld","Großfeld",IF(F69="U16","Großfeld",IF(F69="U15","Großfeld",IF(F69="U14","Großfeld",IF(F69="U13","75x55",IF(F69="U11/U12","55x40",IF(F69="U9/U10","40x25",IF(F69="U8","29x22","25x20")))))))) -> Großfeld | H69: =IF(F69="Großfeld","7,32x2,44",IF(F69="U16","7,32x2,44",IF(F69="U15","7,32x2,44",IF(F69="U14","7,32x2,44",IF(F69="U13","5x2",IF(F69="U11/U12","5x2",IF(F69="U9/U10","5x2","4 Minitore"))))))) -> 7,32x2,44 | I69: =IF(F69="Großfeld","5",IF(F69="U16","5",IF(F69="U15","5",IF(F69="U14","4",IF(F69="U13","4",IF(F69="U11/U12","4",IF(F69="U9/U10","4",IF(F69="U9","4","3")))))))) -> 5 | J69: =IF(A69="KM Neufeld","Pleninger Stefan",IF(A69="U16 LL","Josch Kögl",IF(A69="U15 LL Nord","Serdar Ekinci",IF(A69="U14 Nord","Gernot Servelda",IF(A69="U13 Nord","Thomas Pöschl & Lenz Honc",IF(A69="U11 Nord D","Mario Magler&Ronny Archam",IF(A69="U9","Thomas Brandl&Daniel Hofbauer",IF(A69="U8","Berger Tobias&Sebastian Putric",IF(A69="U7","Türkes Ömer&Mahsumi Taha",IF(A69="Camp","Berger Dieter",IF(A69="Turnier","Berger Dieter","FEHLER"))))))))))) -> FEHLER | K69: =IF(A69="KM Neufeld","+43 664 415 99 09",IF(A69="U16 LL","+43 650 262 82 63",IF(A69="U15 LL Nord","+43 650 701 02 44",IF(A69="U14 Nord","+43 676 401 09 13",IF(A69="U13 Nord","+43 677 613 55 114 & +43 664 114 43 52",IF(A69="U11 Nord D","+43 664 762 09 93 & +43 699 111 93 828",IF(A69="U9","+43 676 377 16 30 & +43 399 197 871 81",IF(A69="U8","+43 660 199 13 52 & +43 660 914 92 36",IF(A69="U7","+43 676 661 62 26 & +43 681 208 115 99",IF(A69="Camp","+43 660 77 39 500",IF(A69="Turnier","+43 660 77 39 500","FEHLER"))))))))))) -> FEHLER
A70: =Heimspiele!C71 -> U8 | B70: =Heimspiele!D71 -> 46089 | D70: =Heimspiele!F71 -> 0 | E70: =Heimspiele!G71 -> 0 | F70: Großfeld | G70: =IF(F70="Großfeld","Großfeld",IF(F70="U16","Großfeld",IF(F70="U15","Großfeld",IF(F70="U14","Großfeld",IF(F70="U13","75x55",IF(F70="U11/U12","55x40",IF(F70="U9/U10","40x25",IF(F70="U8","29x22","25x20")))))))) -> Großfeld | H70: =IF(F70="Großfeld","7,32x2,44",IF(F70="U16","7,32x2,44",IF(F70="U15","7,32x2,44",IF(F70="U14","7,32x2,44",IF(F70="U13","5x2",IF(F70="U11/U12","5x2",IF(F70="U9/U10","5x2","4 Minitore"))))))) -> 7,32x2,44 | I70: =IF(F70="Großfeld","5",IF(F70="U16","5",IF(F70="U15","5",IF(F70="U14","4",IF(F70="U13","4",IF(F70="U11/U12","4",IF(F70="U9/U10","4",IF(F70="U9","4","3")))))))) -> 5 | J70: =IF(A70="KM Neufeld","Pleninger Stefan",IF(A70="U16 LL","Josch Kögl",IF(A70="U15 LL Nord","Serdar Ekinci",IF(A70="U14 Nord","Gernot Servelda",IF(A70="U13 - Nord","Thomas Pöschl & Lenz Honc",IF(A70="U11 Nord D","Mario Magler&Ronny Archam",IF(A70="U9","Thomas Brandl&Daniel Hofbauer",IF(A70="U8","Berger Tobias&Sebastian Putric",IF(A70="U7","Türkes Ömer&Mahsumi Taha",IF(A70="Camp","Berger Dieter",IF(A70="Turnier","Berger Dieter","FEHLER"))))))))))) -> Berger Tobias&Sebastian Putric | K70: =IF(A70="KM Neufeld","+43 664 415 99 09",IF(A70="U16 LL","+43 650 262 82 63",IF(A70="U15 LL Nord","+43 650 701 02 44",IF(A70="U14 - Nord","+43 676 401 09 13",IF(A70="U13 - Nord","+43 677 613 55 114 & +43 664 114 43 52",IF(A70="U11 Nord D","+43 664 762 09 93 & +43 699 111 93 828",IF(A70="U9","+43 676 377 16 30 & +43 399 197 871 81",IF(A70="U8","+43 660 199 13 52 & +43 660 914 92 36",IF(A70="U7","+43 676 661 62 26 & +43 681 208 115 99",IF(A70="Camp","+43 660 77 39 500",IF(A70="Turnier","+43 660 77 39 500","FEHLER"))))))))))) -> +43 660 199 13 52 & +43 660 914 92 36
A71: =Heimspiele!C72 -> U8 | B71: =Heimspiele!D72 -> 46090 | D71: =Heimspiele!F72 -> 0 | E71: =Heimspiele!G72 -> 0 | F71: Großfeld | G71: =IF(F71="Großfeld","Großfeld",IF(F71="U16","Großfeld",IF(F71="U15","Großfeld",IF(F71="U14","Großfeld",IF(F71="U13","75x55",IF(F71="U11/U12","55x40",IF(F71="U9/U10","40x25",IF(F71="U8","29x22","25x20")))))))) -> Großfeld | H71: =IF(F71="Großfeld","7,32x2,44",IF(F71="U16","7,32x2,44",IF(F71="U15","7,32x2,44",IF(F71="U14","7,32x2,44",IF(F71="U13","5x2",IF(F71="U11/U12","5x2",IF(F71="U9/U10","5x2","4 Minitore"))))))) -> 7,32x2,44 | I71: =IF(F71="Großfeld","5",IF(F71="U16","5",IF(F71="U15","5",IF(F71="U14","4",IF(F71="U13","4",IF(F71="U11/U12","4",IF(F71="U9/U10","4",IF(F71="U9","4","3")))))))) -> 5 | J71: =IF(A71="KM Neufeld","Pleninger Stefan",IF(A71="U16 LL","Josch Kögl",IF(A71="U15 LL Nord","Serdar Ekinci",IF(A71="U14 Nord","Gernot Servelda",IF(A71="U13 - Nord","Thomas Pöschl & Lenz Honc",IF(A71="U11 Nord D","Mario Magler&Ronny Archam",IF(A71="U9","Thomas Brandl&Daniel Hofbauer",IF(A71="U8","Berger Tobias&Sebastian Putric",IF(A71="U7","Türkes Ömer&Mahsumi Taha",IF(A71="Camp","Berger Dieter",IF(A71="Turnier","Berger Dieter","FEHLER"))))))))))) -> Berger Tobias&Sebastian Putric | K71: =IF(A71="KM Neufeld","+43 664 415 99 09",IF(A71="U16 LL","+43 650 262 82 63",IF(A71="U15 LL Nord","+43 650 701 02 44",IF(A71="U14 - Nord","+43 676 401 09 13",IF(A71="U13 - Nord","+43 677 613 55 114 & +43 664 114 43 52",IF(A71="U11 Nord D","+43 664 762 09 93 & +43 699 111 93 828",IF(A71="U9","+43 676 377 16 30 & +43 399 197 871 81",IF(A71="U8","+43 660 199 13 52 & +43 660 914 92 36",IF(A71="U7","+43 676 661 62 26 & +43 681 208 115 99",IF(A71="Camp","+43 660 77 39 500",IF(A71="Turnier","+43 660 77 39 500","FEHLER"))))))))))) -> +43 660 199 13 52 & +43 660 914 92 36
A72: =Heimspiele!C73 -> U8 | B72: =Heimspiele!D73 -> 46091 | D72: =Heimspiele!F73 -> 0 | E72: =Heimspiele!G73 -> 0 | F72: Großfeld | G72: =IF(F72="Großfeld","Großfeld",IF(F72="U16","Großfeld",IF(F72="U15","Großfeld",IF(F72="U14","Großfeld",IF(F72="U13","75x55",IF(F72="U11/U12","55x40",IF(F72="U9/U10","40x25",IF(F72="U8","29x22","25x20")))))))) -> Großfeld | H72: =IF(F72="Großfeld","7,32x2,44",IF(F72="U16","7,32x2,44",IF(F72="U15","7,32x2,44",IF(F72="U14","7,32x2,44",IF(F72="U13","5x2",IF(F72="U11/U12","5x2",IF(F72="U9/U10","5x2","4 Minitore"))))))) -> 7,32x2,44 | I72: =IF(F72="Großfeld","5",IF(F72="U16","5",IF(F72="U15","5",IF(F72="U14","4",IF(F72="U13","4",IF(F72="U11/U12","4",IF(F72="U9/U10","4",IF(F72="U9","4","3")))))))) -> 5 | J72: =IF(A72="KM Neufeld","Pleninger Stefan",IF(A72="U16 LL","Josch Kögl",IF(A72="U15 LL Nord","Serdar Ekinci",IF(A72="U14 Nord","Gernot Servelda",IF(A72="U13 - Nord","Thomas Pöschl & Lenz Honc",IF(A72="U11 Nord D","Mario Magler&Ronny Archam",IF(A72="U9","Thomas Brandl&Daniel Hofbauer",IF(A72="U8","Berger Tobias&Sebastian Putric",IF(A72="U7","Türkes Ömer&Mahsumi Taha",IF(A72="Camp","Berger Dieter",IF(A72="Turnier","Berger Dieter","FEHLER"))))))))))) -> Berger Tobias&Sebastian Putric | K72: =IF(A72="KM Neufeld","+43 664 415 99 09",IF(A72="U16 LL","+43 650 262 82 63",IF(A72="U15 LL Nord","+43 650 701 02 44",IF(A72="U14 - Nord","+43 676 401 09 13",IF(A72="U13 - Nord","+43 677 613 55 114 & +43 664 114 43 52",IF(A72="U11 Nord D","+43 664 762 09 93 & +43 699 111 93 828",IF(A72="U9","+43 676 377 16 30 & +43 399 197 871 81",IF(A72="U8","+43 660 199 13 52 & +43 660 914 92 36",IF(A72="U7","+43 676 661 62 26 & +43 681 208 115 99",IF(A72="Camp","+43 660 77 39 500",IF(A72="Turnier","+43 660 77 39 500","FEHLER"))))))))))) -> +43 660 199 13 52 & +43 660 914 92 36
A73: =Heimspiele!C74 -> U8 | B73: =Heimspiele!D74 -> 46092 | D73: =Heimspiele!F74 -> 0 | E73: =Heimspiele!G74 -> 0 | F73: Großfeld | G73: =IF(F73="Großfeld","Großfeld",IF(F73="U16","Großfeld",IF(F73="U15","Großfeld",IF(F73="U14","Großfeld",IF(F73="U13","75x55",IF(F73="U11/U12","55x40",IF(F73="U9/U10","40x25",IF(F73="U8","29x22","25x20")))))))) -> Großfeld | H73: =IF(F73="Großfeld","7,32x2,44",IF(F73="U16","7,32x2,44",IF(F73="U15","7,32x2,44",IF(F73="U14","7,32x2,44",IF(F73="U13","5x2",IF(F73="U11/U12","5x2",IF(F73="U9/U10","5x2","4 Minitore"))))))) -> 7,32x2,44 | I73: =IF(F73="Großfeld","5",IF(F73="U16","5",IF(F73="U15","5",IF(F73="U14","4",IF(F73="U13","4",IF(F73="U11/U12","4",IF(F73="U9/U10","4",IF(F73="U9","4","3")))))))) -> 5 | J73: =IF(A73="KM Neufeld","Pleninger Stefan",IF(A73="U16 LL","Josch Kögl",IF(A73="U15 LL Nord","Serdar Ekinci",IF(A73="U14 Nord","Gernot Servelda",IF(A73="U13 - Nord","Thomas Pöschl & Lenz Honc",IF(A73="U11 Nord D","Mario Magler&Ronny Archam",IF(A73="U9","Thomas Brandl&Daniel Hofbauer",IF(A73="U8","Berger Tobias&Sebastian Putric",IF(A73="U7","Türkes Ömer&Mahsumi Taha",IF(A73="Camp","Berger Dieter",IF(A73="Turnier","Berger Dieter","FEHLER"))))))))))) -> Berger Tobias&Sebastian Putric | K73: =IF(A73="KM Neufeld","+43 664 415 99 09",IF(A73="U16 LL","+43 650 262 82 63",IF(A73="U15 LL Nord","+43 650 701 02 44",IF(A73="U14 - Nord","+43 676 401 09 13",IF(A73="U13 - Nord","+43 677 613 55 114 & +43 664 114 43 52",IF(A73="U11 Nord D","+43 664 762 09 93 & +43 699 111 93 828",IF(A73="U9","+43 676 377 16 30 & +43 399 197 871 81",IF(A73="U8","+43 660 199 13 52 & +43 660 914 92 36",IF(A73="U7","+43 676 661 62 26 & +43 681 208 115 99",IF(A73="Camp","+43 660 77 39 500",IF(A73="Turnier","+43 660 77 39 500","FEHLER"))))))))))) -> +43 660 199 13 52 & +43 660 914 92 36
A74: =Heimspiele!C60 -> U14 | B74: =Heimspiele!D60 -> 46040 | C74: =Heimspiele!E60 -> 0 | D74: =Heimspiele!F60 -> 0 | E74: =Heimspiele!G60 -> 0 | F74: U14 | G74: =IF(F74="Großfeld","Großfeld",IF(F74="U16","Großfeld",IF(F74="U15","Großfeld",IF(F74="U14","Großfeld",IF(F74="U13","75x55",IF(F74="U11/U12","55x40",IF(F74="U9/U10","40x25",IF(F74="U8","29x22","25x20")))))))) -> Großfeld | H74: =IF(F74="Großfeld","7,32x2,44",IF(F74="U16","7,32x2,44",IF(F74="U15","7,32x2,44",IF(F74="U14","7,32x2,44",IF(F74="U13","5x2",IF(F74="U11/U12","5x2",IF(F74="U9/U10","5x2","4 Minitore"))))))) -> 7,32x2,44 | I74: =IF(F74="Großfeld","5",IF(F74="U16","5",IF(F74="U15","5",IF(F74="U14","4",IF(F74="U13","4",IF(F74="U11/U12","4",IF(F74="U9/U10","4",IF(F74="U9","4","3")))))))) -> 4 | J74: =IF(A74="KM Neufeld","Pleninger Stefan",IF(A74="U16 LL","Josch Kögl",IF(A74="U15 LL Nord","Serdar Ekinci",IF(A74="U14 Nord","Gernot Servelda",IF(A74="U13 Nord","Thomas Pöschl & Lenz Honc",IF(A74="U11 Nord D","Mario Magler&Ronny Archam",IF(A74="U9","Thomas Brandl&Daniel Hofbauer",IF(A74="U8","Berger Tobias&Sebastian Putric",IF(A74="U7","Türkes Ömer&Mahsumi Taha",IF(A74="Camp","Berger Dieter",IF(A74="Turnier","Berger Dieter","FEHLER"))))))))))) -> FEHLER | K74: =IF(A74="KM Neufeld","+43 664 415 99 09",IF(A74="U16 LL","+43 650 262 82 63",IF(A74="U15 LL Nord","+43 650 701 02 44",IF(A74="U14 Nord","+43 676 401 09 13",IF(A74="U13 Nord","+43 677 613 55 114 & +43 664 114 43 52",IF(A74="U11 Nord D","+43 664 762 09 93 & +43 699 111 93 828",IF(A74="U9","+43 676 377 16 30 & +43 399 197 871 81",IF(A74="U8","+43 660 199 13 52 & +43 660 914 92 36",IF(A74="U7","+43 676 661 62 26 & +43 681 208 115 99",IF(A74="Camp","+43 660 77 39 500",IF(A74="Turnier","+43 660 77 39 500","FEHLER"))))))))))) -> FEHLER
A75: =Heimspiele!C76 -> U7 | B75: =Heimspiele!D76 -> 46094 | D75: =Heimspiele!F76 -> 0 | E75: =Heimspiele!G76 -> 0 | F75: Großfeld | G75: =IF(F75="Großfeld","Großfeld",IF(F75="U16","Großfeld",IF(F75="U15","Großfeld",IF(F75="U14","Großfeld",IF(F75="U13","75x55",IF(F75="U11/U12","55x40",IF(F75="U9/U10","40x25",IF(F75="U8","29x22","25x20")))))))) -> Großfeld | H75: =IF(F75="Großfeld","7,32x2,44",IF(F75="U16","7,32x2,44",IF(F75="U15","7,32x2,44",IF(F75="U14","7,32x2,44",IF(F75="U13","5x2",IF(F75="U11/U12","5x2",IF(F75="U9/U10","5x2","4 Minitore"))))))) -> 7,32x2,44 | I75: =IF(F75="Großfeld","5",IF(F75="U16","5",IF(F75="U15","5",IF(F75="U14","4",IF(F75="U13","4",IF(F75="U11/U12","4",IF(F75="U9/U10","4",IF(F75="U9","4","3")))))))) -> 5 | J75: =IF(A75="KM Neufeld","Pleninger Stefan",IF(A75="U16 LL","Josch Kögl",IF(A75="U15 LL Nord","Serdar Ekinci",IF(A75="U14 Nord","Gernot Servelda",IF(A75="U13 - Nord","Thomas Pöschl & Lenz Honc",IF(A75="U11 Nord D","Mario Magler&Ronny Archam",IF(A75="U9","Thomas Brandl&Daniel Hofbauer",IF(A75="U8","Berger Tobias&Sebastian Putric",IF(A75="U7","Türkes Ömer&Mahsumi Taha",IF(A75="Camp","Berger Dieter",IF(A75="Turnier","Berger Dieter","FEHLER"))))))))))) -> Türkes Ömer&Mahsumi Taha | K75: =IF(A75="KM Neufeld","+43 664 415 99 09",IF(A75="U16 LL","+43 650 262 82 63",IF(A75="U15 LL Nord","+43 650 701 02 44",IF(A75="U14 - Nord","+43 676 401 09 13",IF(A75="U13 - Nord","+43 677 613 55 114 & +43 664 114 43 52",IF(A75="U11 Nord D","+43 664 762 09 93 & +43 699 111 93 828",IF(A75="U9","+43 676 377 16 30 & +43 399 197 871 81",IF(A75="U8","+43 660 199 13 52 & +43 660 914 92 36",IF(A75="U7","+43 676 661 62 26 & +43 681 208 115 99",IF(A75="Camp","+43 660 77 39 500",IF(A75="Turnier","+43 660 77 39 500","FEHLER"))))))))))) -> +43 676 661 62 26 & +43 681 208 115 99
A76: =Heimspiele!C77 -> U7 | B76: =Heimspiele!D77 -> 46095 | D76: =Heimspiele!F77 -> 0 | E76: =Heimspiele!G77 -> 0 | F76: Großfeld | G76: =IF(F76="Großfeld","Großfeld",IF(F76="U16","Großfeld",IF(F76="U15","Großfeld",IF(F76="U14","Großfeld",IF(F76="U13","75x55",IF(F76="U11/U12","55x40",IF(F76="U9/U10","40x25",IF(F76="U8","29x22","25x20")))))))) -> Großfeld | H76: =IF(F76="Großfeld","7,32x2,44",IF(F76="U16","7,32x2,44",IF(F76="U15","7,32x2,44",IF(F76="U14","7,32x2,44",IF(F76="U13","5x2",IF(F76="U11/U12","5x2",IF(F76="U9/U10","5x2","4 Minitore"))))))) -> 7,32x2,44 | I76: =IF(F76="Großfeld","5",IF(F76="U16","5",IF(F76="U15","5",IF(F76="U14","4",IF(F76="U13","4",IF(F76="U11/U12","4",IF(F76="U9/U10","4",IF(F76="U9","4","3")))))))) -> 5 | J76: =IF(A76="KM Neufeld","Pleninger Stefan",IF(A76="U16 LL","Josch Kögl",IF(A76="U15 LL Nord","Serdar Ekinci",IF(A76="U14 Nord","Gernot Servelda",IF(A76="U13 - Nord","Thomas Pöschl & Lenz Honc",IF(A76="U11 Nord D","Mario Magler&Ronny Archam",IF(A76="U9","Thomas Brandl&Daniel Hofbauer",IF(A76="U8","Berger Tobias&Sebastian Putric",IF(A76="U7","Türkes Ömer&Mahsumi Taha",IF(A76="Camp","Berger Dieter",IF(A76="Turnier","Berger Dieter","FEHLER"))))))))))) -> Türkes Ömer&Mahsumi Taha | K76: =IF(A76="KM Neufeld","+43 664 415 99 09",IF(A76="U16 LL","+43 650 262 82 63",IF(A76="U15 LL Nord","+43 650 701 02 44",IF(A76="U14 - Nord","+43 676 401 09 13",IF(A76="U13 - Nord","+43 677 613 55 114 & +43 664 114 43 52",IF(A76="U11 Nord D","+43 664 762 09 93 & +43 699 111 93 828",IF(A76="U9","+43 676 377 16 30 & +43 399 197 871 81",IF(A76="U8","+43 660 199 13 52 & +43 660 914 92 36",IF(A76="U7","+43 676 661 62 26 & +43 681 208 115 99",IF(A76="Camp","+43 660 77 39 500",IF(A76="Turnier","+43 660 77 39 500","FEHLER"))))))))))) -> +43 676 661 62 26 & +43 681 208 115 99
A77: =Heimspiele!C78 -> U7 | B77: =Heimspiele!D78 -> 46096 | D77: =Heimspiele!F78 -> 0 | E77: =Heimspiele!G78 -> 0 | F77: Großfeld | G77: =IF(F77="Großfeld","Großfeld",IF(F77="U16","Großfeld",IF(F77="U15","Großfeld",IF(F77="U14","Großfeld",IF(F77="U13","75x55",IF(F77="U11/U12","55x40",IF(F77="U9/U10","40x25",IF(F77="U8","29x22","25x20")))))))) -> Großfeld | H77: =IF(F77="Großfeld","7,32x2,44",IF(F77="U16","7,32x2,44",IF(F77="U15","7,32x2,44",IF(F77="U14","7,32x2,44",IF(F77="U13","5x2",IF(F77="U11/U12","5x2",IF(F77="U9/U10","5x2","4 Minitore"))))))) -> 7,32x2,44 | I77: =IF(F77="Großfeld","5",IF(F77="U16","5",IF(F77="U15","5",IF(F77="U14","4",IF(F77="U13","4",IF(F77="U11/U12","4",IF(F77="U9/U10","4",IF(F77="U9","4","3")))))))) -> 5 | J77: =IF(A77="KM Neufeld","Pleninger Stefan",IF(A77="U16 LL","Josch Kögl",IF(A77="U15 LL Nord","Serdar Ekinci",IF(A77="U14 Nord","Gernot Servelda",IF(A77="U13 - Nord","Thomas Pöschl & Lenz Honc",IF(A77="U11 Nord D","Mario Magler&Ronny Archam",IF(A77="U9","Thomas Brandl&Daniel Hofbauer",IF(A77="U8","Berger Tobias&Sebastian Putric",IF(A77="U7","Türkes Ömer&Mahsumi Taha",IF(A77="Camp","Berger Dieter",IF(A77="Turnier","Berger Dieter","FEHLER"))))))))))) -> Türkes Ömer&Mahsumi Taha | K77: =IF(A77="KM Neufeld","+43 664 415 99 09",IF(A77="U16 LL","+43 650 262 82 63",IF(A77="U15 LL Nord","+43 650 701 02 44",IF(A77="U14 - Nord","+43 676 401 09 13",IF(A77="U13 - Nord","+43 677 613 55 114 & +43 664 114 43 52",IF(A77="U11 Nord D","+43 664 762 09 93 & +43 699 111 93 828",IF(A77="U9","+43 676 377 16 30 & +43 399 197 871 81",IF(A77="U8","+43 660 199 13 52 & +43 660 914 92 36",IF(A77="U7","+43 676 661 62 26 & +43 681 208 115 99",IF(A77="Camp","+43 660 77 39 500",IF(A77="Turnier","+43 660 77 39 500","FEHLER"))))))))))) -> +43 676 661 62 26 & +43 681 208 115 99
A78: =Heimspiele!C79 -> U7 | B78: =Heimspiele!D79 -> 46097 | D78: =Heimspiele!F79 -> 0 | E78: =Heimspiele!G79 -> 0 | F78: Großfeld | G78: =IF(F78="Großfeld","Großfeld",IF(F78="U16","Großfeld",IF(F78="U15","Großfeld",IF(F78="U14","Großfeld",IF(F78="U13","75x55",IF(F78="U11/U12","55x40",IF(F78="U9/U10","40x25",IF(F78="U8","29x22","25x20")))))))) -> Großfeld | H78: =IF(F78="Großfeld","7,32x2,44",IF(F78="U16","7,32x2,44",IF(F78="U15","7,32x2,44",IF(F78="U14","7,32x2,44",IF(F78="U13","5x2",IF(F78="U11/U12","5x2",IF(F78="U9/U10","5x2","4 Minitore"))))))) -> 7,32x2,44 | I78: =IF(F78="Großfeld","5",IF(F78="U16","5",IF(F78="U15","5",IF(F78="U14","4",IF(F78="U13","4",IF(F78="U11/U12","4",IF(F78="U9/U10","4",IF(F78="U9","4","3")))))))) -> 5 | J78: =IF(A78="KM Neufeld","Pleninger Stefan",IF(A78="U16 LL","Josch Kögl",IF(A78="U15 LL Nord","Serdar Ekinci",IF(A78="U14 Nord","Gernot Servelda",IF(A78="U13 - Nord","Thomas Pöschl & Lenz Honc",IF(A78="U11 Nord D","Mario Magler&Ronny Archam",IF(A78="U9","Thomas Brandl&Daniel Hofbauer",IF(A78="U8","Berger Tobias&Sebastian Putric",IF(A78="U7","Türkes Ömer&Mahsumi Taha",IF(A78="Camp","Berger Dieter",IF(A78="Turnier","Berger Dieter","FEHLER"))))))))))) -> Türkes Ömer&Mahsumi Taha | K78: =IF(A78="KM Neufeld","+43 664 415 99 09",IF(A78="U16 LL","+43 650 262 82 63",IF(A78="U15 LL Nord","+43 650 701 02 44",IF(A78="U14 - Nord","+43 676 401 09 13",IF(A78="U13 - Nord","+43 677 613 55 114 & +43 664 114 43 52",IF(A78="U11 Nord D","+43 664 762 09 93 & +43 699 111 93 828",IF(A78="U9","+43 676 377 16 30 & +43 399 197 871 81",IF(A78="U8","+43 660 199 13 52 & +43 660 914 92 36",IF(A78="U7","+43 676 661 62 26 & +43 681 208 115 99",IF(A78="Camp","+43 660 77 39 500",IF(A78="Turnier","+43 660 77 39 500","FEHLER"))))))))))) -> +43 676 661 62 26 & +43 681 208 115 99
A79: =Heimspiele!C62 -> U14 | B79: =Heimspiele!D62 -> 46041 | C79: =Heimspiele!E62 -> 0 | D79: =Heimspiele!F62 -> 0 | E79: =Heimspiele!G62 -> 0 | F79: U14 | G79: =IF(F79="Großfeld","Großfeld",IF(F79="U16","Großfeld",IF(F79="U15","Großfeld",IF(F79="U14","Großfeld",IF(F79="U13","75x55",IF(F79="U11/U12","55x40",IF(F79="U9/U10","40x25",IF(F79="U8","29x22","25x20")))))))) -> Großfeld | H79: =IF(F79="Großfeld","7,32x2,44",IF(F79="U16","7,32x2,44",IF(F79="U15","7,32x2,44",IF(F79="U14","7,32x2,44",IF(F79="U13","5x2",IF(F79="U11/U12","5x2",IF(F79="U9/U10","5x2","4 Minitore"))))))) -> 7,32x2,44 | I79: =IF(F79="Großfeld","5",IF(F79="U16","5",IF(F79="U15","5",IF(F79="U14","4",IF(F79="U13","4",IF(F79="U11/U12","4",IF(F79="U9/U10","4",IF(F79="U9","4","3")))))))) -> 4 | J79: =IF(A79="KM Neufeld","Pleninger Stefan",IF(A79="U16 LL","Josch Kögl",IF(A79="U15 LL Nord","Serdar Ekinci",IF(A79="U14 Nord","Gernot Servelda",IF(A79="U13 Nord","Thomas Pöschl & Lenz Honc",IF(A79="U11 Nord D","Mario Magler&Ronny Archam",IF(A79="U9","Thomas Brandl&Daniel Hofbauer",IF(A79="U8","Berger Tobias&Sebastian Putric",IF(A79="U7","Türkes Ömer&Mahsumi Taha",IF(A79="Camp","Berger Dieter",IF(A79="Turnier","Berger Dieter","FEHLER"))))))))))) -> FEHLER | K79: =IF(A79="KM Neufeld","+43 664 415 99 09",IF(A79="U16 LL","+43 650 262 82 63",IF(A79="U15 LL Nord","+43 650 701 02 44",IF(A79="U14 Nord","+43 676 401 09 13",IF(A79="U13 Nord","+43 677 613 55 114 & +43 664 114 43 52",IF(A79="U11 Nord D","+43 664 762 09 93 & +43 699 111 93 828",IF(A79="U9","+43 676 377 16 30 & +43 399 197 871 81",IF(A79="U8","+43 660 199 13 52 & +43 660 914 92 36",IF(A79="U7","+43 676 661 62 26 & +43 681 208 115 99",IF(A79="Camp","+43 660 77 39 500",IF(A79="Turnier","+43 660 77 39 500","FEHLER"))))))))))) -> FEHLER
A80: =Heimspiele!C65 -> U11 | B80: =Heimspiele!D65 -> 46164 | C80: =Heimspiele!E65 -> 0.70833333 | D80: =Heimspiele!F65 -> 0 | E80: =Heimspiele!G65 -> 0 | F80: U11/U12 | G80: =IF(F80="Großfeld","Großfeld",IF(F80="U16","Großfeld",IF(F80="U15","Großfeld",IF(F80="U14","Großfeld",IF(F80="U13","75x55",IF(F80="U11/U12","55x40",IF(F80="U9/U10","40x25",IF(F80="U8","29x22","25x20")))))))) -> 55x40 | H80: =IF(F80="Großfeld","7,32x2,44",IF(F80="U16","7,32x2,44",IF(F80="U15","7,32x2,44",IF(F80="U14","7,32x2,44",IF(F80="U13","5x2",IF(F80="U11/U12","5x2",IF(F80="U9/U10","5x2","4 Minitore"))))))) -> 5x2 | I80: =IF(F80="Großfeld","5",IF(F80="U16","5",IF(F80="U15","5",IF(F80="U14","4",IF(F80="U13","4",IF(F80="U11/U12","4",IF(F80="U9/U10","4",IF(F80="U9","4","3")))))))) -> 4 | J80: =IF(A80="KM Neufeld","Pleninger Stefan",IF(A80="U16 LL","Josch Kögl",IF(A80="U15 LL Nord","Serdar Ekinci",IF(A80="U14 Nord","Gernot Servelda",IF(A80="U13 Nord","Thomas Pöschl & Lenz Honc",IF(A80="U11 Nord D","Mario Magler&Ronny Archam",IF(A80="U9","Thomas Brandl&Daniel Hofbauer",IF(A80="U8","Berger Tobias&Sebastian Putric",IF(A80="U7","Türkes Ömer&Mahsumi Taha",IF(A80="Camp","Berger Dieter",IF(A80="Turnier","Berger Dieter","FEHLER"))))))))))) -> FEHLER | K80: =IF(A80="KM Neufeld","+43 664 415 99 09",IF(A80="U16 LL","+43 650 262 82 63",IF(A80="U15 LL Nord","+43 650 701 02 44",IF(A80="U14 Nord","+43 676 401 09 13",IF(A80="U13 Nord","+43 677 613 55 114 & +43 664 114 43 52",IF(A80="U11 Nord D","+43 664 762 09 93 & +43 699 111 93 828",IF(A80="U9","+43 676 377 16 30 & +43 399 197 871 81",IF(A80="U8","+43 660 199 13 52 & +43 660 914 92 36",IF(A80="U7","+43 676 661 62 26 & +43 681 208 115 99",IF(A80="Camp","+43 660 77 39 500",IF(A80="Turnier","+43 660 77 39 500","FEHLER"))))))))))) -> FEHLER
A81: =Heimspiele!C70 -> U12_1 | B81: =Heimspiele!D70 -> 46048 | C81: =Heimspiele!E70 -> 0 | D81: =Heimspiele!F70 -> 0 | E81: =Heimspiele!G70 -> 0 | F81: U13 | G81: =IF(F81="Großfeld","Großfeld",IF(F81="U16","Großfeld",IF(F81="U15","Großfeld",IF(F81="U14","Großfeld",IF(F81="U13","75x55",IF(F81="U11/U12","55x40",IF(F81="U9/U10","40x25",IF(F81="U8","29x22","25x20")))))))) -> 75x55 | H81: =IF(F81="Großfeld","7,32x2,44",IF(F81="U16","7,32x2,44",IF(F81="U15","7,32x2,44",IF(F81="U14","7,32x2,44",IF(F81="U13","5x2",IF(F81="U11/U12","5x2",IF(F81="U9/U10","5x2","4 Minitore"))))))) -> 5x2 | I81: =IF(F81="Großfeld","5",IF(F81="U16","5",IF(F81="U15","5",IF(F81="U14","4",IF(F81="U13","4",IF(F81="U11/U12","4",IF(F81="U9/U10","4",IF(F81="U9","4","3")))))))) -> 4 | J81: =IF(A81="KM Neufeld","Pleninger Stefan",IF(A81="U16 LL","Josch Kögl",IF(A81="U15 LL Nord","Serdar Ekinci",IF(A81="U14 Nord","Gernot Servelda",IF(A81="U13 Nord","Thomas Pöschl & Lenz Honc",IF(A81="U11 Nord D","Mario Magler&Ronny Archam",IF(A81="U9","Thomas Brandl&Daniel Hofbauer",IF(A81="U8","Berger Tobias&Sebastian Putric",IF(A81="U7","Türkes Ömer&Mahsumi Taha",IF(A81="Camp","Berger Dieter",IF(A81="Turnier","Berger Dieter","FEHLER"))))))))))) -> FEHLER | K81: =IF(A81="KM Neufeld","+43 664 415 99 09",IF(A81="U16 LL","+43 650 262 82 63",IF(A81="U15 LL Nord","+43 650 701 02 44",IF(A81="U14 Nord","+43 676 401 09 13",IF(A81="U13 Nord","+43 677 613 55 114 & +43 664 114 43 52",IF(A81="U11 Nord D","+43 664 762 09 93 & +43 699 111 93 828",IF(A81="U9","+43 676 377 16 30 & +43 399 197 871 81",IF(A81="U8","+43 660 199 13 52 & +43 660 914 92 36",IF(A81="U7","+43 676 661 62 26 & +43 681 208 115 99",IF(A81="Camp","+43 660 77 39 500",IF(A81="Turnier","+43 660 77 39 500","FEHLER"))))))))))) -> FEHLER
A82: =Heimspiele!C75 -> KM | B82: =Heimspiele!D75 -> 46333 | C82: =Heimspiele!E75 -> 0.58333333 | D82: =Heimspiele!F75 -> Neufeld | E82: =Heimspiele!G75 -> Andau | F82: Großfeld | G82: =IF(F82="Großfeld","Großfeld",IF(F82="U16","Großfeld",IF(F82="U15","Großfeld",IF(F82="U14","Großfeld",IF(F82="U13","75x55",IF(F82="U11/U12","55x40",IF(F82="U9/U10","40x25",IF(F82="U8","29x22","25x20")))))))) -> Großfeld | H82: =IF(F82="Großfeld","7,32x2,44",IF(F82="U16","7,32x2,44",IF(F82="U15","7,32x2,44",IF(F82="U14","7,32x2,44",IF(F82="U13","5x2",IF(F82="U11/U12","5x2",IF(F82="U9/U10","5x2","4 Minitore"))))))) -> 7,32x2,44 | I82: =IF(F82="Großfeld","5",IF(F82="U16","5",IF(F82="U15","5",IF(F82="U14","4",IF(F82="U13","4",IF(F82="U11/U12","4",IF(F82="U9/U10","4",IF(F82="U9","4","3")))))))) -> 5 | J82: =IF(A82="KM Neufeld","Pleninger Stefan",IF(A82="U16 LL","Josch Kögl",IF(A82="U15 LL Nord","Serdar Ekinci",IF(A82="U14 Nord","Gernot Servelda",IF(A82="U13 Nord","Thomas Pöschl & Lenz Honc",IF(A82="U11 Nord D","Mario Magler&Ronny Archam",IF(A82="U9","Thomas Brandl&Daniel Hofbauer",IF(A82="U8","Berger Tobias&Sebastian Putric",IF(A82="U7","Türkes Ömer&Mahsumi Taha",IF(A82="Camp","Berger Dieter",IF(A82="Turnier","Berger Dieter","FEHLER"))))))))))) -> FEHLER | K82: =IF(A82="KM Neufeld","+43 664 415 99 09",IF(A82="U16 LL","+43 650 262 82 63",IF(A82="U15 LL Nord","+43 650 701 02 44",IF(A82="U14 Nord","+43 676 401 09 13",IF(A82="U13 Nord","+43 677 613 55 114 & +43 664 114 43 52",IF(A82="U11 Nord D","+43 664 762 09 93 & +43 699 111 93 828",IF(A82="U9","+43 676 377 16 30 & +43 399 197 871 81",IF(A82="U8","+43 660 199 13 52 & +43 660 914 92 36",IF(A82="U7","+43 676 661 62 26 & +43 681 208 115 99",IF(A82="Camp","+43 660 77 39 500",IF(A82="Turnier","+43 660 77 39 500","FEHLER"))))))))))) -> FEHLER
A83: =Heimspiele!C80 -> U12_1 | B83: =Heimspiele!D80 -> 46050 | C83: =Heimspiele!E80 -> 0 | D83: =Heimspiele!F80 -> 0 | E83: =Heimspiele!G80 -> 0 | F83: U13 | G83: =IF(F83="Großfeld","Großfeld",IF(F83="U16","Großfeld",IF(F83="U15","Großfeld",IF(F83="U14","Großfeld",IF(F83="U13","75x55",IF(F83="U11/U12","55x40",IF(F83="U9/U10","40x25",IF(F83="U8","29x22","25x20")))))))) -> 75x55 | H83: =IF(F83="Großfeld","7,32x2,44",IF(F83="U16","7,32x2,44",IF(F83="U15","7,32x2,44",IF(F83="U14","7,32x2,44",IF(F83="U13","5x2",IF(F83="U11/U12","5x2",IF(F83="U9/U10","5x2","4 Minitore"))))))) -> 5x2 | I83: =IF(F83="Großfeld","5",IF(F83="U16","5",IF(F83="U15","5",IF(F83="U14","4",IF(F83="U13","4",IF(F83="U11/U12","4",IF(F83="U9/U10","4",IF(F83="U9","4","3")))))))) -> 4 | J83: =IF(A83="KM Neufeld","Pleninger Stefan",IF(A83="U16 LL","Josch Kögl",IF(A83="U15 LL Nord","Serdar Ekinci",IF(A83="U14 Nord","Gernot Servelda",IF(A83="U13 Nord","Thomas Pöschl & Lenz Honc",IF(A83="U11 Nord D","Mario Magler&Ronny Archam",IF(A83="U9","Thomas Brandl&Daniel Hofbauer",IF(A83="U8","Berger Tobias&Sebastian Putric",IF(A83="U7","Türkes Ömer&Mahsumi Taha",IF(A83="Camp","Berger Dieter",IF(A83="Turnier","Berger Dieter","FEHLER"))))))))))) -> FEHLER | K83: =IF(A83="KM Neufeld","+43 664 415 99 09",IF(A83="U16 LL","+43 650 262 82 63",IF(A83="U15 LL Nord","+43 650 701 02 44",IF(A83="U14 Nord","+43 676 401 09 13",IF(A83="U13 Nord","+43 677 613 55 114 & +43 664 114 43 52",IF(A83="U11 Nord D","+43 664 762 09 93 & +43 699 111 93 828",IF(A83="U9","+43 676 377 16 30 & +43 399 197 871 81",IF(A83="U8","+43 660 199 13 52 & +43 660 914 92 36",IF(A83="U7","+43 676 661 62 26 & +43 681 208 115 99",IF(A83="Camp","+43 660 77 39 500",IF(A83="Turnier","+43 660 77 39 500","FEHLER"))))))))))) -> FEHLER
A84: =Heimspiele!C81 -> #REF! | B84: =Heimspiele!D81 -> #REF! | C84: =Heimspiele!E81 -> #REF! | D84: =Heimspiele!F81 -> #REF! | E84: =Heimspiele!G81 -> #REF! | F84: U14 | G84: =IF(F84="Großfeld","Großfeld",IF(F84="U16","Großfeld",IF(F84="U15","Großfeld",IF(F84="U14","Großfeld",IF(F84="U13","75x55",IF(F84="U11/U12","55x40",IF(F84="U9/U10","40x25",IF(F84="U8","29x22","25x20")))))))) -> Großfeld | H84: =IF(F84="Großfeld","7,32x2,44",IF(F84="U16","7,32x2,44",IF(F84="U15","7,32x2,44",IF(F84="U14","7,32x2,44",IF(F84="U13","5x2",IF(F84="U11/U12","5x2",IF(F84="U9/U10","5x2","4 Minitore"))))))) -> 7,32x2,44 | I84: =IF(F84="Großfeld","5",IF(F84="U16","5",IF(F84="U15","5",IF(F84="U14","4",IF(F84="U13","4",IF(F84="U11/U12","4",IF(F84="U9/U10","4",IF(F84="U9","4","3")))))))) -> 4 | J84: =IF(A84="KM Neufeld","Pleninger Stefan",IF(A84="U16 LL","Josch Kögl",IF(A84="U15 LL Nord","Serdar Ekinci",IF(A84="U14 Nord","Gernot Servelda",IF(A84="U13 Nord","Thomas Pöschl & Lenz Honc",IF(A84="U11 Nord D","Mario Magler&Ronny Archam",IF(A84="U9","Thomas Brandl&Daniel Hofbauer",IF(A84="U8","Berger Tobias&Sebastian Putric",IF(A84="U7","Türkes Ömer&Mahsumi Taha",IF(A84="Camp","Berger Dieter",IF(A84="Turnier","Berger Dieter","FEHLER"))))))))))) -> #REF! | K84: =IF(A84="KM Neufeld","+43 664 415 99 09",IF(A84="U16 LL","+43 650 262 82 63",IF(A84="U15 LL Nord","+43 650 701 02 44",IF(A84="U14 Nord","+43 676 401 09 13",IF(A84="U13 Nord","+43 677 613 55 114 & +43 664 114 43 52",IF(A84="U11 Nord D","+43 664 762 09 93 & +43 699 111 93 828",IF(A84="U9","+43 676 377 16 30 & +43 399 197 871 81",IF(A84="U8","+43 660 199 13 52 & +43 660 914 92 36",IF(A84="U7","+43 676 661 62 26 & +43 681 208 115 99",IF(A84="Camp","+43 660 77 39 500",IF(A84="Turnier","+43 660 77 39 500","FEHLER"))))))))))) -> #REF!
A85: =Heimspiele!C82 -> U16 | B85: =Heimspiele!D82 -> 46032 | C85: =Heimspiele!E82 -> 0 | D85: =Heimspiele!F82 -> 0 | E85: =Heimspiele!G82 -> 0 | F85: U16 | G85: =IF(F85="Großfeld","Großfeld",IF(F85="U16","Großfeld",IF(F85="U15","Großfeld",IF(F85="U14","Großfeld",IF(F85="U13","75x55",IF(F85="U11/U12","55x40",IF(F85="U9/U10","40x25",IF(F85="U8","29x22","25x20")))))))) -> Großfeld | H85: =IF(F85="Großfeld","7,32x2,44",IF(F85="U16","7,32x2,44",IF(F85="U15","7,32x2,44",IF(F85="U14","7,32x2,44",IF(F85="U13","5x2",IF(F85="U11/U12","5x2",IF(F85="U9/U10","5x2","4 Minitore"))))))) -> 7,32x2,44 | I85: =IF(F85="Großfeld","5",IF(F85="U16","5",IF(F85="U15","5",IF(F85="U14","4",IF(F85="U13","4",IF(F85="U11/U12","4",IF(F85="U9/U10","4",IF(F85="U9","4","3")))))))) -> 5 | J85: =IF(A85="KM Neufeld","Pleninger Stefan",IF(A85="U16 LL","Josch Kögl",IF(A85="U15 LL Nord","Serdar Ekinci",IF(A85="U14 Nord","Gernot Servelda",IF(A85="U13 Nord","Thomas Pöschl & Lenz Honc",IF(A85="U11 Nord D","Mario Magler&Ronny Archam",IF(A85="U9","Thomas Brandl&Daniel Hofbauer",IF(A85="U8","Berger Tobias&Sebastian Putric",IF(A85="U7","Türkes Ömer&Mahsumi Taha",IF(A85="Camp","Berger Dieter",IF(A85="Turnier","Berger Dieter","FEHLER"))))))))))) -> FEHLER | K85: =IF(A85="KM Neufeld","+43 664 415 99 09",IF(A85="U16 LL","+43 650 262 82 63",IF(A85="U15 LL Nord","+43 650 701 02 44",IF(A85="U14 Nord","+43 676 401 09 13",IF(A85="U13 Nord","+43 677 613 55 114 & +43 664 114 43 52",IF(A85="U11 Nord D","+43 664 762 09 93 & +43 699 111 93 828",IF(A85="U9","+43 676 377 16 30 & +43 399 197 871 81",IF(A85="U8","+43 660 199 13 52 & +43 660 914 92 36",IF(A85="U7","+43 676 661 62 26 & +43 681 208 115 99",IF(A85="Camp","+43 660 77 39 500",IF(A85="Turnier","+43 660 77 39 500","FEHLER"))))))))))) -> FEHLER
A86: =Heimspiele!C83 -> #REF! | B86: =Heimspiele!D83 -> #REF! | C86: =Heimspiele!E83 -> #REF! | D86: =Heimspiele!F83 -> #REF! | E86: =Heimspiele!G83 -> #REF! | F86: Turnier | G86: =IF(F86="Großfeld","Großfeld",IF(F86="U16","Großfeld",IF(F86="U15","Großfeld",IF(F86="U14","Großfeld",IF(F86="U13","75x55",IF(F86="U11/U12","55x40",IF(F86="U9/U10","40x25",IF(F86="U8","29x22","25x20")))))))) -> 25x20 | H86: =IF(F86="Großfeld","7,32x2,44",IF(F86="U16","7,32x2,44",IF(F86="U15","7,32x2,44",IF(F86="U14","7,32x2,44",IF(F86="U13","5x2",IF(F86="U11/U12","5x2",IF(F86="U9/U10","5x2",IF(F86="Turnier","5x2","4 Minitore")))))))) -> 5x2 | I86: =IF(F86="Großfeld","5",IF(F86="U16","5",IF(F86="U15","5",IF(F86="U14","4",IF(F86="U13","4",IF(F86="U11/U12","4",IF(F86="U9/U10","4",IF(F86="U9","4","3")))))))) -> 3 | J86: =IF(A86="KM Neufeld","Pleninger Stefan",IF(A86="U16 LL","Josch Kögl",IF(A86="U15 LL Nord","Serdar Ekinci",IF(A86="U14 Nord","Gernot Servelda",IF(A86="U13 Nord","Thomas Pöschl & Lenz Honc",IF(A86="U11 Nord D","Mario Magler&Ronny Archam",IF(A86="U9","Thomas Brandl&Daniel Hofbauer",IF(A86="U8","Berger Tobias&Sebastian Putric",IF(A86="U7","Türkes Ömer&Mahsumi Taha",IF(A86="Camp","Berger Dieter",IF(A86="Turnier","Berger Dieter","FEHLER"))))))))))) -> #REF! | K86: =IF(A86="KM Neufeld","+43 664 415 99 09",IF(A86="U16 LL","+43 650 262 82 63",IF(A86="U15 LL Nord","+43 650 701 02 44",IF(A86="U14 Nord","+43 676 401 09 13",IF(A86="U13 Nord","+43 677 613 55 114 & +43 664 114 43 52",IF(A86="U11 Nord D","+43 664 762 09 93 & +43 699 111 93 828",IF(A86="U9","+43 676 377 16 30 & +43 399 197 871 81",IF(A86="U8","+43 660 199 13 52 & +43 660 914 92 36",IF(A86="U7","+43 676 661 62 26 & +43 681 208 115 99",IF(A86="Camp","+43 660 77 39 500",IF(A86="Turnier","+43 660 77 39 500","FEHLER"))))))))))) -> #REF!
A87: =Heimspiele!C84 -> GGG | B87: =Heimspiele!D84 -> 46256 | C87: =Heimspiele!E84 -> 0.375 | D87: =Heimspiele!F84 -> Neufeld | E87: =Heimspiele!G84 -> viele Gegner | F87: Turnier | G87: =IF(F87="Großfeld","Großfeld",IF(F87="U16","Großfeld",IF(F87="U15","Großfeld",IF(F87="U14","Großfeld",IF(F87="U13","75x55",IF(F87="U11/U12","55x40",IF(F87="U9/U10","40x25",IF(F87="U8","29x22","25x20")))))))) -> 25x20 | H87: =IF(F87="Großfeld","7,32x2,44",IF(F87="U16","7,32x2,44",IF(F87="U15","7,32x2,44",IF(F87="U14","7,32x2,44",IF(F87="U13","5x2",IF(F87="U11/U12","5x2",IF(F87="U9/U10","5x2",IF(F86="Turnier","5x2","4 Minitore")))))))) -> 5x2 | I87: =IF(F87="Großfeld","5",IF(F87="U16","5",IF(F87="U15","5",IF(F87="U14","4",IF(F87="U13","4",IF(F87="U11/U12","4",IF(F87="U9/U10","4",IF(F87="U9","4","3")))))))) -> 3 | J87: =IF(A87="KM Neufeld","Pleninger Stefan",IF(A87="U16 LL","Josch Kögl",IF(A87="U15 LL Nord","Serdar Ekinci",IF(A87="U14 Nord","Gernot Servelda",IF(A87="U13 Nord","Thomas Pöschl & Lenz Honc",IF(A87="U11 Nord D","Mario Magler&Ronny Archam",IF(A87="U9","Thomas Brandl&Daniel Hofbauer",IF(A87="U8","Berger Tobias&Sebastian Putric",IF(A87="U7","Türkes Ömer&Mahsumi Taha",IF(A87="Camp","Berger Dieter",IF(A87="Turnier","Berger Dieter","FEHLER"))))))))))) -> FEHLER | K87: =IF(A87="KM Neufeld","+43 664 415 99 09",IF(A87="U16 LL","+43 650 262 82 63",IF(A87="U15 LL Nord","+43 650 701 02 44",IF(A87="U14 Nord","+43 676 401 09 13",IF(A87="U13 Nord","+43 677 613 55 114 & +43 664 114 43 52",IF(A87="U11 Nord D","+43 664 762 09 93 & +43 699 111 93 828",IF(A87="U9","+43 676 377 16 30 & +43 399 197 871 81",IF(A87="U8","+43 660 199 13 52 & +43 660 914 92 36",IF(A87="U7","+43 676 661 62 26 & +43 681 208 115 99",IF(A87="Camp","+43 660 77 39 500",IF(A87="Turnier","+43 660 77 39 500","FEHLER"))))))))))) -> FEHLER

Sheet Tabelle2
