Workbook

Sheet Nach Mannschaften sortiert
A1: fortlaufende Nummer | B1: Runde | C1: Mannschaft | D1: fixierter Termin | E1: fixierte Uhrzeit | F1: Ort | G1: Gegner | H1: Auswärt/Heim
A2: 1 | B2: 0 | C2: U15 | D2: 46199 | E2: 0.66666667 | F2: Wimpassing | G2: SK Rapid Wien | H2: Heim
A3: =A2+1 -> 2 | B3: 0 | C3: U16 | D3: 46199 | E3: 0.75 | F3: Wimpassing | G3: SK Rapid Wien | H3: Heim
A4: =A3+1 -> 3 | B4: 0 | C4: KM | D4: 46213 | E4: 0.79166667 | F4: Neudörfl | G4: Neudörfl | H4: Auswärts
A5: =A4+1 -> 4 | B5: 0 | C5: KM | D5: 46217 | E5: 0.8125 | F5: Pöttsching | G5: Pöttsching | H5: Auswärts
A6: =A5+1 -> 5 | B6: 0 | C6: KM | D6: 46220 | E6: 0.79166667 | F6: Rohbach | G6: Rohrbach | H6: Auswärts
A7: =A6+1 -> 6 | B7: 0 | C7: KM | D7: 46227 | E7: 0.8125 | F7: Sommerein | G7: Sommerein | H7: Auswärts
A8: =A7+1 -> 7 | B8: 0 | C8: U23 | D8: 46234 | E8: 0.70833333 | F8: Wiener Neustadt | G8: Admira Wiener Neustadt | H8: Auswärts
A9: =A8+1 -> 8 | B9: 0 | C9: KM | D9: 46235 | E9: 0.72916667 | F9: Kittsee | G9: Kittsee | H9: Auswärts
A10: =A9+1 -> 9 | B10: 0 | C10: U16 | D10: 46236 | E10: 0.4375 | F10: Neufeld | G10: Theresienfeld | H10: Heim
A11: =A10+1 -> 10 | B11: 0 | C11: KM | D11: 46241 | E11: 0.79166667 | F11: Neufeld | G11: Bad Fischau | H11: Heim
A12: =A11+1 -> 11 | B12: 0 | C12: U16 | D12: 46243 | E12: 0.45833333 | F12: Wiener Neudorf | G12: Wiener Neudorf | H12: Auswärts
A13: =A12+1 -> 12 | B13: 0 | C13: U14 | D13: 46243 | E13: 0.625 | F13: Großhöflein | G13: Vienna U13 | H13: Heim
A14: =A13+1 -> 13 | B14: 0 | C14: U23 | D14: 46245 | E14: 0.79166667 | F14: Wr. Neustadt | G14: Admira Wiener Neustadt | H14: Auswärts
... A48: =A47+1 -> 47 | B48: 13 | C48: U23 | D48: 46333 | E48: 0.60416667 | F48: Neufeld | G48: Andau | H48: Heim
A49: =A48+1 -> 48 | B49: 1 | C49: U16 | D49: 46271 | G49: Spielfrei
A50: =A49+1 -> 49 | B50: 2 | C50: U16 | D50: 46277 | E50: 0.52083333 | F50: Gols | G50: GMWP | H50: Auswärts
A51: =A50+1 -> 50 | B51: 3 | C51: U16 | D51: 46284 | E51: 0.70833333 | F51: Wimpassing | G51: Eisenstadt | H51: Heim
A52: =A51+1 -> 51 | B52: 4 | C52: U16 | D52: 46292 | E52: 0.70833333 | F52: Großhöflein | G52: Großhöflein | H52: Auswärts
A53: =A52+1 -> 52 | B53: 5 | C53: U16 | D53: 46298 | E53: 0.58333333 | F53: Neufeld | G53: Neusiedl | H53: Heim
A54: =A53+1 -> 53 | B54: 6 | C54: U16 | D54: 46305 | E54: 0.66666667 | F54: Neufeld | G54: Parndorf | H54: Heim
A55: =A54+1 -> 54 | B55: 7 | C55: U16 | D55: 46311 | E55: 0.75 | F55: St. Georgen | G55: St. Georgen/Eisenstadt | H55: Auswärts
A56: =A55+1 -> 55 | B56: 8 | C56: U16 | D56: 46320 | G56: Spielfrei
A57: =A56+1 -> 56 | B57: 9 | C57: U16 | D57: 46326 | E57: 0.60416667 | F57: Neufeld | G57: SPG GMWP | H57: Heim
A58: =A57+1 -> 57 | B58: 10 | C58: U16 | D58: 46333 | E58: 0.54166667 | F58: Trausdorf | G58: Eisenstadt | H58: Auswärts
A59: =A58+1 -> 58 | B59: 11 | C59: U16 | D59: 46340 | E59: 0.625 | F59: Neufeld | G59: Großhöflein | H59: Heim
A60: =A59+1 -> 59 | B60: 1 | C60: U14 | D60: 46270 | E60: 0.4375 | F60: Großhöflein | G60: St. Georgen/Eisenstadt | H60: Heim
A61: =A60+1 -> 60 | B61: 2 | C61: U14 | D61: 46288 | E61: 0.79166667 | F61: Neudörfl | G61: Neudörfl | H61: Auswärts
A62: =A61+1 -> 61 | B62: 3 | C62: U14 | D62: 46284 | E62: 0.66666667 | F62: Großhöflein | G62: Parndorf | H62: Heim
A63: =A62+1 -> 62 | B63: 4 | C63: U14 | D63: 46292 | E63: 0.4375 | F63: Großhöflein | G63: SPG Seewinkel | H63: Heim
A64: =A63+1 -> 63 | B64: 5 | C64: U14 | D64: 46298 | E64: 0.70833333 | F64: Draßburg | G64: SPG Draßburg/ZSP/Kemeten | H64: Auswärts
A65: =A64+1 -> 64 | B65: 6 | C65: U14 | D65: 46306 | E65: 0.45833333 | F65: Neufeld | G65: SPG Pubach/Breitenbrunn/Winden | H65: Heim
A66: =A65+1 -> 65 | B66: 7 | C66: U14 | D66: 46313 | E66: 0.45833333 | F66: Kemeten | G66: Kemeten | H66: Auswärts
A67: =A66+1 -> 66 | B67: 8 | C67: U14 | D67: 46320 | E67: 0.58333333 | F67: Neufeld | G67: MSV 2020 | H67: Heim
A68: =A67+1 -> 67 | B68: 9 | C68: U14 | D68: 46326 | E68: 0.58333333 | F68: Gols | G68: GMWP | H68: Auswärts
... A104: =A103+1 -> 103 | B104: 2 | C104: U9 | D104: 46278 | E104: 0.45833333 | F104: Neufeld | G104: Steinbrunn | H104: Heim
A105: =A104+1 -> 104 | B105: 3 | C105: U9 | D105: 46283 | G105: Spielfrei
A106: =A105+1 -> 105 | B106: 4 | C106: U9 | D106: 46291 | E106: 0.41666667 | F106: Eisenstadt | G106: Eisenstadt | H106: Auswärts
A107: =A106+1 -> 106 | B107: 5 | C107: U9 | D107: 46298 | E107: 0.39583333 | F107: Neufeld | G107: Hornstein | H107: Heim
A108: =A107+1 -> 107 | B108: 6 | C108: U9 | D108: 46305 | E108: 0.58333333 | F108: Neufeld | G108: Großhöflein | H108: Heim
A109: =A108+1 -> 108 | B109: 7 | C109: U9 | D109: 46312 | E109: 0.39583333 | F109: Steinbrunn | G109: Steinbrunn | H109: Auswärts
A110: =A109+1 -> 109 | B110: 8 | C110: U9 | D110: 46318 | G110: Spielfrei
A111: =A110+1 -> 110 | B111: 9 | C111: U9 | D111: 46326 | E111: 0.4375 | F111: Neufeld | G111: Eisenstadt | H111: Heim
A112: =A111+1 -> 111 | B112: 10 | C112: U9 | D112: 46333 | E112: 0.5 | F112: Hornstein | G112: Hornstein | H112: Auswärts
A113: =A112+1 -> 112 | B113: 1 | C113: U8 | D113: 46312 | E113: 0.39583333 | F113: Neufeld | G113: Heimturnier | H113: Heim
A114: =A113+1 -> 113 | B114: 2 | C114: U8 | D114: 46284 | E114: 0.39583333 | F114: Wimpassing | G114: Turnier | H114: Auswärts
A115: =A114+1 -> 114 | B115: 3 | C115: U8 | D115: 46291 | E115: 0.39583333 | F115: Leithaprodersdorf | G115: Turnier | H115: Auswärts
A116: =A115+1 -> 115 | B116: 4 | C116: U8 | D116: 46305 | E116: 0.39583333 | F116: Hornstein | G116: Turnier | H116: Auswärts
A117: =A116+1 -> 116 | B117: 5 | C117: U8 | D117: 46278 | E117: 0.41666667 | F117: Steinbrunn | G117: Turnier | H117: Auswärts
A118: =A117+1 -> 117 | B118: 1 | C118: U7
A119: =A118+1 -> 118 | B119: 2
A120: =A119+1 -> 119 | B120: 3 | C120: U7
A121: =A120+1 -> 120 | B121: 4 | C121: U7
A122: =A121+1 -> 121 | B122: 5 | C122: U7
A123: =A122+1 -> 122 | B123: 1 | C123: U7 | D123: 46230 | E123: 0.375 | F123: Neufeld | G123: REAL MADRID CAMP | H123: Heim
A124: =A123+1 -> 123 | B124: 2 | C124: Camp | D124: 46231 | E124: 0.375 | F124: Neufeld | G124: REAL MADRID CAMP | H124: Heim
A125: =A124+1 -> 124 | B125: 3 | C125: Camp | D125: 46232 | E125: 0.375 | F125: Neufeld | G125: REAL MADRID CAMP | H125: Heim
A126: =A125+1 -> 125 | B126: 4 | C126: Camp | D126: 46233 | E126: 0.375 | F126: Neufeld | G126: REAL MADRID CAMP | H126: Heim
A127: =A126+1 -> 126 | B127: 5 | C127: Camp | D127: 46234 | E127: 0.375 | F127: Neufeld | G127: REAL MADRID CAMP | H127: Heim
A128: =A127+1 -> 127 | B128: 6 | C128: Camp | D128: 46237 | E128: 0.375 | F128: Neufeld | G128: MÄDCHENCAMP | H128: Heim
A129: =A128+1 -> 128 | B129: 7 | C129: Camp | D129: 46238 | E129: 0.375 | F129: Neufeld | G129: MÄDCHENCAMP | H129: Heim
A130: =A129+1 -> 129 | B130: 8 | C130: Camp | D130: 46239 | E130: 0.375 | F130: Neufeld | G130: MÄDCHENCAMP | H130: Heim
A131: =A130+1 -> 130 | B131: 9 | C131: Camp | D131: 46321 | E131: 0.375 | F131: Neufeld | G131: Teco 7 Camp | H131: Heim
A132: =A131+1 -> 131 | B132: 10 | C132: Camp | D132: 46322 | E132: 0.375 | F132: Neufeld | G132: Teco 7 Camp | H132: Heim
A133: =A132+1 -> 132 | B133: 11 | C133: Camp | D133: 46323 | E133: 0.375 | F133: Neufeld | G133: Teco 7 Camp | H133: Heim
A134: =A133+1 -> 133 | B134: 2 | C134: Camp | D134: 46256 | E134: 0.375 | F134: Neufeld | G134: viele Gegner | H134: Heim
... A142: =A141+1 -> 141 | B142: 0 | C142: Turnier | D142: 46291 | E142: 0.75 | F142: Neufeld | G142: Oktoberfest 2026 | H142: Heim
C143: Fest ASV Neufeld

Sheet ICS2
A1: TITEL | B1: DATUM | C1: STARTZEIT | D1: ENDZEIT | E1: ORT | F1: BESCHREIBUNG | G1: TYP | H1: GEGNER | I1: LIGA | J1: STATUS | K1: SPIELART | L1: ART
B2: ='Nach Mannschaften sortiert'!D2 -> 46199 | C2: ='Nach Mannschaften sortiert'!E2 -> 0.66666667 | D2: =IF(I2="KM",C2+"1:45",IF(I2="U23",C2+"1:45",IF(I2="U16",C2+"1:45",IF(I2="U15",C2+"1:30",IF(I2="U14",C2+"1:30",IF(I2="U13",C2+"1:35",IF(I2="U12_1",C2+"1:10",IF(I2="U12_2",C2+"1:10",IF(I2="U11",C2+"1:10",IF(I2="U10",C2+"1:03",IF(I2="U9",C2+"1:03",C2+"3:00"))))))))))) -> 0.72916667 | E2: =UPPER('Nach Mannschaften sortiert'!F2) -> WIMPASSING | G2: ='Nach Mannschaften sortiert'!H2 -> Heim | H2: ='Nach Mannschaften sortiert'!G2 -> SK Rapid Wien | I2: ='Nach Mannschaften sortiert'!C2 -> U15 | J2: aktiv | K2: Freundschaftsspiel | L2: Spiel
B3: ='Nach Mannschaften sortiert'!D3 -> 46199 | C3: ='Nach Mannschaften sortiert'!E3 -> 0.75 | D3: =IF(I3="KM",C3+"1:45",IF(I3="U23",C3+"1:45",IF(I3="U16",C3+"1:45",IF(I3="U15",C3+"1:30",IF(I3="U14",C3+"1:30",IF(I3="U13",C3+"1:35",IF(I3="U12_1",C3+"1:10",IF(I3="U12_2",C3+"1:10",IF(I3="U11",C3+"1:10",IF(I3="U10",C3+"1:03",IF(I3="U9",C3+"1:03",C3+"3:00"))))))))))) -> 0.82291667 | E3: =UPPER('Nach Mannschaften sortiert'!F3) -> WIMPASSING | G3: ='Nach Mannschaften sortiert'!H3 -> Heim | H3: ='Nach Mannschaften sortiert'!G3 -> SK Rapid Wien | I3: ='Nach Mannschaften sortiert'!C3 -> U16 | J3: aktiv | K3: Freundschaftsspiel | L3: Spiel
B4: ='Nach Mannschaften sortiert'!D4 -> 46213 | C4: ='Nach Mannschaften sortiert'!E4 -> 0.79166667 | D4: =IF(I4="KM",C4+"1:45",IF(I4="U23",C4+"1:45",IF(I4="U16",C4+"1:45",IF(I4="U15",C4+"1:30",IF(I4="U14",C4+"1:30",IF(I4="U13",C4+"1:35",IF(I4="U12_1",C4+"1:10",IF(I4="U12_2",C4+"1:10",IF(I4="U11",C4+"1:10",IF(I4="U10",C4+"1:03",IF(I4="U9",C4+"1:03",C4+"3:00"))))))))))) -> 0.86458333 | E4: =UPPER('Nach Mannschaften sortiert'!F4) -> NEUDÖRFL | G4: ='Nach Mannschaften sortiert'!H4 -> Auswärts | H4: ='Nach Mannschaften sortiert'!G4 -> Neudörfl | I4: ='Nach Mannschaften sortiert'!C4 -> KM | J4: aktiv | K4: Freundschaftsspiel | L4: Spiel
B5: ='Nach Mannschaften sortiert'!D5 -> 46217 | C5: ='Nach Mannschaften sortiert'!E5 -> 0.8125 | D5: =IF(I5="KM",C5+"1:45",IF(I5="U23",C5+"1:45",IF(I5="U16",C5+"1:45",IF(I5="U15",C5+"1:30",IF(I5="U14",C5+"1:30",IF(I5="U13",C5+"1:35",IF(I5="U12_1",C5+"1:10",IF(I5="U12_2",C5+"1:10",IF(I5="U11",C5+"1:10",IF(I5="U10",C5+"1:03",IF(I5="U9",C5+"1:03",C5+"3:00"))))))))))) -> 0.88541667 | E5: =UPPER('Nach Mannschaften sortiert'!F5) -> PÖTTSCHING | G5: ='Nach Mannschaften sortiert'!H5 -> Auswärts | H5: ='Nach Mannschaften sortiert'!G5 -> Pöttsching | I5: ='Nach Mannschaften sortiert'!C5 -> KM | J5: aktiv | K5: Freundschaftsspiel | L5: Spiel
B6: ='Nach Mannschaften sortiert'!D6 -> 46220 | C6: ='Nach Mannschaften sortiert'!E6 -> 0.79166667 | D6: =IF(I6="KM",C6+"1:45",IF(I6="U23",C6+"1:45",IF(I6="U16",C6+"1:45",IF(I6="U15",C6+"1:30",IF(I6="U14",C6+"1:30",IF(I6="U13",C6+"1:35",IF(I6="U12_1",C6+"1:10",IF(I6="U12_2",C6+"1:10",IF(I6="U11",C6+"1:10",IF(I6="U10",C6+"1:03",IF(I6="U9",C6+"1:03",C6+"3:00"))))))))))) -> 0.86458333 | E6: =UPPER('Nach Mannschaften sortiert'!F6) -> ROHBACH | G6: ='Nach Mannschaften sortiert'!H6 -> Auswärts | H6: ='Nach Mannschaften sortiert'!G6 -> Rohrbach | I6: ='Nach Mannschaften sortiert'!C6 -> KM | J6: aktiv | K6: Freundschaftsspiel | L6: Spiel
B7: ='Nach Mannschaften sortiert'!D7 -> 46227 | C7: ='Nach Mannschaften sortiert'!E7 -> 0.8125 | D7: =IF(I7="KM",C7+"1:45",IF(I7="U23",C7+"1:45",IF(I7="U16",C7+"1:45",IF(I7="U15",C7+"1:30",IF(I7="U14",C7+"1:30",IF(I7="U13",C7+"1:35",IF(I7="U12_1",C7+"1:10",IF(I7="U12_2",C7+"1:10",IF(I7="U11",C7+"1:10",IF(I7="U10",C7+"1:03",IF(I7="U9",C7+"1:03",C7+"3:00"))))))))))) -> 0.88541667 | E7: =UPPER('Nach Mannschaften sortiert'!F7) -> SOMMEREIN | G7: ='Nach Mannschaften sortiert'!H7 -> Auswärts | H7: ='Nach Mannschaften sortiert'!G7 -> Sommerein | I7: ='Nach Mannschaften sortiert'!C7 -> KM | J7: aktiv | K7: Freundschaftsspiel | L7: Spiel
B8: ='Nach Mannschaften sortiert'!D8 -> 46234 | C8: ='Nach Mannschaften sortiert'!E8 -> 0.70833333 | D8: =IF(I8="KM",C8+"1:45",IF(I8="U23",C8+"1:45",IF(I8="U16",C8+"1:45",IF(I8="U15",C8+"1:30",IF(I8="U14",C8+"1:30",IF(I8="U13",C8+"1:35",IF(I8="U12_1",C8+"1:10",IF(I8="U12_2",C8+"1:10",IF(I8="U11",C8+"1:10",IF(I8="U10",C8+"1:03",IF(I8="U9",C8+"1:03",C8+"3:00"))))))))))) -> 0.78125 | E8: =UPPER('Nach Mannschaften sortiert'!F8) -> WIENER NEUSTADT | G8: ='Nach Mannschaften sortiert'!H8 -> Auswärts | H8: ='Nach Mannschaften sortiert'!G8 -> Admira Wiener Neustadt | I8: ='Nach Mannschaften sortiert'!C8 -> U23 | J8: abgesagt | K8: Freundschaftsspiel | L8: Spiel
B9: ='Nach Mannschaften sortiert'!D9 -> 46235 | C9: ='Nach Mannschaften sortiert'!E9 -> 0.72916667 | D9: =IF(I9="KM",C9+"1:45",IF(I9="U23",C9+"1:45",IF(I9="U16",C9+"1:45",IF(I9="U15",C9+"1:30",IF(I9="U14",C9+"1:30",IF(I9="U13",C9+"1:35",IF(I9="U12_1",C9+"1:10",IF(I9="U12_2",C9+"1:10",IF(I9="U11",C9+"1:10",IF(I9="U10",C9+"1:03",IF(I9="U9",C9+"1:03",C9+"3:00"))))))))))) -> 0.80208333 | E9: =UPPER('Nach Mannschaften sortiert'!F9) -> KITTSEE | F9: bittere 1:0 Niederlage, somit aus dem BFV-Cup ausgeschieden | G9: ='Nach Mannschaften sortiert'!H9 -> Auswärts | H9: ='Nach Mannschaften sortiert'!G9 -> Kittsee | I9: ='Nach Mannschaften sortiert'!C9 -> KM | J9: aktiv | K9: Freundschaftsspiel | L9: Spiel
B10: ='Nach Mannschaften sortiert'!D10 -> 46236 | C10: ='Nach Mannschaften sortiert'!E10 -> 0.4375 | D10: =IF(I10="KM",C10+"1:45",IF(I10="U23",C10+"1:45",IF(I10="U16",C10+"1:45",IF(I10="U15",C10+"1:30",IF(I10="U14",C10+"1:30",IF(I10="U13",C10+"1:35",IF(I10="U12_1",C10+"1:10",IF(I10="U12_2",C10+"1:10",IF(I10="U11",C10+"1:10",IF(I10="U10",C10+"1:03",IF(I10="U9",C10+"1:03",C10+"3:00"))))))))))) -> 0.51041667 | E10: =UPPER('Nach Mannschaften sortiert'!F10) -> NEUFELD | G10: ='Nach Mannschaften sortiert'!H10 -> Heim | H10: ='Nach Mannschaften sortiert'!G10 -> Theresienfeld | I10: ='Nach Mannschaften sortiert'!C10 -> U16 | J10: abgesagt | K10: Freundschaftsspiel | L10: Spiel
B11: ='Nach Mannschaften sortiert'!D11 -> 46241 | C11: ='Nach Mannschaften sortiert'!E11 -> 0.79166667 | D11: =IF(I11="KM",C11+"1:45",IF(I11="U23",C11+"1:45",IF(I11="U16",C11+"1:45",IF(I11="U15",C11+"1:30",IF(I11="U14",C11+"1:30",IF(I11="U13",C11+"1:35",IF(I11="U12_1",C11+"1:10",IF(I11="U12_2",C11+"1:10",IF(I11="U11",C11+"1:10",IF(I11="U10",C11+"1:03",IF(I11="U9",C11+"1:03",C11+"3:00"))))))))))) -> 0.86458333 | E11: =UPPER('Nach Mannschaften sortiert'!F11) -> NEUFELD | G11: ='Nach Mannschaften sortiert'!H11 -> Heim | H11: ='Nach Mannschaften sortiert'!G11 -> Bad Fischau | I11: ='Nach Mannschaften sortiert'!C11 -> KM | J11: aktiv | K11: Freundschaftsspiel | L11: Spiel
B12: ='Nach Mannschaften sortiert'!D12 -> 46243 | C12: ='Nach Mannschaften sortiert'!E12 -> 0.45833333 | D12: =IF(I12="KM",C12+"1:45",IF(I12="U23",C12+"1:45",IF(I12="U16",C12+"1:45",IF(I12="U15",C12+"1:30",IF(I12="U14",C12+"1:30",IF(I12="U13",C12+"1:35",IF(I12="U12_1",C12+"1:10",IF(I12="U12_2",C12+"1:10",IF(I12="U11",C12+"1:10",IF(I12="U10",C12+"1:03",IF(I12="U9",C12+"1:03",C12+"3:00"))))))))))) -> 0.53125 | E12: =UPPER('Nach Mannschaften sortiert'!F12) -> WIENER NEUDORF | G12: ='Nach Mannschaften sortiert'!H12 -> Auswärts | H12: ='Nach Mannschaften sortiert'!G12 -> Wiener Neudorf | I12: ='Nach Mannschaften sortiert'!C12 -> U16 | J12: aktiv | K12: Freundschaftsspiel | L12: Spiel
B13: ='Nach Mannschaften sortiert'!D13 -> 46243 | C13: ='Nach Mannschaften sortiert'!E13 -> 0.625 | D13: =IF(I13="KM",C13+"1:45",IF(I13="U23",C13+"1:45",IF(I13="U16",C13+"1:45",IF(I13="U15",C13+"1:30",IF(I13="U14",C13+"1:30",IF(I13="U13",C13+"1:35",IF(I13="U12_1",C13+"1:10",IF(I13="U12_2",C13+"1:10",IF(I13="U11",C13+"1:10",IF(I13="U10",C13+"1:03",IF(I13="U9",C13+"1:03",C13+"3:00"))))))))))) -> 0.6875 | E13: =UPPER('Nach Mannschaften sortiert'!F13) -> GROßHÖFLEIN | G13: ='Nach Mannschaften sortiert'!H13 -> Heim | H13: ='Nach Mannschaften sortiert'!G13 -> Vienna U13 | I13: ='Nach Mannschaften sortiert'!C13 -> U14 | J13: aktiv | K13: Freundschaftsspiel | L13: Spiel
B14: ='Nach Mannschaften sortiert'!D14 -> 46245 | C14: ='Nach Mannschaften sortiert'!E14 -> 0.79166667 | D14: =IF(I14="KM",C14+"1:45",IF(I14="U23",C14+"1:45",IF(I14="U16",C14+"1:45",IF(I14="U15",C14+"1:30",IF(I14="U14",C14+"1:30",IF(I14="U13",C14+"1:35",IF(I14="U12_1",C14+"1:10",IF(I14="U12_2",C14+"1:10",IF(I14="U11",C14+"1:10",IF(I14="U10",C14+"1:03",IF(I14="U9",C14+"1:03",C14+"3:00"))))))))))) -> 0.86458333 | E14: =UPPER('Nach Mannschaften sortiert'!F14) -> WR. NEUSTADT | G14: ='Nach Mannschaften sortiert'!H14 -> Auswärts | H14: ='Nach Mannschaften sortiert'!G14 -> Admira Wiener Neustadt | I14: ='Nach Mannschaften sortiert'!C14 -> U23 | J14: aktiv | K14: Freundschaftsspiel | L14: Spiel
B15: ='Nach Mannschaften sortiert'!D15 -> 46247 | C15: ='Nach Mannschaften sortiert'!E15 -> 0.79166667 | D15: =IF(I15="KM",C15+"1:45",IF(I15="U23",C15+"1:45",IF(I15="U16",C15+"1:45",IF(I15="U15",C15+"1:30",IF(I15="U14",C15+"1:30",IF(I15="U13",C15+"1:35",IF(I15="U12_1",C15+"1:10",IF(I15="U12_2",C15+"1:10",IF(I15="U11",C15+"1:10",IF(I15="U10",C15+"1:03",IF(I15="U9",C15+"1:03",C15+"3:00"))))))))))) -> 0.85416667 | E15: =UPPER('Nach Mannschaften sortiert'!F15) -> OGGAU | G15: ='Nach Mannschaften sortiert'!H15 -> Auswärts | H15: ='Nach Mannschaften sortiert'!G15 -> Oggau | I15: ='Nach Mannschaften sortiert'!C15 -> U14 | J15: aktiv | K15: Freundschaftsspiel | L15: Spiel
B16: ='Nach Mannschaften sortiert'!D16 -> 46255 | C16: ='Nach Mannschaften sortiert'!E16 -> 0.75 | D16: =IF(I16="KM",C16+"1:45",IF(I16="U23",C16+"1:45",IF(I16="U16",C16+"1:45",IF(I16="U15",C16+"1:30",IF(I16="U14",C16+"1:30",IF(I16="U13",C16+"1:35",IF(I16="U12_1",C16+"1:10",IF(I16="U12_2",C16+"1:10",IF(I16="U11",C16+"1:10",IF(I16="U10",C16+"1:03",IF(I16="U9",C16+"1:03",C16+"3:00"))))))))))) -> 0.8125 | E16: =UPPER('Nach Mannschaften sortiert'!F16) -> GROßHÖFLEIN | G16: ='Nach Mannschaften sortiert'!H16 -> Heim | H16: ='Nach Mannschaften sortiert'!G16 -> Bad Erlach | I16: ='Nach Mannschaften sortiert'!C16 -> U14 | J16: aktiv | K16: Freundschaftsspiel | L16: Spiel
B17: ='Nach Mannschaften sortiert'!D17 -> 46256 | C17: ='Nach Mannschaften sortiert'!E17 -> 0.70833333 | D17: =IF(I17="KM",C17+"1:45",IF(I17="U23",C17+"1:45",IF(I17="U16",C17+"1:45",IF(I17="U15",C17+"1:30",IF(I17="U14",C17+"1:30",IF(I17="U13",C17+"1:35",IF(I17="U12_1",C17+"1:10",IF(I17="U12_2",C17+"1:10",IF(I17="U11",C17+"1:10",IF(I17="U10",C17+"1:03",IF(I17="U9",C17+"1:03",C17+"3:00"))))))))))) -> 0.78125 | E17: =UPPER('Nach Mannschaften sortiert'!F17) -> LAXENBURG | G17: ='Nach Mannschaften sortiert'!H17 -> Auswärts | H17: ='Nach Mannschaften sortiert'!G17 -> Laxenburg | I17: ='Nach Mannschaften sortiert'!C17 -> U16 | J17: abgesagt | K17: Freundschaftsspiel | L17: Spiel
B18: ='Nach Mannschaften sortiert'!D18 -> 46260 | C18: ='Nach Mannschaften sortiert'!E18 -> 0.41666667 | D18: =IF(I18="KM",C18+"1:45",IF(I18="U23",C18+"1:45",IF(I18="U16",C18+"1:45",IF(I18="U15",C18+"1:30",IF(I18="U14",C18+"1:30",IF(I18="U13",C18+"1:35",IF(I18="U12_1",C18+"1:10",IF(I18="U12_2",C18+"1:10",IF(I18="U11",C18+"1:10",IF(I18="U10",C18+"1:03",IF(I18="U9",C18+"1:03",C18+"3:00"))))))))))) -> 0.48958333 | E18: =UPPER('Nach Mannschaften sortiert'!F18) -> NEUFELD | G18: ='Nach Mannschaften sortiert'!H18 -> Heim | H18: ='Nach Mannschaften sortiert'!G18 -> Traiskirchen | I18: ='Nach Mannschaften sortiert'!C18 -> U16 | J18: abgesagt | K18: Freundschaftsspiel | L18: Spiel
B19: ='Nach Mannschaften sortiert'!D19 -> 46260 | C19: ='Nach Mannschaften sortiert'!E19 -> 0.79166667 | D19: =IF(I19="KM",C19+"1:45",IF(I19="U23",C19+"1:45",IF(I19="U16",C19+"1:45",IF(I19="U15",C19+"1:30",IF(I19="U14",C19+"1:30",IF(I19="U13",C19+"1:35",IF(I19="U12_1",C19+"1:10",IF(I19="U12_2",C19+"1:10",IF(I19="U11",C19+"1:10",IF(I19="U10",C19+"1:03",IF(I19="U9",C19+"1:03",C19+"3:00"))))))))))) -> 0.85416667 | E19: =UPPER('Nach Mannschaften sortiert'!F19) -> GROßHÖFLEIN | G19: ='Nach Mannschaften sortiert'!H19 -> Heim | H19: ='Nach Mannschaften sortiert'!G19 -> SPG Leitha/Stotzing | I19: ='Nach Mannschaften sortiert'!C19 -> U14 | J19: aktiv | K19: Freundschaftsspiel | L19: Spiel
B20: ='Nach Mannschaften sortiert'!D20 -> 46263 | C20: ='Nach Mannschaften sortiert'!E20 -> 0.4375 | D20: =IF(I20="KM",C20+"1:45",IF(I20="U23",C20+"1:45",IF(I20="U16",C20+"1:45",IF(I20="U15",C20+"1:30",IF(I20="U14",C20+"1:30",IF(I20="U13",C20+"1:35",IF(I20="U12_1",C20+"1:10",IF(I20="U12_2",C20+"1:10",IF(I20="U11",C20+"1:10",IF(I20="U10",C20+"1:03",IF(I20="U9",C20+"1:03",C20+"3:00"))))))))))) -> 0.5 | E20: =UPPER('Nach Mannschaften sortiert'!F20) -> GROßHÖFLEIN | G20: ='Nach Mannschaften sortiert'!H20 -> Heim | H20: ='Nach Mannschaften sortiert'!G20 -> Oggau | I20: ='Nach Mannschaften sortiert'!C20 -> U14 | J20: aktiv | K20: Freundschaftsspiel | L20: Spiel
B21: ='Nach Mannschaften sortiert'!D21 -> 46264 | C21: ='Nach Mannschaften sortiert'!E21 -> 0.4375 | D21: =IF(I21="KM",C21+"1:45",IF(I21="U23",C21+"1:45",IF(I21="U16",C21+"1:45",IF(I21="U15",C21+"1:30",IF(I21="U14",C21+"1:30",IF(I21="U13",C21+"1:35",IF(I21="U12_1",C21+"1:10",IF(I21="U12_2",C21+"1:10",IF(I21="U11",C21+"1:10",IF(I21="U10",C21+"1:03",IF(I21="U9",C21+"1:03",C21+"3:00"))))))))))) -> 0.51041667 | E21: =UPPER('Nach Mannschaften sortiert'!F21) -> THERESIENFELD | G21: ='Nach Mannschaften sortiert'!H21 -> Auswärts | H21: ='Nach Mannschaften sortiert'!G21 -> SPG Theresienfeld | I21: ='Nach Mannschaften sortiert'!C21 -> U16 | J21: aktiv | K21: Freundschaftsspiel | L21: Spiel
B22: ='Nach Mannschaften sortiert'!D22 -> 46445 | C22: ='Nach Mannschaften sortiert'!E22 -> 0.5 | D22: =IF(I22="KM",C22+"1:45",IF(I22="U23",C22+"1:45",IF(I22="U16",C22+"1:45",IF(I22="U15",C22+"1:30",IF(I22="U14",C22+"1:30",IF(I22="U13",C22+"1:35",IF(I22="U12_1",C22+"1:10",IF(I22="U12_2",C22+"1:10",IF(I22="U11",C22+"1:10",IF(I22="U10",C22+"1:03",IF(I22="U9",C22+"1:03",C22+"3:00"))))))))))) -> 0.57291667 | E22: =UPPER('Nach Mannschaften sortiert'!F22) -> BAD ERLACH | G22: ='Nach Mannschaften sortiert'!H22 -> Auswärts | H22: ='Nach Mannschaften sortiert'!G22 -> Bad Erlach | I22: ='Nach Mannschaften sortiert'!C22 -> KM | J22: aktiv | K22: Freundschaftsspiel | L22: Spiel
B23: ='Nach Mannschaften sortiert'!D23 -> 46250 | C23: ='Nach Mannschaften sortiert'!E23 -> 0.72916667 | D23: =IF(I23="KM",C23+"1:45",IF(I23="U23",C23+"1:45",IF(I23="U16",C23+"1:45",IF(I23="U15",C23+"1:30",IF(I23="U14",C23+"1:30",IF(I23="U13",C23+"1:35",IF(I23="U12_1",C23+"1:10",IF(I23="U12_2",C23+"1:10",IF(I23="U11",C23+"1:10",IF(I23="U10",C23+"1:03",IF(I23="U9",C23+"1:03",C23+"3:00"))))))))))) -> 0.80208333 | E23: =UPPER('Nach Mannschaften sortiert'!F23) -> KITTSEE | F23: nach einer 2:0 Führung noch 4:2 verloren | G23: ='Nach Mannschaften sortiert'!H23 -> Auswärts | H23: ='Nach Mannschaften sortiert'!G23 -> Kittsee | I23: ='Nach Mannschaften sortiert'!C23 -> KM | J23: aktiv | K23: Liga | L23: Spiel
B24: ='Nach Mannschaften sortiert'!D24 -> 46255 | C24: ='Nach Mannschaften sortiert'!E24 -> 0.83333333 | D24: =IF(I24="KM",C24+"1:45",IF(I24="U23",C24+"1:45",IF(I24="U16",C24+"1:45",IF(I24="U15",C24+"1:30",IF(I24="U14",C24+"1:30",IF(I24="U13",C24+"1:35",IF(I24="U12_1",C24+"1:10",IF(I24="U12_2",C24+"1:10",IF(I24="U11",C24+"1:10",IF(I24="U10",C24+"1:03",IF(I24="U9",C24+"1:03",C24+"3:00"))))))))))) -> 0.90625 | E24: =UPPER('Nach Mannschaften sortiert'!F24) -> DEUTSCH JAHRNDORF | F24: 4:0 für Deutsch-Jahndorf | G24: ='Nach Mannschaften sortiert'!H24 -> Auswärts | H24: ='Nach Mannschaften sortiert'!G24 -> Deutsch Jahrndorf | I24: ='Nach Mannschaften sortiert'!C24 -> KM | J24: aktiv | K24: Liga | L24: Spiel
B25: ='Nach Mannschaften sortiert'!D25 -> 46263 | C25: ='Nach Mannschaften sortiert'!E25 -> 0.75 | D25: =IF(I25="KM",C25+"1:45",IF(I25="U23",C25+"1:45",IF(I25="U16",C25+"1:45",IF(I25="U15",C25+"1:30",IF(I25="U14",C25+"1:30",IF(I25="U13",C25+"1:35",IF(I25="U12_1",C25+"1:10",IF(I25="U12_2",C25+"1:10",IF(I25="U11",C25+"1:10",IF(I25="U10",C25+"1:03",IF(I25="U9",C25+"1:03",C25+"3:00"))))))))))) -> 0.82291667 | E25: =UPPER('Nach Mannschaften sortiert'!F25) -> NEUFELD | F25: 2:2 | G25: ='Nach Mannschaften sortiert'!H25 -> Heim | H25: ='Nach Mannschaften sortiert'!G25 -> Tadten | I25: ='Nach Mannschaften sortiert'!C25 -> KM | J25: aktiv | K25: Liga | L25: Spiel
B26: ='Nach Mannschaften sortiert'!D26 -> 46270 | C26: ='Nach Mannschaften sortiert'!E26 -> 0.6875 | D26: =IF(I26="KM",C26+"1:45",IF(I26="U23",C26+"1:45",IF(I26="U16",C26+"1:45",IF(I26="U15",C26+"1:30",IF(I26="U14",C26+"1:30",IF(I26="U13",C26+"1:35",IF(I26="U12_1",C26+"1:10",IF(I26="U12_2",C26+"1:10",IF(I26="U11",C26+"1:10",IF(I26="U10",C26+"1:03",IF(I26="U9",C26+"1:03",C26+"3:00"))))))))))) -> 0.76041667 | E26: =UPPER('Nach Mannschaften sortiert'!F26) -> MÖNCHHOF | F26: 5:1 für Mönchhof | G26: ='Nach Mannschaften sortiert'!H26 -> Auswärts | H26: ='Nach Mannschaften sortiert'!G26 -> Mönchhof | I26: ='Nach Mannschaften sortiert'!C26 -> KM | J26: aktiv | K26: Liga | L26: Spiel
B27: ='Nach Mannschaften sortiert'!D27 -> 46276 | C27: ='Nach Mannschaften sortiert'!E27 -> 0.8125 | D27: =IF(I27="KM",C27+"1:45",IF(I27="U23",C27+"1:45",IF(I27="U16",C27+"1:45",IF(I27="U15",C27+"1:30",IF(I27="U14",C27+"1:30",IF(I27="U13",C27+"1:35",IF(I27="U12_1",C27+"1:10",IF(I27="U12_2",C27+"1:10",IF(I27="U11",C27+"1:10",IF(I27="U10",C27+"1:03",IF(I27="U9",C27+"1:03",C27+"3:00"))))))))))) -> 0.88541667 | E27: =UPPER('Nach Mannschaften sortiert'!F27) -> NEUFELD | F27: 4:0 für Neufeld | G27: ='Nach Mannschaften sortiert'!H27 -> Heim | H27: ='Nach Mannschaften sortiert'!G27 -> Winden | I27: ='Nach Mannschaften sortiert'!C27 -> KM | J27: aktiv | K27: Liga | L27: Spiel
B28: ='Nach Mannschaften sortiert'!D28 -> 46284 | C28: ='Nach Mannschaften sortiert'!E28 -> 0.66666667 | D28: =IF(I28="KM",C28+"1:45",IF(I28="U23",C28+"1:45",IF(I28="U16",C28+"1:45",IF(I28="U15",C28+"1:30",IF(I28="U14",C28+"1:30",IF(I28="U13",C28+"1:35",IF(I28="U12_1",C28+"1:10",IF(I28="U12_2",C28+"1:10",IF(I28="U11",C28+"1:10",IF(I28="U10",C28+"1:03",IF(I28="U9",C28+"1:03",C28+"3:00"))))))))))) -> 0.73958333 | E28: =UPPER('Nach Mannschaften sortiert'!F28) -> GATTENDORF | F28: 2:0 für Neufeld | G28: ='Nach Mannschaften sortiert'!H28 -> Auswärts | H28: ='Nach Mannschaften sortiert'!G28 -> Gattendorf | I28: ='Nach Mannschaften sortiert'!C28 -> KM | J28: aktiv | K28: Liga | L28: Spiel
B29: ='Nach Mannschaften sortiert'!D29 -> 46291 | C29: ='Nach Mannschaften sortiert'!E29 -> 0.75 | D29: =IF(I29="KM",C29+"1:45",IF(I29="U23",C29+"1:45",IF(I29="U16",C29+"1:45",IF(I29="U15",C29+"1:30",IF(I29="U14",C29+"1:30",IF(I29="U13",C29+"1:35",IF(I29="U12_1",C29+"1:10",IF(I29="U12_2",C29+"1:10",IF(I29="U11",C29+"1:10",IF(I29="U10",C29+"1:03",IF(I29="U9",C29+"1:03",C29+"3:00"))))))))))) -> 0.82291667 | E29: =UPPER('Nach Mannschaften sortiert'!F29) -> NEUFELD | F29: 1:1 | G29: ='Nach Mannschaften sortiert'!H29 -> Heim | H29: ='Nach Mannschaften sortiert'!G29 -> Wallern | I29: ='Nach Mannschaften sortiert'!C29 -> KM | J29: aktiv | K29: Liga | L29: Spiel
B30: ='Nach Mannschaften sortiert'!D30 -> 46297 | C30: ='Nach Mannschaften sortiert'!E30 -> 0.8125 | D30: =IF(I30="KM",C30+"1:45",IF(I30="U23",C30+"1:45",IF(I30="U16",C30+"1:45",IF(I30="U15",C30+"1:30",IF(I30="U14",C30+"1:30",IF(I30="U13",C30+"1:35",IF(I30="U12_1",C30+"1:10",IF(I30="U12_2",C30+"1:10",IF(I30="U11",C30+"1:10",IF(I30="U10",C30+"1:03",IF(I30="U9",C30+"1:03",C30+"3:00"))))))))))) -> 0.88541667 | E30: =UPPER('Nach Mannschaften sortiert'!F30) -> SIEGENDORF | F30: 2:0 für Siegendorf | G30: ='Nach Mannschaften sortiert'!H30 -> Auswärts | H30: ='Nach Mannschaften sortiert'!G30 -> Siegendorf | I30: ='Nach Mannschaften sortiert'!C30 -> KM | J30: aktiv | K30: Liga | L30: Spiel
B31: ='Nach Mannschaften sortiert'!D31 -> 46304 | C31: ='Nach Mannschaften sortiert'!E31 -> 0.8125 | D31: =IF(I31="KM",C31+"1:45",IF(I31="U23",C31+"1:45",IF(I31="U16",C31+"1:45",IF(I31="U15",C31+"1:30",IF(I31="U14",C31+"1:30",IF(I31="U13",C31+"1:35",IF(I31="U12_1",C31+"1:10",IF(I31="U12_2",C31+"1:10",IF(I31="U11",C31+"1:10",IF(I31="U10",C31+"1:03",IF(I31="U9",C31+"1:03",C31+"3:00"))))))))))) -> 0.88541667 | E31: =UPPER('Nach Mannschaften sortiert'!F31) -> NEUFELD | F31: 1:0 für Neufeld | G31: ='Nach Mannschaften sortiert'!H31 -> Heim | H31: ='Nach Mannschaften sortiert'!G31 -> Wimpassing | I31: ='Nach Mannschaften sortiert'!C31 -> KM | J31: aktiv | K31: Liga | L31: Spiel
B32: ='Nach Mannschaften sortiert'!D32 -> 46311 | C32: ='Nach Mannschaften sortiert'!E32 -> 0.8125 | D32: =IF(I32="KM",C32+"1:45",IF(I32="U23",C32+"1:45",IF(I32="U16",C32+"1:45",IF(I32="U15",C32+"1:30",IF(I32="U14",C32+"1:30",IF(I32="U13",C32+"1:35",IF(I32="U12_1",C32+"1:10",IF(I32="U12_2",C32+"1:10",IF(I32="U11",C32+"1:10",IF(I32="U10",C32+"1:03",IF(I32="U9",C32+"1:03",C32+"3:00"))))))))))) -> 0.88541667 | E32: =UPPER('Nach Mannschaften sortiert'!F32) -> HORNSTEIN | F32: 5:0 für Hornstein | G32: ='Nach Mannschaften sortiert'!H32 -> Auswärts | H32: ='Nach Mannschaften sortiert'!G32 -> Hornstein | I32: ='Nach Mannschaften sortiert'!C32 -> KM | J32: aktiv | K32: Liga | L32: Spiel
B33: ='Nach Mannschaften sortiert'!D33 -> 46318 | C33: ='Nach Mannschaften sortiert'!E33 -> 0.8125 | D33: =IF(I33="KM",C33+"1:45",IF(I33="U23",C33+"1:45",IF(I33="U16",C33+"1:45",IF(I33="U15",C33+"1:30",IF(I33="U14",C33+"1:30",IF(I33="U13",C33+"1:35",IF(I33="U12_1",C33+"1:10",IF(I33="U12_2",C33+"1:10",IF(I33="U11",C33+"1:10",IF(I33="U10",C33+"1:03",IF(I33="U9",C33+"1:03",C33+"3:00"))))))))))) -> 0.88541667 | E33: =UPPER('Nach Mannschaften sortiert'!F33) -> NEUFELD | G33: ='Nach Mannschaften sortiert'!H33 -> Heim | H33: ='Nach Mannschaften sortiert'!G33 -> Gols | I33: ='Nach Mannschaften sortiert'!C33 -> KM | J33: aktiv | K33: Liga | L33: Spiel
B34: ='Nach Mannschaften sortiert'!D34 -> 46326 | C34: ='Nach Mannschaften sortiert'!E34 -> 0.75 | D34: =IF(I34="KM",C34+"1:45",IF(I34="U23",C34+"1:45",IF(I34="U16",C34+"1:45",IF(I34="U15",C34+"1:30",IF(I34="U14",C34+"1:30",IF(I34="U13",C34+"1:35",IF(I34="U12_1",C34+"1:10",IF(I34="U12_2",C34+"1:10",IF(I34="U11",C34+"1:10",IF(I34="U10",C34+"1:03",IF(I34="U9",C34+"1:03",C34+"3:00"))))))))))) -> 0.82291667 | E34: =UPPER('Nach Mannschaften sortiert'!F34) -> ILLMITZ | G34: ='Nach Mannschaften sortiert'!H34 -> Auswärts | H34: ='Nach Mannschaften sortiert'!G34 -> Illmitz | I34: ='Nach Mannschaften sortiert'!C34 -> KM | J34: aktiv | K34: Liga | L34: Spiel
B35: ='Nach Mannschaften sortiert'!D35 -> 46333 | C35: ='Nach Mannschaften sortiert'!E35 -> 0.6875 | D35: =IF(I35="KM",C35+"1:45",IF(I35="U23",C35+"1:45",IF(I35="U16",C35+"1:45",IF(I35="U15",C35+"1:30",IF(I35="U14",C35+"1:30",IF(I35="U13",C35+"1:35",IF(I35="U12_1",C35+"1:10",IF(I35="U12_2",C35+"1:10",IF(I35="U11",C35+"1:10",IF(I35="U10",C35+"1:03",IF(I35="U9",C35+"1:03",C35+"3:00"))))))))))) -> 0.76041667 | E35: =UPPER('Nach Mannschaften sortiert'!F35) -> NEUFELD | G35: ='Nach Mannschaften sortiert'!H35 -> Heim | H35: ='Nach Mannschaften sortiert'!G35 -> Andau | I35: ='Nach Mannschaften sortiert'!C35 -> KM | J35: aktiv | K35: Liga | L35: Spiel
B36: ='Nach Mannschaften sortiert'!D36 -> 46250 | C36: ='Nach Mannschaften sortiert'!E36 -> 0.64583333 | D36: =IF(I36="KM",C36+"1:45",IF(I36="U23",C36+"1:45",IF(I36="U16",C36+"1:45",IF(I36="U15",C36+"1:30",IF(I36="U14",C36+"1:30",IF(I36="U13",C36+"1:35",IF(I36="U12_1",C36+"1:10",IF(I36="U12_2",C36+"1:10",IF(I36="U11",C36+"1:10",IF(I36="U10",C36+"1:03",IF(I36="U9",C36+"1:03",C36+"3:00"))))))))))) -> 0.71875 | E36: =UPPER('Nach Mannschaften sortiert'!F36) -> KITTSEE | F36: 9:2 für Kittsee | G36: ='Nach Mannschaften sortiert'!H36 -> Auswärts | H36: ='Nach Mannschaften sortiert'!G36 -> Kittsee | I36: ='Nach Mannschaften sortiert'!C36 -> U23 | J36: aktiv | K36: Liga | L36: Spiel
B37: ='Nach Mannschaften sortiert'!D37 -> 46255 | C37: ='Nach Mannschaften sortiert'!E37 -> 0.75 | D37: =IF(I37="KM",C37+"1:45",IF(I37="U23",C37+"1:45",IF(I37="U16",C37+"1:45",IF(I37="U15",C37+"1:30",IF(I37="U14",C37+"1:30",IF(I37="U13",C37+"1:35",IF(I37="U12_1",C37+"1:10",IF(I37="U12_2",C37+"1:10",IF(I37="U11",C37+"1:10",IF(I37="U10",C37+"1:03",IF(I37="U9",C37+"1:03",C37+"3:00"))))))))))) -> 0.82291667 | E37: =UPPER('Nach Mannschaften sortiert'!F37) -> DEUTSCH JAHRNDORF | F37: 3:0 für Deutsch-Jahndof | G37: ='Nach Mannschaften sortiert'!H37 -> Auswärts | H37: ='Nach Mannschaften sortiert'!G37 -> Deutsch Jahrndorf | I37: ='Nach Mannschaften sortiert'!C37 -> U23 | J37: aktiv | K37: Liga | L37: Spiel
B38: ='Nach Mannschaften sortiert'!D38 -> 46263 | C38: ='Nach Mannschaften sortiert'!E38 -> 0.66666667 | D38: =IF(I38="KM",C38+"1:45",IF(I38="U23",C38+"1:45",IF(I38="U16",C38+"1:45",IF(I38="U15",C38+"1:30",IF(I38="U14",C38+"1:30",IF(I38="U13",C38+"1:35",IF(I38="U12_1",C38+"1:10",IF(I38="U12_2",C38+"1:10",IF(I38="U11",C38+"1:10",IF(I38="U10",C38+"1:03",IF(I38="U9",C38+"1:03",C38+"3:00"))))))))))) -> 0.73958333 | E38: =UPPER('Nach Mannschaften sortiert'!F38) -> NEUFELD | F38: 2:4 für Tadten | G38: ='Nach Mannschaften sortiert'!H38 -> Heim | H38: ='Nach Mannschaften sortiert'!G38 -> Tadten | I38: ='Nach Mannschaften sortiert'!C38 -> U23 | J38: aktiv | K38: Liga | L38: Spiel
B39: ='Nach Mannschaften sortiert'!D39 -> 46270 | C39: ='Nach Mannschaften sortiert'!E39 -> 0.60416667 | D39: =IF(I39="KM",C39+"1:45",IF(I39="U23",C39+"1:45",IF(I39="U16",C39+"1:45",IF(I39="U15",C39+"1:30",IF(I39="U14",C39+"1:30",IF(I39="U13",C39+"1:35",IF(I39="U12_1",C39+"1:10",IF(I39="U12_2",C39+"1:10",IF(I39="U11",C39+"1:10",IF(I39="U10",C39+"1:03",IF(I39="U9",C39+"1:03",C39+"3:00"))))))))))) -> 0.67708333 | E39: =UPPER('Nach Mannschaften sortiert'!F39) -> MÖNCHHOF | F39: 2:0 für Mönchhof | G39: ='Nach Mannschaften sortiert'!H39 -> Auswärts | H39: ='Nach Mannschaften sortiert'!G39 -> Mönchhof | I39: ='Nach Mannschaften sortiert'!C39 -> U23 | J39: aktiv | K39: Liga | L39: Spiel
B40: ='Nach Mannschaften sortiert'!D40 -> 46276 | C40: ='Nach Mannschaften sortiert'!E40 -> 0.72916667 | D40: =IF(I40="KM",C40+"1:45",IF(I40="U23",C40+"1:45",IF(I40="U16",C40+"1:45",IF(I40="U15",C40+"1:30",IF(I40="U14",C40+"1:30",IF(I40="U13",C40+"1:35",IF(I40="U12_1",C40+"1:10",IF(I40="U12_2",C40+"1:10",IF(I40="U11",C40+"1:10",IF(I40="U10",C40+"1:03",IF(I40="U9",C40+"1:03",C40+"3:00"))))))))))) -> 0.80208333 | E40: =UPPER('Nach Mannschaften sortiert'!F40) -> NEUFELD | F40: 5:0 für Neufeld | G40: ='Nach Mannschaften sortiert'!H40 -> Heim | H40: ='Nach Mannschaften sortiert'!G40 -> Winden | I40: ='Nach Mannschaften sortiert'!C40 -> U23 | J40: aktiv | K40: Liga | L40: Spiel
B41: ='Nach Mannschaften sortiert'!D41 -> 46284 | C41: ='Nach Mannschaften sortiert'!E41 -> 0.58333333 | D41: =IF(I41="KM",C41+"1:45",IF(I41="U23",C41+"1:45",IF(I41="U16",C41+"1:45",IF(I41="U15",C41+"1:30",IF(I41="U14",C41+"1:30",IF(I41="U13",C41+"1:35",IF(I41="U12_1",C41+"1:10",IF(I41="U12_2",C41+"1:10",IF(I41="U11",C41+"1:10",IF(I41="U10",C41+"1:03",IF(I41="U9",C41+"1:03",C41+"3:00"))))))))))) -> 0.65625 | E41: =UPPER('Nach Mannschaften sortiert'!F41) -> GATTENDORF | F41: 6:1 für Neufeld | G41: ='Nach Mannschaften sortiert'!H41 -> Auswärts | H41: ='Nach Mannschaften sortiert'!G41 -> Gattendorf | I41: ='Nach Mannschaften sortiert'!C41 -> U23 | J41: aktiv | K41: Liga | L41: Spiel
B42: ='Nach Mannschaften sortiert'!D42 -> 46291 | C42: ='Nach Mannschaften sortiert'!E42 -> 0.66666667 | D42: =IF(I42="KM",C42+"1:45",IF(I42="U23",C42+"1:45",IF(I42="U16",C42+"1:45",IF(I42="U15",C42+"1:30",IF(I42="U14",C42+"1:30",IF(I42="U13",C42+"1:35",IF(I42="U12_1",C42+"1:10",IF(I42="U12_2",C42+"1:10",IF(I42="U11",C42+"1:10",IF(I42="U10",C42+"1:03",IF(I42="U9",C42+"1:03",C42+"3:00"))))))))))) -> 0.73958333 | E42: =UPPER('Nach Mannschaften sortiert'!F42) -> NEUFELD | F42: 1:0 für Neufeld | G42: ='Nach Mannschaften sortiert'!H42 -> Heim | H42: ='Nach Mannschaften sortiert'!G42 -> Wallern | I42: ='Nach Mannschaften sortiert'!C42 -> U23 | J42: aktiv | K42: Liga | L42: Spiel
B43: ='Nach Mannschaften sortiert'!D43 -> 46297 | C43: ='Nach Mannschaften sortiert'!E43 -> 0.72916667 | D43: =IF(I43="KM",C43+"1:45",IF(I43="U23",C43+"1:45",IF(I43="U16",C43+"1:45",IF(I43="U15",C43+"1:30",IF(I43="U14",C43+"1:30",IF(I43="U13",C43+"1:35",IF(I43="U12_1",C43+"1:10",IF(I43="U12_2",C43+"1:10",IF(I43="U11",C43+"1:10",IF(I43="U10",C43+"1:03",IF(I43="U9",C43+"1:03",C43+"3:00"))))))))))) -> 0.80208333 | E43: =UPPER('Nach Mannschaften sortiert'!F43) -> SIEGENDORF | F43: 2:2 | G43: ='Nach Mannschaften sortiert'!H43 -> Auswärts | H43: ='Nach Mannschaften sortiert'!G43 -> Siegendorf | I43: ='Nach Mannschaften sortiert'!C43 -> U23 | J43: aktiv | K43: Liga | L43: Spiel
B44: ='Nach Mannschaften sortiert'!D44 -> 46304 | C44: ='Nach Mannschaften sortiert'!E44 -> 0.72916667 | D44: =IF(I44="KM",C44+"1:45",IF(I44="U23",C44+"1:45",IF(I44="U16",C44+"1:45",IF(I44="U15",C44+"1:30",IF(I44="U14",C44+"1:30",IF(I44="U13",C44+"1:35",IF(I44="U12_1",C44+"1:10",IF(I44="U12_2",C44+"1:10",IF(I44="U11",C44+"1:10",IF(I44="U10",C44+"1:03",IF(I44="U9",C44+"1:03",C44+"3:00"))))))))))) -> 0.80208333 | E44: =UPPER('Nach Mannschaften sortiert'!F44) -> NEUFELD | F44: 3:1 für Wimpassing | G44: ='Nach Mannschaften sortiert'!H44 -> Heim | H44: ='Nach Mannschaften sortiert'!G44 -> Wimpassing | I44: ='Nach Mannschaften sortiert'!C44 -> U23 | J44: aktiv | K44: Liga | L44: Spiel
B45: ='Nach Mannschaften sortiert'!D45 -> 46311 | C45: ='Nach Mannschaften sortiert'!E45 -> 0.72916667 | D45: =IF(I45="KM",C45+"1:45",IF(I45="U23",C45+"1:45",IF(I45="U16",C45+"1:45",IF(I45="U15",C45+"1:30",IF(I45="U14",C45+"1:30",IF(I45="U13",C45+"1:35",IF(I45="U12_1",C45+"1:10",IF(I45="U12_2",C45+"1:10",IF(I45="U11",C45+"1:10",IF(I45="U10",C45+"1:03",IF(I45="U9",C45+"1:03",C45+"3:00"))))))))))) -> 0.80208333 | E45: =UPPER('Nach Mannschaften sortiert'!F45) -> HORNSTEIN | F45: 3:1 für Hornstein | G45: ='Nach Mannschaften sortiert'!H45 -> Auswärts | H45: ='Nach Mannschaften sortiert'!G45 -> Hornstein | I45: ='Nach Mannschaften sortiert'!C45 -> U23 | J45: aktiv | K45: Liga | L45: Spiel
B46: ='Nach Mannschaften sortiert'!D46 -> 46318 | C46: ='Nach Mannschaften sortiert'!E46 -> 0.72916667 | D46: =IF(I46="KM",C46+"1:45",IF(I46="U23",C46+"1:45",IF(I46="U16",C46+"1:45",IF(I46="U15",C46+"1:30",IF(I46="U14",C46+"1:30",IF(I46="U13",C46+"1:35",IF(I46="U12_1",C46+"1:10",IF(I46="U12_2",C46+"1:10",IF(I46="U11",C46+"1:10",IF(I46="U10",C46+"1:03",IF(I46="U9",C46+"1:03",C46+"3:00"))))))))))) -> 0.80208333 | E46: =UPPER('Nach Mannschaften sortiert'!F46) -> NEUFELD | G46: ='Nach Mannschaften sortiert'!H46 -> Heim | H46: ='Nach Mannschaften sortiert'!G46 -> Gols | I46: ='Nach Mannschaften sortiert'!C46 -> U23 | J46: aktiv | K46: Liga | L46: Spiel
B47: ='Nach Mannschaften sortiert'!D47 -> 46326 | C47: ='Nach Mannschaften sortiert'!E47 -> 0.66666667 | D47: =IF(I47="KM",C47+"1:45",IF(I47="U23",C47+"1:45",IF(I47="U16",C47+"1:45",IF(I47="U15",C47+"1:30",IF(I47="U14",C47+"1:30",IF(I47="U13",C47+"1:35",IF(I47="U12_1",C47+"1:10",IF(I47="U12_2",C47+"1:10",IF(I47="U11",C47+"1:10",IF(I47="U10",C47+"1:03",IF(I47="U9",C47+"1:03",C47+"3:00"))))))))))) -> 0.73958333 | E47: =UPPER('Nach Mannschaften sortiert'!F47) -> ILLMITZ | G47: ='Nach Mannschaften sortiert'!H47 -> Auswärts | H47: ='Nach Mannschaften sortiert'!G47 -> Illmitz | I47: ='Nach Mannschaften sortiert'!C47 -> U23 | J47: aktiv | K47: Liga | L47: Spiel
B48: ='Nach Mannschaften sortiert'!D48 -> 46333 | C48: ='Nach Mannschaften sortiert'!E48 -> 0.60416667 | D48: =IF(I48="KM",C48+"1:45",IF(I48="U23",C48+"1:45",IF(I48="U16",C48+"1:45",IF(I48="U15",C48+"1:30",IF(I48="U14",C48+"1:30",IF(I48="U13",C48+"1:35",IF(I48="U12_1",C48+"1:10",IF(I48="U12_2",C48+"1:10",IF(I48="U11",C48+"1:10",IF(I48="U10",C48+"1:03",IF(I48="U9",C48+"1:03",C48+"3:00"))))))))))) -> 0.67708333 | E48: =UPPER('Nach Mannschaften sortiert'!F48) -> NEUFELD | G48: ='Nach Mannschaften sortiert'!H48 -> Heim | H48: ='Nach Mannschaften sortiert'!G48 -> Andau | I48: ='Nach Mannschaften sortiert'!C48 -> U23 | J48: aktiv | K48: Liga | L48: Spiel
B49: ='Nach Mannschaften sortiert'!D49 -> 46271 | C49: ='Nach Mannschaften sortiert'!E49 -> 0 | D49: =IF(I49="KM",C49+"1:45",IF(I49="U23",C49+"1:45",IF(I49="U16",C49+"1:45",IF(I49="U15",C49+"1:30",IF(I49="U14",C49+"1:30",IF(I49="U13",C49+"1:35",IF(I49="U12_1",C49+"1:10",IF(I49="U12_2",C49+"1:10",IF(I49="U11",C49+"1:10",IF(I49="U10",C49+"1:03",IF(I49="U9",C49+"1:03",C49+"3:00"))))))))))) -> 0.072916667 | E49: =UPPER('Nach Mannschaften sortiert'!F49) | G49: ='Nach Mannschaften sortiert'!H49 -> 0 | H49: ='Nach Mannschaften sortiert'!G49 -> Spielfrei | I49: ='Nach Mannschaften sortiert'!C49 -> U16 | J49: inaktiv | K49: Liga | L49: Spiel
B50: ='Nach Mannschaften sortiert'!D50 -> 46277 | C50: ='Nach Mannschaften sortiert'!E50 -> 0.52083333 | D50: =IF(I50="KM",C50+"1:45",IF(I50="U23",C50+"1:45",IF(I50="U16",C50+"1:45",IF(I50="U15",C50+"1:30",IF(I50="U14",C50+"1:30",IF(I50="U13",C50+"1:35",IF(I50="U12_1",C50+"1:10",IF(I50="U12_2",C50+"1:10",IF(I50="U11",C50+"1:10",IF(I50="U10",C50+"1:03",IF(I50="U9",C50+"1:03",C50+"3:00"))))))))))) -> 0.59375 | E50: =UPPER('Nach Mannschaften sortiert'!F50) -> GOLS | F50: 2:9 für Neufeld | G50: ='Nach Mannschaften sortiert'!H50 -> Auswärts | H50: ='Nach Mannschaften sortiert'!G50 -> GMWP | I50: ='Nach Mannschaften sortiert'!C50 -> U16 | J50: aktiv | K50: Liga | L50: Spiel
B51: ='Nach Mannschaften sortiert'!D51 -> 46284 | C51: ='Nach Mannschaften sortiert'!E51 -> 0.70833333 | D51: =IF(I51="KM",C51+"1:45",IF(I51="U23",C51+"1:45",IF(I51="U16",C51+"1:45",IF(I51="U15",C51+"1:30",IF(I51="U14",C51+"1:30",IF(I51="U13",C51+"1:35",IF(I51="U12_1",C51+"1:10",IF(I51="U12_2",C51+"1:10",IF(I51="U11",C51+"1:10",IF(I51="U10",C51+"1:03",IF(I51="U9",C51+"1:03",C51+"3:00"))))))))))) -> 0.78125 | E51: =UPPER('Nach Mannschaften sortiert'!F51) -> WIMPASSING | F51: 3:0 für Neufeld | G51: ='Nach Mannschaften sortiert'!H51 -> Heim | H51: ='Nach Mannschaften sortiert'!G51 -> Eisenstadt | I51: ='Nach Mannschaften sortiert'!C51 -> U16 | J51: aktiv | K51: Liga | L51: Spiel
B52: ='Nach Mannschaften sortiert'!D52 -> 46292 | C52: ='Nach Mannschaften sortiert'!E52 -> 0.70833333 | D52: =IF(I52="KM",C52+"1:45",IF(I52="U23",C52+"1:45",IF(I52="U16",C52+"1:45",IF(I52="U15",C52+"1:30",IF(I52="U14",C52+"1:30",IF(I52="U13",C52+"1:35",IF(I52="U12_1",C52+"1:10",IF(I52="U12_2",C52+"1:10",IF(I52="U11",C52+"1:10",IF(I52="U10",C52+"1:03",IF(I52="U9",C52+"1:03",C52+"3:00"))))))))))) -> 0.78125 | E52: =UPPER('Nach Mannschaften sortiert'!F52) -> GROßHÖFLEIN | F52: 2:2 | G52: ='Nach Mannschaften sortiert'!H52 -> Auswärts | H52: ='Nach Mannschaften sortiert'!G52 -> Großhöflein | I52: ='Nach Mannschaften sortiert'!C52 -> U16 | J52: aktiv | K52: Liga | L52: Spiel
B53: ='Nach Mannschaften sortiert'!D53 -> 46298 | C53: ='Nach Mannschaften sortiert'!E53 -> 0.58333333 | D53: =IF(I53="KM",C53+"1:45",IF(I53="U23",C53+"1:45",IF(I53="U16",C53+"1:45",IF(I53="U15",C53+"1:30",IF(I53="U14",C53+"1:30",IF(I53="U13",C53+"1:35",IF(I53="U12_1",C53+"1:10",IF(I53="U12_2",C53+"1:10",IF(I53="U11",C53+"1:10",IF(I53="U10",C53+"1:03",IF(I53="U9",C53+"1:03",C53+"3:00"))))))))))) -> 0.65625 | E53: =UPPER('Nach Mannschaften sortiert'!F53) -> NEUFELD | F53: 3:0 für Neufeld | G53: ='Nach Mannschaften sortiert'!H53 -> Heim | H53: ='Nach Mannschaften sortiert'!G53 -> Neusiedl | I53: ='Nach Mannschaften sortiert'!C53 -> U16 | J53: aktiv | K53: Liga | L53: Spiel
B54: ='Nach Mannschaften sortiert'!D54 -> 46305 | C54: ='Nach Mannschaften sortiert'!E54 -> 0.66666667 | D54: =IF(I54="KM",C54+"1:45",IF(I54="U23",C54+"1:45",IF(I54="U16",C54+"1:45",IF(I54="U15",C54+"1:30",IF(I54="U14",C54+"1:30",IF(I54="U13",C54+"1:35",IF(I54="U12_1",C54+"1:10",IF(I54="U12_2",C54+"1:10",IF(I54="U11",C54+"1:10",IF(I54="U10",C54+"1:03",IF(I54="U9",C54+"1:03",C54+"3:00"))))))))))) -> 0.73958333 | E54: =UPPER('Nach Mannschaften sortiert'!F54) -> NEUFELD | F54: 1:1 | G54: ='Nach Mannschaften sortiert'!H54 -> Heim | H54: ='Nach Mannschaften sortiert'!G54 -> Parndorf | I54: ='Nach Mannschaften sortiert'!C54 -> U16 | J54: aktiv | K54: Liga | L54: Spiel
B55: ='Nach Mannschaften sortiert'!D55 -> 46311 | C55: ='Nach Mannschaften sortiert'!E55 -> 0.75 | D55: =IF(I55="KM",C55+"1:45",IF(I55="U23",C55+"1:45",IF(I55="U16",C55+"1:45",IF(I55="U15",C55+"1:30",IF(I55="U14",C55+"1:30",IF(I55="U13",C55+"1:35",IF(I55="U12_1",C55+"1:10",IF(I55="U12_2",C55+"1:10",IF(I55="U11",C55+"1:10",IF(I55="U10",C55+"1:03",IF(I55="U9",C55+"1:03",C55+"3:00"))))))))))) -> 0.82291667 | E55: =UPPER('Nach Mannschaften sortiert'!F55) -> ST. GEORGEN | F55: 3:0 für Neufeld | G55: ='Nach Mannschaften sortiert'!H55 -> Auswärts | H55: ='Nach Mannschaften sortiert'!G55 -> St. Georgen/Eisenstadt | I55: ='Nach Mannschaften sortiert'!C55 -> U16 | J55: aktiv | K55: Liga | L55: Spiel
B56: ='Nach Mannschaften sortiert'!D56 -> 46320 | C56: ='Nach Mannschaften sortiert'!E56 -> 0 | D56: =IF(I56="KM",C56+"1:45",IF(I56="U23",C56+"1:45",IF(I56="U16",C56+"1:45",IF(I56="U15",C56+"1:30",IF(I56="U14",C56+"1:30",IF(I56="U13",C56+"1:35",IF(I56="U12_1",C56+"1:10",IF(I56="U12_2",C56+"1:10",IF(I56="U11",C56+"1:10",IF(I56="U10",C56+"1:03",IF(I56="U9",C56+"1:03",C56+"3:00"))))))))))) -> 0.072916667 | E56: =UPPER('Nach Mannschaften sortiert'!F56) | G56: ='Nach Mannschaften sortiert'!H56 -> 0 | H56: ='Nach Mannschaften sortiert'!G56 -> Spielfrei | I56: ='Nach Mannschaften sortiert'!C56 -> U16 | J56: inaktiv | K56: Liga | L56: Spiel
B57: ='Nach Mannschaften sortiert'!D57 -> 46326 | C57: ='Nach Mannschaften sortiert'!E57 -> 0.60416667 | D57: =IF(I57="KM",C57+"1:45",IF(I57="U23",C57+"1:45",IF(I57="U16",C57+"1:45",IF(I57="U15",C57+"1:30",IF(I57="U14",C57+"1:30",IF(I57="U13",C57+"1:35",IF(I57="U12_1",C57+"1:10",IF(I57="U12_2",C57+"1:10",IF(I57="U11",C57+"1:10",IF(I57="U10",C57+"1:03",IF(I57="U9",C57+"1:03",C57+"3:00"))))))))))) -> 0.67708333 | E57: =UPPER('Nach Mannschaften sortiert'!F57) -> NEUFELD | G57: ='Nach Mannschaften sortiert'!H57 -> Heim | H57: ='Nach Mannschaften sortiert'!G57 -> SPG GMWP | I57: ='Nach Mannschaften sortiert'!C57 -> U16 | J57: aktiv | K57: Liga | L57: Spiel
B58: ='Nach Mannschaften sortiert'!D58 -> 46333 | C58: ='Nach Mannschaften sortiert'!E58 -> 0.54166667 | D58: =IF(I58="KM",C58+"1:45",IF(I58="U23",C58+"1:45",IF(I58="U16",C58+"1:45",IF(I58="U15",C58+"1:30",IF(I58="U14",C58+"1:30",IF(I58="U13",C58+"1:35",IF(I58="U12_1",C58+"1:10",IF(I58="U12_2",C58+"1:10",IF(I58="U11",C58+"1:10",IF(I58="U10",C58+"1:03",IF(I58="U9",C58+"1:03",C58+"3:00"))))))))))) -> 0.61458333 | E58: =UPPER('Nach Mannschaften sortiert'!F58) -> TRAUSDORF | G58: ='Nach Mannschaften sortiert'!H58 -> Auswärts | H58: ='Nach Mannschaften sortiert'!G58 -> Eisenstadt | I58: ='Nach Mannschaften sortiert'!C58 -> U16 | J58: aktiv | K58: Liga | L58: Spiel
B59: ='Nach Mannschaften sortiert'!D59 -> 46340 | C59: ='Nach Mannschaften sortiert'!E59 -> 0.625 | D59: =IF(I59="KM",C59+"1:45",IF(I59="U23",C59+"1:45",IF(I59="U16",C59+"1:45",IF(I59="U15",C59+"1:30",IF(I59="U14",C59+"1:30",IF(I59="U13",C59+"1:35",IF(I59="U12_1",C59+"1:10",IF(I59="U12_2",C59+"1:10",IF(I59="U11",C59+"1:10",IF(I59="U10",C59+"1:03",IF(I59="U9",C59+"1:03",C59+"3:00"))))))))))) -> 0.69791667 | E59: =UPPER('Nach Mannschaften sortiert'!F59) -> NEUFELD | G59: ='Nach Mannschaften sortiert'!H59 -> Heim | H59: ='Nach Mannschaften sortiert'!G59 -> Großhöflein | I59: ='Nach Mannschaften sortiert'!C59 -> U16 | J59: aktiv | K59: Liga | L59: Spiel
B60: ='Nach Mannschaften sortiert'!D60 -> 46270 | C60: ='Nach Mannschaften sortiert'!E60 -> 0.4375 | D60: =IF(I60="KM",C60+"1:45",IF(I60="U23",C60+"1:45",IF(I60="U16",C60+"1:45",IF(I60="U15",C60+"1:30",IF(I60="U14",C60+"1:30",IF(I60="U13",C60+"1:35",IF(I60="U12_1",C60+"1:10",IF(I60="U12_2",C60+"1:10",IF(I60="U11",C60+"1:10",IF(I60="U10",C60+"1:03",IF(I60="U9",C60+"1:03",C60+"3:00"))))))))))) -> 0.5 | E60: =UPPER('Nach Mannschaften sortiert'!F60) -> GROßHÖFLEIN | F60: 4:2 für St. Georgen/Eisenstadt | G60: ='Nach Mannschaften sortiert'!H60 -> Heim | H60: ='Nach Mannschaften sortiert'!G60 -> St. Georgen/Eisenstadt | I60: ='Nach Mannschaften sortiert'!C60 -> U14 | J60: aktiv | K60: Liga | L60: Spiel
B61: ='Nach Mannschaften sortiert'!D61 -> 46288 | C61: ='Nach Mannschaften sortiert'!E61 -> 0.79166667 | D61: =IF(I61="KM",C61+"1:45",IF(I61="U23",C61+"1:45",IF(I61="U16",C61+"1:45",IF(I61="U15",C61+"1:30",IF(I61="U14",C61+"1:30",IF(I61="U13",C61+"1:35",IF(I61="U12_1",C61+"1:10",IF(I61="U12_2",C61+"1:10",IF(I61="U11",C61+"1:10",IF(I61="U10",C61+"1:03",IF(I61="U9",C61+"1:03",C61+"3:00"))))))))))) -> 0.85416667 | E61: =UPPER('Nach Mannschaften sortiert'!F61) -> NEUDÖRFL | F61: 0:0 | G61: ='Nach Mannschaften sortiert'!H61 -> Auswärts | H61: ='Nach Mannschaften sortiert'!G61 -> Neudörfl | I61: ='Nach Mannschaften sortiert'!C61 -> U14 | J61: aktiv | K61: Liga | L61: Spiel
B62: ='Nach Mannschaften sortiert'!D62 -> 46284 | C62: ='Nach Mannschaften sortiert'!E62 -> 0.66666667 | D62: =IF(I62="KM",C62+"1:45",IF(I62="U23",C62+"1:45",IF(I62="U16",C62+"1:45",IF(I62="U15",C62+"1:30",IF(I62="U14",C62+"1:30",IF(I62="U13",C62+"1:35",IF(I62="U12_1",C62+"1:10",IF(I62="U12_2",C62+"1:10",IF(I62="U11",C62+"1:10",IF(I62="U10",C62+"1:03",IF(I62="U9",C62+"1:03",C62+"3:00"))))))))))) -> 0.72916667 | E62: =UPPER('Nach Mannschaften sortiert'!F62) -> GROßHÖFLEIN | F62: 2:5 für Parndorf | G62: ='Nach Mannschaften sortiert'!H62 -> Heim | H62: ='Nach Mannschaften sortiert'!G62 -> Parndorf | I62: ='Nach Mannschaften sortiert'!C62 -> U14 | J62: aktiv | K62: Liga | L62: Spiel
B63: ='Nach Mannschaften sortiert'!D63 -> 46292 | C63: ='Nach Mannschaften sortiert'!E63 -> 0.4375 | D63: =IF(I63="KM",C63+"1:45",IF(I63="U23",C63+"1:45",IF(I63="U16",C63+"1:45",IF(I63="U15",C63+"1:30",IF(I63="U14",C63+"1:30",IF(I63="U13",C63+"1:35",IF(I63="U12_1",C63+"1:10",IF(I63="U12_2",C63+"1:10",IF(I63="U11",C63+"1:10",IF(I63="U10",C63+"1:03",IF(I63="U9",C63+"1:03",C63+"3:00"))))))))))) -> 0.5 | E63: =UPPER('Nach Mannschaften sortiert'!F63) -> GROßHÖFLEIN | F63: 1:3 für Seewinkel | G63: ='Nach Mannschaften sortiert'!H63 -> Heim | H63: ='Nach Mannschaften sortiert'!G63 -> SPG Seewinkel | I63: ='Nach Mannschaften sortiert'!C63 -> U14 | J63: aktiv | K63: Liga | L63: Spiel
B64: ='Nach Mannschaften sortiert'!D64 -> 46298 | C64: ='Nach Mannschaften sortiert'!E64 -> 0.70833333 | D64: =IF(I64="KM",C64+"1:45",IF(I64="U23",C64+"1:45",IF(I64="U16",C64+"1:45",IF(I64="U15",C64+"1:30",IF(I64="U14",C64+"1:30",IF(I64="U13",C64+"1:35",IF(I64="U12_1",C64+"1:10",IF(I64="U12_2",C64+"1:10",IF(I64="U11",C64+"1:10",IF(I64="U10",C64+"1:03",IF(I64="U9",C64+"1:03",C64+"3:00"))))))))))) -> 0.77083333 | E64: =UPPER('Nach Mannschaften sortiert'!F64) -> DRAßBURG | F64: 7:0 für Draßburg | G64: ='Nach Mannschaften sortiert'!H64 -> Auswärts | H64: ='Nach Mannschaften sortiert'!G64 -> SPG Draßburg/ZSP/Kemeten | I64: ='Nach Mannschaften sortiert'!C64 -> U14 | J64: aktiv | K64: Liga | L64: Spiel
B65: ='Nach Mannschaften sortiert'!D65 -> 46306 | C65: ='Nach Mannschaften sortiert'!E65 -> 0.45833333 | D65: =IF(I65="KM",C65+"1:45",IF(I65="U23",C65+"1:45",IF(I65="U16",C65+"1:45",IF(I65="U15",C65+"1:30",IF(I65="U14",C65+"1:30",IF(I65="U13",C65+"1:35",IF(I65="U12_1",C65+"1:10",IF(I65="U12_2",C65+"1:10",IF(I65="U11",C65+"1:10",IF(I65="U10",C65+"1:03",IF(I65="U9",C65+"1:03",C65+"3:00"))))))))))) -> 0.52083333 | E65: =UPPER('Nach Mannschaften sortiert'!F65) -> NEUFELD | G65: ='Nach Mannschaften sortiert'!H65 -> Heim | H65: ='Nach Mannschaften sortiert'!G65 -> SPG Pubach/Breitenbrunn/Winden | I65: ='Nach Mannschaften sortiert'!C65 -> U14 | J65: aktiv | K65: Liga | L65: Spiel
B66: ='Nach Mannschaften sortiert'!D66 -> 46313 | C66: ='Nach Mannschaften sortiert'!E66 -> 0.45833333 | D66: =IF(I66="KM",C66+"1:45",IF(I66="U23",C66+"1:45",IF(I66="U16",C66+"1:45",IF(I66="U15",C66+"1:30",IF(I66="U14",C66+"1:30",IF(I66="U13",C66+"1:35",IF(I66="U12_1",C66+"1:10",IF(I66="U12_2",C66+"1:10",IF(I66="U11",C66+"1:10",IF(I66="U10",C66+"1:03",IF(I66="U9",C66+"1:03",C66+"3:00"))))))))))) -> 0.52083333 | E66: =UPPER('Nach Mannschaften sortiert'!F66) -> KEMETEN | G66: ='Nach Mannschaften sortiert'!H66 -> Auswärts | H66: ='Nach Mannschaften sortiert'!G66 -> Kemeten | I66: ='Nach Mannschaften sortiert'!C66 -> U14 | J66: aktiv | K66: Liga | L66: Spiel
B67: ='Nach Mannschaften sortiert'!D67 -> 46320 | C67: ='Nach Mannschaften sortiert'!E67 -> 0.58333333 | D67: =IF(I67="KM",C67+"1:45",IF(I67="U23",C67+"1:45",IF(I67="U16",C67+"1:45",IF(I67="U15",C67+"1:30",IF(I67="U14",C67+"1:30",IF(I67="U13",C67+"1:35",IF(I67="U12_1",C67+"1:10",IF(I67="U12_2",C67+"1:10",IF(I67="U11",C67+"1:10",IF(I67="U10",C67+"1:03",IF(I67="U9",C67+"1:03",C67+"3:00"))))))))))) -> 0.64583333 | E67: =UPPER('Nach Mannschaften sortiert'!F67) -> NEUFELD | G67: ='Nach Mannschaften sortiert'!H67 -> Heim | H67: ='Nach Mannschaften sortiert'!G67 -> MSV 2020 | I67: ='Nach Mannschaften sortiert'!C67 -> U14 | J67: aktiv | K67: Liga | L67: Spiel
B68: ='Nach Mannschaften sortiert'!D68 -> 46326 | C68: ='Nach Mannschaften sortiert'!E68 -> 0.58333333 | D68: =IF(I68="KM",C68+"1:45",IF(I68="U23",C68+"1:45",IF(I68="U16",C68+"1:45",IF(I68="U15",C68+"1:30",IF(I68="U14",C68+"1:30",IF(I68="U13",C68+"1:35",IF(I68="U12_1",C68+"1:10",IF(I68="U12_2",C68+"1:10",IF(I68="U11",C68+"1:10",IF(I68="U10",C68+"1:03",IF(I68="U9",C68+"1:03",C68+"3:00"))))))))))) -> 0.64583333 | E68: =UPPER('Nach Mannschaften sortiert'!F68) -> GOLS | G68: ='Nach Mannschaften sortiert'!H68 -> Auswärts | H68: ='Nach Mannschaften sortiert'!G68 -> GMWP | I68: ='Nach Mannschaften sortiert'!C68 -> U14 | J68: aktiv | K68: Liga | L68: Spiel
B69: ='Nach Mannschaften sortiert'!D69 -> 46270 | C69: ='Nach Mannschaften sortiert'!E69 -> 0.58333333 | D69: =IF(I69="KM",C69+"1:45",IF(I69="U23",C69+"1:45",IF(I69="U16",C69+"1:45",IF(I69="U15",C69+"1:30",IF(I69="U14",C69+"1:30",IF(I69="U13",C69+"1:35",IF(I69="U12_1",C69+"1:10",IF(I69="U12_2",C69+"1:10",IF(I69="U11",C69+"1:10",IF(I69="U10",C69+"1:03",IF(I69="U9",C69+"1:03",C69+"3:00"))))))))))) -> 0.63194444 | E69: =UPPER('Nach Mannschaften sortiert'!F69) -> STEINBRUNN | F69: 4:3 für Stotzing | G69: ='Nach Mannschaften sortiert'!H69 -> Heim | H69: ='Nach Mannschaften sortiert'!G69 -> Stotzing | I69: ='Nach Mannschaften sortiert'!C69 -> U12_1 | J69: aktiv | K69: Liga | L69: Spiel
B70: ='Nach Mannschaften sortiert'!D70 -> 46277 | C70: ='Nach Mannschaften sortiert'!E70 -> 0.47916667 | D70: =IF(I70="KM",C70+"1:45",IF(I70="U23",C70+"1:45",IF(I70="U16",C70+"1:45",IF(I70="U15",C70+"1:30",IF(I70="U14",C70+"1:30",IF(I70="U13",C70+"1:35",IF(I70="U12_1",C70+"1:10",IF(I70="U12_2",C70+"1:10",IF(I70="U11",C70+"1:10",IF(I70="U10",C70+"1:03",IF(I70="U9",C70+"1:03",C70+"3:00"))))))))))) -> 0.52777778 | E70: =UPPER('Nach Mannschaften sortiert'!F70) -> KLINGENBACH | F70: 3:3 | G70: ='Nach Mannschaften sortiert'!H70 -> Auswärts | H70: ='Nach Mannschaften sortiert'!G70 -> SPG Klimpuh Juniors | I70: ='Nach Mannschaften sortiert'!C70 -> U12_1 | J70: aktiv | K70: Liga | L70: Spiel
B71: ='Nach Mannschaften sortiert'!D71 -> 46287 | C71: ='Nach Mannschaften sortiert'!E71 -> 0.72916667 | D71: =IF(I71="KM",C71+"1:45",IF(I71="U23",C71+"1:45",IF(I71="U16",C71+"1:45",IF(I71="U15",C71+"1:30",IF(I71="U14",C71+"1:30",IF(I71="U13",C71+"1:35",IF(I71="U12_1",C71+"1:10",IF(I71="U12_2",C71+"1:10",IF(I71="U11",C71+"1:10",IF(I71="U10",C71+"1:03",IF(I71="U9",C71+"1:03",C71+"3:00"))))))))))) -> 0.77777778 | E71: =UPPER('Nach Mannschaften sortiert'!F71) -> NEUFELD | F71: 5:2 für SPG ASV | G71: ='Nach Mannschaften sortiert'!H71 -> Heim | H71: ='Nach Mannschaften sortiert'!G71 -> Leithaprodersdorf | I71: ='Nach Mannschaften sortiert'!C71 -> U12_1 | J71: aktiv | K71: Liga | L71: Spiel
B72: ='Nach Mannschaften sortiert'!D72 -> 46291 | C72: ='Nach Mannschaften sortiert'!E72 -> 0.5 | D72: =IF(I72="KM",C72+"1:45",IF(I72="U23",C72+"1:45",IF(I72="U16",C72+"1:45",IF(I72="U15",C72+"1:30",IF(I72="U14",C72+"1:30",IF(I72="U13",C72+"1:35",IF(I72="U12_1",C72+"1:10",IF(I72="U12_2",C72+"1:10",IF(I72="U11",C72+"1:10",IF(I72="U10",C72+"1:03",IF(I72="U9",C72+"1:03",C72+"3:00"))))))))))) -> 0.54861111 | E72: =UPPER('Nach Mannschaften sortiert'!F72) -> EISENSTADT | F72: 5:4 für SPG ASV | G72: ='Nach Mannschaften sortiert'!H72 -> Auswärts | H72: ='Nach Mannschaften sortiert'!G72 -> SC "muki" Eisenstadt/Rust | I72: ='Nach Mannschaften sortiert'!C72 -> U12_1 | J72: aktiv | K72: Liga | L72: Spiel
B73: ='Nach Mannschaften sortiert'!D73 -> 46307 | C73: ='Nach Mannschaften sortiert'!E73 -> 0.72916667 | D73: =IF(I73="KM",C73+"1:45",IF(I73="U23",C73+"1:45",IF(I73="U16",C73+"1:45",IF(I73="U15",C73+"1:30",IF(I73="U14",C73+"1:30",IF(I73="U13",C73+"1:35",IF(I73="U12_1",C73+"1:10",IF(I73="U12_2",C73+"1:10",IF(I73="U11",C73+"1:10",IF(I73="U10",C73+"1:03",IF(I73="U9",C73+"1:03",C73+"3:00"))))))))))) -> 0.77777778 | E73: =UPPER('Nach Mannschaften sortiert'!F73) -> STEINBRUNN | F73: 2:1 für SPG ASV | G73: ='Nach Mannschaften sortiert'!H73 -> Heim | H73: ='Nach Mannschaften sortiert'!G73 -> Hornstein/Wimpasing | I73: ='Nach Mannschaften sortiert'!C73 -> U12_1 | J73: aktiv | K73: Liga | L73: Spiel
B74: ='Nach Mannschaften sortiert'!D74 -> 46304 | C74: ='Nach Mannschaften sortiert'!E74 -> 0.66666667 | D74: =IF(I74="KM",C74+"1:45",IF(I74="U23",C74+"1:45",IF(I74="U16",C74+"1:45",IF(I74="U15",C74+"1:30",IF(I74="U14",C74+"1:30",IF(I74="U13",C74+"1:35",IF(I74="U12_1",C74+"1:10",IF(I74="U12_2",C74+"1:10",IF(I74="U11",C74+"1:10",IF(I74="U10",C74+"1:03",IF(I74="U9",C74+"1:03",C74+"3:00"))))))))))) -> 0.71527778 | E74: =UPPER('Nach Mannschaften sortiert'!F74) -> STOTZING | F74: 4:0 für SPG ASV | G74: ='Nach Mannschaften sortiert'!H74 -> Auswärts | H74: ='Nach Mannschaften sortiert'!G74 -> Stotzing | I74: ='Nach Mannschaften sortiert'!C74 -> U12_1 | J74: aktiv | K74: Liga | L74: Spiel
B75: ='Nach Mannschaften sortiert'!D75 -> 46312 | C75: ='Nach Mannschaften sortiert'!E75 -> 0.625 | D75: =IF(I75="KM",C75+"1:45",IF(I75="U23",C75+"1:45",IF(I75="U16",C75+"1:45",IF(I75="U15",C75+"1:30",IF(I75="U14",C75+"1:30",IF(I75="U13",C75+"1:35",IF(I75="U12_1",C75+"1:10",IF(I75="U12_2",C75+"1:10",IF(I75="U11",C75+"1:10",IF(I75="U10",C75+"1:03",IF(I75="U9",C75+"1:03",C75+"3:00"))))))))))) -> 0.67361111 | E75: =UPPER('Nach Mannschaften sortiert'!F75) -> NEUFELD | G75: ='Nach Mannschaften sortiert'!H75 -> Heim | H75: ='Nach Mannschaften sortiert'!G75 -> SPG Klimpuh Juniors | I75: ='Nach Mannschaften sortiert'!C75 -> U12_1 | J75: aktiv | K75: Liga | L75: Spiel
B76: ='Nach Mannschaften sortiert'!D76 -> 46319 | C76: ='Nach Mannschaften sortiert'!E76 -> 0.625 | D76: =IF(I76="KM",C76+"1:45",IF(I76="U23",C76+"1:45",IF(I76="U16",C76+"1:45",IF(I76="U15",C76+"1:30",IF(I76="U14",C76+"1:30",IF(I76="U13",C76+"1:35",IF(I76="U12_1",C76+"1:10",IF(I76="U12_2",C76+"1:10",IF(I76="U11",C76+"1:10",IF(I76="U10",C76+"1:03",IF(I76="U9",C76+"1:03",C76+"3:00"))))))))))) -> 0.67361111 | E76: =UPPER('Nach Mannschaften sortiert'!F76) -> LEITHAPRODERSDORF | G76: ='Nach Mannschaften sortiert'!H76 -> Auswärts | H76: ='Nach Mannschaften sortiert'!G76 -> Leithaprodersdorf | I76: ='Nach Mannschaften sortiert'!C76 -> U12_1 | J76: aktiv | K76: Liga | L76: Spiel
B77: ='Nach Mannschaften sortiert'!D77 -> 46316 | C77: ='Nach Mannschaften sortiert'!E77 -> 0.75 | D77: =IF(I77="KM",C77+"1:45",IF(I77="U23",C77+"1:45",IF(I77="U16",C77+"1:45",IF(I77="U15",C77+"1:30",IF(I77="U14",C77+"1:30",IF(I77="U13",C77+"1:35",IF(I77="U12_1",C77+"1:10",IF(I77="U12_2",C77+"1:10",IF(I77="U11",C77+"1:10",IF(I77="U10",C77+"1:03",IF(I77="U9",C77+"1:03",C77+"3:00"))))))))))) -> 0.79861111 | E77: =UPPER('Nach Mannschaften sortiert'!F77) -> STEINBRUNN | G77: ='Nach Mannschaften sortiert'!H77 -> Heim | H77: ='Nach Mannschaften sortiert'!G77 -> SC "muki" Eisenstadt/Rust | I77: ='Nach Mannschaften sortiert'!C77 -> U12_1 | J77: aktiv | K77: Liga | L77: Spiel
B78: ='Nach Mannschaften sortiert'!D78 -> 46333 | C78: ='Nach Mannschaften sortiert'!E78 -> 0.5625 | D78: =IF(I78="KM",C78+"1:45",IF(I78="U23",C78+"1:45",IF(I78="U16",C78+"1:45",IF(I78="U15",C78+"1:30",IF(I78="U14",C78+"1:30",IF(I78="U13",C78+"1:35",IF(I78="U12_1",C78+"1:10",IF(I78="U12_2",C78+"1:10",IF(I78="U11",C78+"1:10",IF(I78="U10",C78+"1:03",IF(I78="U9",C78+"1:03",C78+"3:00"))))))))))) -> 0.61111111 | E78: =UPPER('Nach Mannschaften sortiert'!F78) -> HORNSTEIN | G78: ='Nach Mannschaften sortiert'!H78 -> Auswärts | H78: ='Nach Mannschaften sortiert'!G78 -> Hornstein/Wimpasing | I78: ='Nach Mannschaften sortiert'!C78 -> U12_1 | J78: aktiv | K78: Liga | L78: Spiel
B79: ='Nach Mannschaften sortiert'!D79 -> 46270 | C79: ='Nach Mannschaften sortiert'!E79 -> 0.5 | D79: =IF(I79="KM",C79+"1:45",IF(I79="U23",C79+"1:45",IF(I79="U16",C79+"1:45",IF(I79="U15",C79+"1:30",IF(I79="U14",C79+"1:30",IF(I79="U13",C79+"1:35",IF(I79="U12_1",C79+"1:10",IF(I79="U12_2",C79+"1:10",IF(I79="U11",C79+"1:10",IF(I79="U10",C79+"1:03",IF(I79="U9",C79+"1:03",C79+"3:00"))))))))))) -> 0.54861111 | E79: =UPPER('Nach Mannschaften sortiert'!F79) -> STEINBRUNN | F79: 5:1 für SPG ASV | G79: ='Nach Mannschaften sortiert'!H79 -> Heim | H79: ='Nach Mannschaften sortiert'!G79 -> St. Margarethen | I79: ='Nach Mannschaften sortiert'!C79 -> U12_2 | J79: aktiv | K79: Liga | L79: Spiel
B80: ='Nach Mannschaften sortiert'!D80 -> 46278 | C80: ='Nach Mannschaften sortiert'!E80 -> 0.58333333 | D80: =IF(I80="KM",C80+"1:45",IF(I80="U23",C80+"1:45",IF(I80="U16",C80+"1:45",IF(I80="U15",C80+"1:30",IF(I80="U14",C80+"1:30",IF(I80="U13",C80+"1:35",IF(I80="U12_1",C80+"1:10",IF(I80="U12_2",C80+"1:10",IF(I80="U11",C80+"1:10",IF(I80="U10",C80+"1:03",IF(I80="U9",C80+"1:03",C80+"3:00"))))))))))) -> 0.63194444 | E80: =UPPER('Nach Mannschaften sortiert'!F80) -> ST. GEORGEN | F80: 3:2 für SPG ASV | G80: ='Nach Mannschaften sortiert'!H80 -> Auswärts | H80: ='Nach Mannschaften sortiert'!G80 -> St. Georgen/Eisenstadt | I80: ='Nach Mannschaften sortiert'!C80 -> U12_2 | J80: aktiv | K80: Liga | L80: Spiel
B81: ='Nach Mannschaften sortiert'!D81 -> 46284 | C81: ='Nach Mannschaften sortiert'!E81 -> 0.45833333 | D81: =IF(I81="KM",C81+"1:45",IF(I81="U23",C81+"1:45",IF(I81="U16",C81+"1:45",IF(I81="U15",C81+"1:30",IF(I81="U14",C81+"1:30",IF(I81="U13",C81+"1:35",IF(I81="U12_1",C81+"1:10",IF(I81="U12_2",C81+"1:10",IF(I81="U11",C81+"1:10",IF(I81="U10",C81+"1:03",IF(I81="U9",C81+"1:03",C81+"3:00"))))))))))) -> 0.50694444 | E81: =UPPER('Nach Mannschaften sortiert'!F81) -> GROßHÖFLEIN | F81: 6:2 für SPG ASV | G81: ='Nach Mannschaften sortiert'!H81 -> Auswärts | H81: ='Nach Mannschaften sortiert'!G81 -> Großhöflein | I81: ='Nach Mannschaften sortiert'!C81 -> U12_2 | J81: aktiv | K81: Liga | L81: Spiel
B82: ='Nach Mannschaften sortiert'!D82 -> 46292 | C82: ='Nach Mannschaften sortiert'!E82 -> 0.625 | D82: =IF(I82="KM",C82+"1:45",IF(I82="U23",C82+"1:45",IF(I82="U16",C82+"1:45",IF(I82="U15",C82+"1:30",IF(I82="U14",C82+"1:30",IF(I82="U13",C82+"1:35",IF(I82="U12_1",C82+"1:10",IF(I82="U12_2",C82+"1:10",IF(I82="U11",C82+"1:10",IF(I82="U10",C82+"1:03",IF(I82="U9",C82+"1:03",C82+"3:00"))))))))))) -> 0.67361111 | E82: =UPPER('Nach Mannschaften sortiert'!F82) -> NEUFELD | F82: 8:1 für SPG ASV | G82: ='Nach Mannschaften sortiert'!H82 -> Heim | H82: ='Nach Mannschaften sortiert'!G82 -> Purbach/Breitenbrunn/Winden | I82: ='Nach Mannschaften sortiert'!C82 -> U12_2 | J82: aktiv | K82: Liga | L82: Spiel
B83: ='Nach Mannschaften sortiert'!D83 -> 46297 | C83: ='Nach Mannschaften sortiert'!E83 -> 0.66666667 | D83: =IF(I83="KM",C83+"1:45",IF(I83="U23",C83+"1:45",IF(I83="U16",C83+"1:45",IF(I83="U15",C83+"1:30",IF(I83="U14",C83+"1:30",IF(I83="U13",C83+"1:35",IF(I83="U12_1",C83+"1:10",IF(I83="U12_2",C83+"1:10",IF(I83="U11",C83+"1:10",IF(I83="U10",C83+"1:03",IF(I83="U9",C83+"1:03",C83+"3:00"))))))))))) -> 0.71527778 | E83: =UPPER('Nach Mannschaften sortiert'!F83) -> OGGAU | F83: 2:1 für SPG ASV | G83: ='Nach Mannschaften sortiert'!H83 -> Auswärts | H83: ='Nach Mannschaften sortiert'!G83 -> Oggau | I83: ='Nach Mannschaften sortiert'!C83 -> U12_2 | J83: aktiv | K83: Liga | L83: Spiel
B84: ='Nach Mannschaften sortiert'!D84 -> 46305 | C84: ='Nach Mannschaften sortiert'!E84 -> 0.47916667 | D84: =IF(I84="KM",C84+"1:45",IF(I84="U23",C84+"1:45",IF(I84="U16",C84+"1:45",IF(I84="U15",C84+"1:30",IF(I84="U14",C84+"1:30",IF(I84="U13",C84+"1:35",IF(I84="U12_1",C84+"1:10",IF(I84="U12_2",C84+"1:10",IF(I84="U11",C84+"1:10",IF(I84="U10",C84+"1:03",IF(I84="U9",C84+"1:03",C84+"3:00"))))))))))) -> 0.52777778 | E84: =UPPER('Nach Mannschaften sortiert'!F84) -> ST. MARGARETHEN | F84: 7:2 für SPG ASV | G84: ='Nach Mannschaften sortiert'!H84 -> Auswärts | H84: ='Nach Mannschaften sortiert'!G84 -> St. Margarethen | I84: ='Nach Mannschaften sortiert'!C84 -> U12_2 | J84: aktiv | K84: Liga | L84: Spiel
B85: ='Nach Mannschaften sortiert'!D85 -> 46311 | C85: ='Nach Mannschaften sortiert'!E85 -> 0.75 | D85: =IF(I85="KM",C85+"1:45",IF(I85="U23",C85+"1:45",IF(I85="U16",C85+"1:45",IF(I85="U15",C85+"1:30",IF(I85="U14",C85+"1:30",IF(I85="U13",C85+"1:35",IF(I85="U12_1",C85+"1:10",IF(I85="U12_2",C85+"1:10",IF(I85="U11",C85+"1:10",IF(I85="U10",C85+"1:03",IF(I85="U9",C85+"1:03",C85+"3:00"))))))))))) -> 0.79861111 | E85: =UPPER('Nach Mannschaften sortiert'!F85) -> STEINBRUNN | F85: 13:3 für St. Georgen | G85: ='Nach Mannschaften sortiert'!H85 -> Heim | H85: ='Nach Mannschaften sortiert'!G85 -> St. Georgen/Eisenstadt | I85: ='Nach Mannschaften sortiert'!C85 -> U12_2 | J85: aktiv | K85: Liga | L85: Spiel
B86: ='Nach Mannschaften sortiert'!D86 -> 46318 | C86: ='Nach Mannschaften sortiert'!E86 -> 0.70833333 | D86: =IF(I86="KM",C86+"1:45",IF(I86="U23",C86+"1:45",IF(I86="U16",C86+"1:45",IF(I86="U15",C86+"1:30",IF(I86="U14",C86+"1:30",IF(I86="U13",C86+"1:35",IF(I86="U12_1",C86+"1:10",IF(I86="U12_2",C86+"1:10",IF(I86="U11",C86+"1:10",IF(I86="U10",C86+"1:03",IF(I86="U9",C86+"1:03",C86+"3:00"))))))))))) -> 0.75694444 | E86: =UPPER('Nach Mannschaften sortiert'!F86) -> STEINBRUNN | G86: ='Nach Mannschaften sortiert'!H86 -> Heim | H86: ='Nach Mannschaften sortiert'!G86 -> Großhöflein | I86: ='Nach Mannschaften sortiert'!C86 -> U12_2 | J86: aktiv | K86: Liga | L86: Spiel
B87: ='Nach Mannschaften sortiert'!D87 -> 46327 | C87: ='Nach Mannschaften sortiert'!E87 -> 0.47916667 | D87: =IF(I87="KM",C87+"1:45",IF(I87="U23",C87+"1:45",IF(I87="U16",C87+"1:45",IF(I87="U15",C87+"1:30",IF(I87="U14",C87+"1:30",IF(I87="U13",C87+"1:35",IF(I87="U12_1",C87+"1:10",IF(I87="U12_2",C87+"1:10",IF(I87="U11",C87+"1:10",IF(I87="U10",C87+"1:03",IF(I87="U9",C87+"1:03",C87+"3:00"))))))))))) -> 0.52777778 | E87: =UPPER('Nach Mannschaften sortiert'!F87) -> PURBACH | G87: ='Nach Mannschaften sortiert'!H87 -> Auswärts | H87: ='Nach Mannschaften sortiert'!G87 -> Purbach/Breitenbrunn/Winden | I87: ='Nach Mannschaften sortiert'!C87 -> U12_2 | J87: aktiv | K87: Liga | L87: Spiel
B88: ='Nach Mannschaften sortiert'!D88 -> 46332 | C88: ='Nach Mannschaften sortiert'!E88 -> 0.70833333 | D88: =IF(I88="KM",C88+"1:45",IF(I88="U23",C88+"1:45",IF(I88="U16",C88+"1:45",IF(I88="U15",C88+"1:30",IF(I88="U14",C88+"1:30",IF(I88="U13",C88+"1:35",IF(I88="U12_1",C88+"1:10",IF(I88="U12_2",C88+"1:10",IF(I88="U11",C88+"1:10",IF(I88="U10",C88+"1:03",IF(I88="U9",C88+"1:03",C88+"3:00"))))))))))) -> 0.75694444 | E88: =UPPER('Nach Mannschaften sortiert'!F88) -> STEINBRUNN | G88: ='Nach Mannschaften sortiert'!H88 -> Heim | H88: ='Nach Mannschaften sortiert'!G88 -> Oggau | I88: ='Nach Mannschaften sortiert'!C88 -> U12_2 | J88: aktiv | K88: Liga | L88: Spiel
B89: ='Nach Mannschaften sortiert'!D89 -> 46270 | C89: ='Nach Mannschaften sortiert'!E89 -> 0.41666667 | D89: =IF(I89="KM",C89+"1:45",IF(I89="U23",C89+"1:45",IF(I89="U16",C89+"1:45",IF(I89="U15",C89+"1:30",IF(I89="U14",C89+"1:30",IF(I89="U13",C89+"1:35",IF(I89="U12_1",C89+"1:10",IF(I89="U12_2",C89+"1:10",IF(I89="U11",C89+"1:10",IF(I89="U10",C89+"1:03",IF(I89="U9",C89+"1:03",C89+"3:00"))))))))))) -> 0.46527778 | E89: =UPPER('Nach Mannschaften sortiert'!F89) -> STEINBRUNN | F89: 16:1 für Leithaprodersdorf | G89: ='Nach Mannschaften sortiert'!H89 -> Heim | H89: ='Nach Mannschaften sortiert'!G89 -> Leithaprodersdorf | I89: ='Nach Mannschaften sortiert'!C89 -> U11 | J89: aktiv | K89: Liga | L89: Spiel
B90: ='Nach Mannschaften sortiert'!D90 -> 46276 | C90: ='Nach Mannschaften sortiert'!E90 -> 0.77083333 | D90: =IF(I90="KM",C90+"1:45",IF(I90="U23",C90+"1:45",IF(I90="U16",C90+"1:45",IF(I90="U15",C90+"1:30",IF(I90="U14",C90+"1:30",IF(I90="U13",C90+"1:35",IF(I90="U12_1",C90+"1:10",IF(I90="U12_2",C90+"1:10",IF(I90="U11",C90+"1:10",IF(I90="U10",C90+"1:03",IF(I90="U9",C90+"1:03",C90+"3:00"))))))))))) -> 0.81944444 | E90: =UPPER('Nach Mannschaften sortiert'!F90) -> HORNSTEIN | F90: 3:3 | G90: ='Nach Mannschaften sortiert'!H90 -> Auswärts | H90: ='Nach Mannschaften sortiert'!G90 -> Hornstein | I90: ='Nach Mannschaften sortiert'!C90 -> U11 | J90: aktiv | K90: Liga | L90: Spiel
B91: ='Nach Mannschaften sortiert'!D91 -> 46284 | C91: ='Nach Mannschaften sortiert'!E91 -> 0.41666667 | D91: =IF(I91="KM",C91+"1:45",IF(I91="U23",C91+"1:45",IF(I91="U16",C91+"1:45",IF(I91="U15",C91+"1:30",IF(I91="U14",C91+"1:30",IF(I91="U13",C91+"1:35",IF(I91="U12_1",C91+"1:10",IF(I91="U12_2",C91+"1:10",IF(I91="U11",C91+"1:10",IF(I91="U10",C91+"1:03",IF(I91="U9",C91+"1:03",C91+"3:00"))))))))))) -> 0.46527778 | E91: =UPPER('Nach Mannschaften sortiert'!F91) -> WULKAPRODERSDORF | F91: 8:2 für Wulkaprodersdorf | G91: ='Nach Mannschaften sortiert'!H91 -> Auswärts | H91: ='Nach Mannschaften sortiert'!G91 -> Wulkaprodersdorf | I91: ='Nach Mannschaften sortiert'!C91 -> U11 | J91: aktiv | K91: Liga | L91: Spiel
B92: ='Nach Mannschaften sortiert'!D92 -> 46292 | C92: ='Nach Mannschaften sortiert'!E92 -> 0.54166667 | D92: =IF(I92="KM",C92+"1:45",IF(I92="U23",C92+"1:45",IF(I92="U16",C92+"1:45",IF(I92="U15",C92+"1:30",IF(I92="U14",C92+"1:30",IF(I92="U13",C92+"1:35",IF(I92="U12_1",C92+"1:10",IF(I92="U12_2",C92+"1:10",IF(I92="U11",C92+"1:10",IF(I92="U10",C92+"1:03",IF(I92="U9",C92+"1:03",C92+"3:00"))))))))))) -> 0.59027778 | E92: =UPPER('Nach Mannschaften sortiert'!F92) -> NEUFELD | F92: 5:6 für Wulkaprodersdorf | G92: ='Nach Mannschaften sortiert'!H92 -> Heim | H92: ='Nach Mannschaften sortiert'!G92 -> Wulkaprodersdorf | I92: ='Nach Mannschaften sortiert'!C92 -> U11 | J92: aktiv | K92: Liga | L92: Spiel
B93: ='Nach Mannschaften sortiert'!D93 -> 46298 | C93: ='Nach Mannschaften sortiert'!E93 -> 0.41666667 | D93: =IF(I93="KM",C93+"1:45",IF(I93="U23",C93+"1:45",IF(I93="U16",C93+"1:45",IF(I93="U15",C93+"1:30",IF(I93="U14",C93+"1:30",IF(I93="U13",C93+"1:35",IF(I93="U12_1",C93+"1:10",IF(I93="U12_2",C93+"1:10",IF(I93="U11",C93+"1:10",IF(I93="U10",C93+"1:03",IF(I93="U9",C93+"1:03",C93+"3:00"))))))))))) -> 0.46527778 | E93: =UPPER('Nach Mannschaften sortiert'!F93) -> STEINBRUNN | F93: 5:6 für Hornstein | G93: ='Nach Mannschaften sortiert'!H93 -> Heim | H93: ='Nach Mannschaften sortiert'!G93 -> Hornstein | I93: ='Nach Mannschaften sortiert'!C93 -> U11 | J93: aktiv | K93: Liga | L93: Spiel
B94: ='Nach Mannschaften sortiert'!D94 -> 46305 | C94: ='Nach Mannschaften sortiert'!E94 -> 0.5625 | D94: =IF(I94="KM",C94+"1:45",IF(I94="U23",C94+"1:45",IF(I94="U16",C94+"1:45",IF(I94="U15",C94+"1:30",IF(I94="U14",C94+"1:30",IF(I94="U13",C94+"1:35",IF(I94="U12_1",C94+"1:10",IF(I94="U12_2",C94+"1:10",IF(I94="U11",C94+"1:10",IF(I94="U10",C94+"1:03",IF(I94="U9",C94+"1:03",C94+"3:00"))))))))))) -> 0.61111111 | E94: =UPPER('Nach Mannschaften sortiert'!F94) -> LEITHAPRODERSDORF | F94: 16:2 für Leithaprodersdorf | G94: ='Nach Mannschaften sortiert'!H94 -> Auswärts | H94: ='Nach Mannschaften sortiert'!G94 -> Leithaprodersdorf | I94: ='Nach Mannschaften sortiert'!C94 -> U11 | J94: aktiv | K94: Liga | L94: Spiel
B95: ='Nach Mannschaften sortiert'!D95 -> 46312 | C95: ='Nach Mannschaften sortiert'!E95 -> 0.54166667 | D95: =IF(I95="KM",C95+"1:45",IF(I95="U23",C95+"1:45",IF(I95="U16",C95+"1:45",IF(I95="U15",C95+"1:30",IF(I95="U14",C95+"1:30",IF(I95="U13",C95+"1:35",IF(I95="U12_1",C95+"1:10",IF(I95="U12_2",C95+"1:10",IF(I95="U11",C95+"1:10",IF(I95="U10",C95+"1:03",IF(I95="U9",C95+"1:03",C95+"3:00"))))))))))) -> 0.59027778 | E95: =UPPER('Nach Mannschaften sortiert'!F95) -> NEUFELD | F95: 5:1 für Leithaprodersdorf | G95: ='Nach Mannschaften sortiert'!H95 -> Heim | H95: ='Nach Mannschaften sortiert'!G95 -> Leithaprodersdorf | I95: ='Nach Mannschaften sortiert'!C95 -> U11 | J95: aktiv | K95: Liga | L95: Spiel
B96: ='Nach Mannschaften sortiert'!D96 -> 46320 | C96: ='Nach Mannschaften sortiert'!E96 -> 0.5 | D96: =IF(I96="KM",C96+"1:45",IF(I96="U23",C96+"1:45",IF(I96="U16",C96+"1:45",IF(I96="U15",C96+"1:30",IF(I96="U14",C96+"1:30",IF(I96="U13",C96+"1:35",IF(I96="U12_1",C96+"1:10",IF(I96="U12_2",C96+"1:10",IF(I96="U11",C96+"1:10",IF(I96="U10",C96+"1:03",IF(I96="U9",C96+"1:03",C96+"3:00"))))))))))) -> 0.54861111 | E96: =UPPER('Nach Mannschaften sortiert'!F96) -> HORNSTEIN | G96: ='Nach Mannschaften sortiert'!H96 -> Auswärts | H96: ='Nach Mannschaften sortiert'!G96 -> Hornstein | I96: ='Nach Mannschaften sortiert'!C96 -> U11 | J96: aktiv | K96: Liga | L96: Spiel
B97: ='Nach Mannschaften sortiert'!D97 -> 46326 | C97: ='Nach Mannschaften sortiert'!E97 -> 0.4375 | D97: =IF(I97="KM",C97+"1:45",IF(I97="U23",C97+"1:45",IF(I97="U16",C97+"1:45",IF(I97="U15",C97+"1:30",IF(I97="U14",C97+"1:30",IF(I97="U13",C97+"1:35",IF(I97="U12_1",C97+"1:10",IF(I97="U12_2",C97+"1:10",IF(I97="U11",C97+"1:10",IF(I97="U10",C97+"1:03",IF(I97="U9",C97+"1:03",C97+"3:00"))))))))))) -> 0.48611111 | E97: =UPPER('Nach Mannschaften sortiert'!F97) -> WULKAPRODERSDORF | G97: ='Nach Mannschaften sortiert'!H97 -> Auswärts | H97: ='Nach Mannschaften sortiert'!G97 -> Wulkaprodersdorf | I97: ='Nach Mannschaften sortiert'!C97 -> U11 | J97: aktiv | K97: Liga | L97: Spiel
B98: ='Nach Mannschaften sortiert'!D98 -> 46312 | C98: ='Nach Mannschaften sortiert'!E98 -> 0.39583333 | D98: =IF(I98="KM",C98+"1:45",IF(I98="U23",C98+"1:45",IF(I98="U16",C98+"1:45",IF(I98="U15",C98+"1:30",IF(I98="U14",C98+"1:30",IF(I98="U13",C98+"1:35",IF(I98="U12_1",C98+"1:10",IF(I98="U12_2",C98+"1:10",IF(I98="U11",C98+"1:10",IF(I98="U10",C98+"1:03",IF(I98="U9",C98+"1:03",C98+"3:00"))))))))))) -> 0.43958333 | E98: =UPPER('Nach Mannschaften sortiert'!F98) -> NEUFELD | G98: ='Nach Mannschaften sortiert'!H98 -> Heim | H98: ='Nach Mannschaften sortiert'!G98 -> Heimturnier | I98: ='Nach Mannschaften sortiert'!C98 -> U10 | J98: aktiv | K98: Liga | L98: Spiel
B99: ='Nach Mannschaften sortiert'!D99 -> 46277 | C99: ='Nach Mannschaften sortiert'!E99 -> 0.47916667 | D99: =IF(I99="KM",C99+"1:45",IF(I99="U23",C99+"1:45",IF(I99="U16",C99+"1:45",IF(I99="U15",C99+"1:30",IF(I99="U14",C99+"1:30",IF(I99="U13",C99+"1:35",IF(I99="U12_1",C99+"1:10",IF(I99="U12_2",C99+"1:10",IF(I99="U11",C99+"1:10",IF(I99="U10",C99+"1:03",IF(I99="U9",C99+"1:03",C99+"3:00"))))))))))) -> 0.52291667 | E99: =UPPER('Nach Mannschaften sortiert'!F99) -> SIEGENDORF | G99: ='Nach Mannschaften sortiert'!H99 -> Auswärts | H99: ='Nach Mannschaften sortiert'!G99 -> Turnier | I99: ='Nach Mannschaften sortiert'!C99 -> U10 | J99: aktiv | K99: Liga | L99: Spiel
B100: ='Nach Mannschaften sortiert'!D100 -> 46305 | C100: ='Nach Mannschaften sortiert'!E100 -> 0.375 | D100: =IF(I100="KM",C100+"1:45",IF(I100="U23",C100+"1:45",IF(I100="U16",C100+"1:45",IF(I100="U15",C100+"1:30",IF(I100="U14",C100+"1:30",IF(I100="U13",C100+"1:35",IF(I100="U12_1",C100+"1:10",IF(I100="U12_2",C100+"1:10",IF(I100="U11",C100+"1:10",IF(I100="U10",C100+"1:03",IF(I100="U9",C100+"1:03",C100+"3:00"))))))))))) -> 0.41875 | E100: =UPPER('Nach Mannschaften sortiert'!F100) -> TRAUSDORF | G100: ='Nach Mannschaften sortiert'!H100 -> Auswärts | H100: ='Nach Mannschaften sortiert'!G100 -> Turnier | I100: ='Nach Mannschaften sortiert'!C100 -> U10 | J100: aktiv | K100: Liga | L100: Spiel
...

Sheet Stefans Liste 2026
A1: Mannschaft | B1: fixierter Termin | C1: Uhrzeit | D1: Ort | E1: Gegner | F1: Spielfeld | G1: Spielfeldgröße | H1: Tore | I1: Ball | J1: Trainer/Ansprechpartner | K1: Tel
A2: ='ICS2'!I117 -> U8 | B2: ='ICS2'!B117 -> 46278 | C2: ='ICS2'!C117 -> 0.41666667 | D2: ='ICS2'!E117 -> STEINBRUNN | E2: ='ICS2'!H117 -> Turnier | F2: =A2 -> U8 | G2: =IF(F2="KM","Großfeld",IF(F2="U23","Großfeld",IF(F2="U16","Großfeld",IF(F2="U15","Großfeld",IF(F2="U14","Großfeld",IF(F2="U12_1","55*40",IF(F2="U12_2","55x40",IF(F2="U11","55x40",IF(F2="U10","40x25",IF(F2="U9","40x25",IF(F2="U8","29x22",IF(F2="U7","25x20","16x15")))))))))))) -> 29x22 | H2: =IF(F2="KM","7,32x2,44",IF(F2="U23","7,32x2,44",IF(F2="U16","7,32x2,44",IF(F2="U15","7,32x2,44",IF(F2="U14","7,32x2,44",IF(F2="U13","5x2",IF(F2="U12_1","7,32x2,44",IF(F2="U12_2","7,32x2,44",IF(F2="U11","5x2",IF(F2="U10","5x2 ",IF(F2="U9","5x2","4 Minitore"))))))))))) -> 4 Minitore | I2: =IF(F2="KM","5",IF(F2="U23",5,IF(F2="U16","5",IF(F2="U15","5",IF(F2="U14","4",IF(F2="U13","4",IF(F2="U12_1","4",IF(F2="U12_2","4",IF(F2="U11","4",IF(F2="U10","4",IF(F2="U9","4","3"))))))))))) -> 3 | J2: =IF(F2="KM","Pleninger Stefan & Matthias Wachter",IF(F2="U23","Egzon Gentiani & Dinges Stefan",IF(F2="U16","Serdar Ekinci & Gernot Sevelda & Hubi Oberhofer",IF(F2="U15","",IF(F2="U14","Christian Neckamm & Thomas Pöschl",IF(F2="U13","",IF(F2="U12_1","Tobias Berger & Mario Magler",IF(F2="U12_2","Tobias Berger & Mario Magler",IF(F2="U11","Christian Wirth",IF(F2="U10","Thomas Brandl",IF(F2="U9","Tobias Berger & Sebastian Putric",IF(F2="U8","Ömer Türkes & Taha Mahsumi",IF(F2="U7","Alexander Zax & Jürgen Joszt",IF(F2="FKG","Ronny Archam & Florian Rac",IF(A2="Camp","Berger Dieter",IF(A2="Turnier","Berger Dieter","FEHLER")))))))))))))))) -> Ömer Türkes & Taha Mahsumi | K2: =IF(F2="KM","+43 664 415 99 09 & +43 699 119 70 312",IF(F2="U23","+43 670 18 59 080 & +43 664 451 22 16",IF(F2="U16","+43 690 104 20 129 & +43 676 401 09 13 & +43 699 181 68 504",IF(F2="U15","",IF(F2="U14","+43 699 192 49 527 & +43 677 613 55 114",IF(F2="U13","",IF(F2="U12_1","+43 66 199 13 52 & +43 664 762 09 93",IF(F2="U12_2","+43 66 199 13 52 & +43 664 762 09 93",IF(F2="U11","+43 660 423 93 83",IF(F2="U10","+43 676 377 16 30",IF(F2="U9","+43 66 199 13 52 & +43 660 914 92 36",IF(F2="U8","+43 676 661 62 26 & +43 681 208 11 599",IF(F2="U7","+43 664 458 88 84 & +43 660 549 82 40",IF(F2="FKG","+43 699 111 93 828 & +43 660 600 25 06",IF(A2="Camp","+43 660 77 39 500",IF(A2="Turnier","+43 660 77 39 500","FEHLER")))))))))))))))) -> +43 676 661 62 26 & +43 681 208 11 599
A3: ='ICS2'!I2 -> U15 | B3: ='ICS2'!B2 -> 46199 | C3: ='ICS2'!C2 -> 0.66666667 | D3: ='ICS2'!E2 -> WIMPASSING | E3: ='ICS2'!H2 -> SK Rapid Wien | F3: =A3 -> U15 | G3: =IF(F3="KM","Großfeld",IF(F3="U23","Großfeld",IF(F3="U16","Großfeld",IF(F3="U15","Großfeld",IF(F3="U14","Großfeld",IF(F3="U12_1","55*40",IF(F3="U12_2","55x40",IF(F3="U11","55x40",IF(F3="U10","40x25",IF(F3="U9","40x25",IF(F3="U8","29x22",IF(F3="U7","25x20","16x15")))))))))))) -> Großfeld | H3: =IF(F3="KM","7,32x2,44",IF(F3="U23","7,32x2,44",IF(F3="U16","7,32x2,44",IF(F3="U15","7,32x2,44",IF(F3="U14","7,32x2,44",IF(F3="U13","5x2",IF(F3="U12_1","7,32x2,44",IF(F3="U12_2","7,32x2,44",IF(F3="U11","5x2",IF(F3="U10","5x2 ",IF(F3="U9","5x2","4 Minitore"))))))))))) -> 7,32x2,44 | I3: =IF(F3="KM","5",IF(F3="U23",5,IF(F3="U16","5",IF(F3="U15","5",IF(F3="U14","4",IF(F3="U13","4",IF(F3="U12_1","4",IF(F3="U12_2","4",IF(F3="U11","4",IF(F3="U10","4",IF(F3="U9","4","3"))))))))))) -> 5 | J3: =IF(F3="KM","Pleninger Stefan & Matthias Wachter",IF(F3="U23","Egzon Gentiani & Dinges Stefan",IF(F3="U16","Serdar Ekinci & Gernot Sevelda & Hubi Oberhofer",IF(F3="U15","",IF(F3="U14","Christian Neckamm & Thomas Pöschl",IF(F3="U13","",IF(F3="U12_1","Tobias Berger & Mario Magler",IF(F3="U12_2","Tobias Berger & Mario Magler",IF(F3="U11","Christian Wirth",IF(F3="U10","Thomas Brandl",IF(F3="U9","Tobias Berger & Sebastian Putric",IF(F3="U8","Ömer Türkes & Taha Mahsumi",IF(F3="U7","Alexander Zax & Jürgen Joszt",IF(F3="FKG","Ronny Archam & Florian Rac",IF(A3="Camp","Berger Dieter",IF(A3="Turnier","Berger Dieter","FEHLER")))))))))))))))) | K3: =IF(F3="KM","+43 664 415 99 09 & +43 699 119 70 312",IF(F3="U23","+43 670 18 59 080 & +43 664 451 22 16",IF(F3="U16","+43 690 104 20 129 & +43 676 401 09 13 & +43 699 181 68 504",IF(F3="U15","",IF(F3="U14","+43 699 192 49 527 & +43 677 613 55 114",IF(F3="U13","",IF(F3="U12_1","+43 66 199 13 52 & +43 664 762 09 93",IF(F3="U12_2","+43 66 199 13 52 & +43 664 762 09 93",IF(F3="U11","+43 660 423 93 83",IF(F3="U10","+43 676 377 16 30",IF(F3="U9","+43 66 199 13 52 & +43 660 914 92 36",IF(F3="U8","+43 676 661 62 26 & +43 681 208 11 599",IF(F3="U7","+43 664 458 88 84 & +43 660 549 82 40",IF(F3="FKG","+43 699 111 93 828 & +43 660 600 25 06",IF(A3="Camp","+43 660 77 39 500",IF(A3="Turnier","+43 660 77 39 500","FEHLER"))))))))))))))))
A4: ='ICS2'!I3 -> U16 | B4: ='ICS2'!B3 -> 46199 | C4: ='ICS2'!C3 -> 0.75 | D4: ='ICS2'!E3 -> WIMPASSING | E4: ='ICS2'!H3 -> SK Rapid Wien | F4: =A4 -> U16 | G4: =IF(F4="KM","Großfeld",IF(F4="U23","Großfeld",IF(F4="U16","Großfeld",IF(F4="U15","Großfeld",IF(F4="U14","Großfeld",IF(F4="U12_1","55*40",IF(F4="U12_2","55x40",IF(F4="U11","55x40",IF(F4="U10","40x25",IF(F4="U9","40x25",IF(F4="U8","29x22",IF(F4="U7","25x20","16x15")))))))))))) -> Großfeld | H4: =IF(F4="KM","7,32x2,44",IF(F4="U23","7,32x2,44",IF(F4="U16","7,32x2,44",IF(F4="U15","7,32x2,44",IF(F4="U14","7,32x2,44",IF(F4="U13","5x2",IF(F4="U12_1","7,32x2,44",IF(F4="U12_2","7,32x2,44",IF(F4="U11","5x2",IF(F4="U10","5x2 ",IF(F4="U9","5x2","4 Minitore"))))))))))) -> 7,32x2,44 | I4: =IF(F4="KM","5",IF(F4="U23",5,IF(F4="U16","5",IF(F4="U15","5",IF(F4="U14","4",IF(F4="U13","4",IF(F4="U12_1","4",IF(F4="U12_2","4",IF(F4="U11","4",IF(F4="U10","4",IF(F4="U9","4","3"))))))))))) -> 5 | J4: =IF(F4="KM","Pleninger Stefan & Matthias Wachter",IF(F4="U23","Egzon Gentiani & Dinges Stefan",IF(F4="U16","Serdar Ekinci & Gernot Sevelda & Hubi Oberhofer",IF(F4="U15","",IF(F4="U14","Christian Neckamm & Thomas Pöschl",IF(F4="U13","",IF(F4="U12_1","Tobias Berger & Mario Magler",IF(F4="U12_2","Tobias Berger & Mario Magler",IF(F4="U11","Christian Wirth",IF(F4="U10","Thomas Brandl",IF(F4="U9","Tobias Berger & Sebastian Putric",IF(F4="U8","Ömer Türkes & Taha Mahsumi",IF(F4="U7","Alexander Zax & Jürgen Joszt",IF(F4="FKG","Ronny Archam & Florian Rac",IF(A4="Camp","Berger Dieter",IF(A4="Turnier","Berger Dieter","FEHLER")))))))))))))))) -> Serdar Ekinci & Gernot Sevelda & Hubi Oberhofer | K4: =IF(F4="KM","+43 664 415 99 09 & +43 699 119 70 312",IF(F4="U23","+43 670 18 59 080 & +43 664 451 22 16",IF(F4="U16","+43 690 104 20 129 & +43 676 401 09 13 & +43 699 181 68 504",IF(F4="U15","",IF(F4="U14","+43 699 192 49 527 & +43 677 613 55 114",IF(F4="U13","",IF(F4="U12_1","+43 66 199 13 52 & +43 664 762 09 93",IF(F4="U12_2","+43 66 199 13 52 & +43 664 762 09 93",IF(F4="U11","+43 660 423 93 83",IF(F4="U10","+43 676 377 16 30",IF(F4="U9","+43 66 199 13 52 & +43 660 914 92 36",IF(F4="U8","+43 676 661 62 26 & +43 681 208 11 599",IF(F4="U7","+43 664 458 88 84 & +43 660 549 82 40",IF(F4="FKG","+43 699 111 93 828 & +43 660 600 25 06",IF(A4="Camp","+43 660 77 39 500",IF(A4="Turnier","+43 660 77 39 500","FEHLER")))))))))))))))) -> +43 690 104 20 129 & +43 676 401 09 13 & +43 699 181 68 504
A5: ='ICS2'!I123 -> Camp | B5: ='ICS2'!B123 -> 46230 | C5: ='ICS2'!C123 -> 0.375 | D5: ='ICS2'!E123 -> NEUFELD | E5: ='ICS2'!H123 -> REAL MADRID CAMP | F5: =A5 -> Camp | G5: =IF(F5="KM","Großfeld",IF(F5="U23","Großfeld",IF(F5="U16","Großfeld",IF(F5="U15","Großfeld",IF(F5="U14","Großfeld",IF(F5="U12_1","55*40",IF(F5="U12_2","55x40",IF(F5="U11","55x40",IF(F5="U10","40x25",IF(F5="U9","40x25",IF(F5="U8","29x22",IF(F5="U7","25x20","16x15")))))))))))) -> 16x15 | H5: =IF(F5="KM","7,32x2,44",IF(F5="U23","7,32x2,44",IF(F5="U16","7,32x2,44",IF(F5="U15","7,32x2,44",IF(F5="U14","7,32x2,44",IF(F5="U13","5x2",IF(F5="U12_1","7,32x2,44",IF(F5="U12_2","7,32x2,44",IF(F5="U11","5x2",IF(F5="U10","5x2 ",IF(F5="U9","5x2","4 Minitore"))))))))))) -> 4 Minitore | I5: =IF(F5="KM","5",IF(F5="U23",5,IF(F5="U16","5",IF(F5="U15","5",IF(F5="U14","4",IF(F5="U13","4",IF(F5="U12_1","4",IF(F5="U12_2","4",IF(F5="U11","4",IF(F5="U10","4",IF(F5="U9","4","3"))))))))))) -> 3 | J5: =IF(F5="KM","Pleninger Stefan & Matthias Wachter",IF(F5="U23","Egzon Gentiani & Dinges Stefan",IF(F5="U16","Serdar Ekinci & Gernot Sevelda & Hubi Oberhofer",IF(F5="U15","",IF(F5="U14","Christian Neckamm & Thomas Pöschl",IF(F5="U13","",IF(F5="U12_1","Tobias Berger & Mario Magler",IF(F5="U12_2","Tobias Berger & Mario Magler",IF(F5="U11","Christian Wirth",IF(F5="U10","Thomas Brandl",IF(F5="U9","Tobias Berger & Sebastian Putric",IF(F5="U8","Ömer Türkes & Taha Mahsumi",IF(F5="U7","Alexander Zax & Jürgen Joszt",IF(F5="FKG","Ronny Archam & Florian Rac",IF(A5="Camp","Berger Dieter",IF(A5="Turnier","Berger Dieter","FEHLER")))))))))))))))) -> Berger Dieter | K5: =IF(F5="KM","+43 664 415 99 09 & +43 699 119 70 312",IF(F5="U23","+43 670 18 59 080 & +43 664 451 22 16",IF(F5="U16","+43 690 104 20 129 & +43 676 401 09 13 & +43 699 181 68 504",IF(F5="U15","",IF(F5="U14","+43 699 192 49 527 & +43 677 613 55 114",IF(F5="U13","",IF(F5="U12_1","+43 66 199 13 52 & +43 664 762 09 93",IF(F5="U12_2","+43 66 199 13 52 & +43 664 762 09 93",IF(F5="U11","+43 660 423 93 83",IF(F5="U10","+43 676 377 16 30",IF(F5="U9","+43 66 199 13 52 & +43 660 914 92 36",IF(F5="U8","+43 676 661 62 26 & +43 681 208 11 599",IF(F5="U7","+43 664 458 88 84 & +43 660 549 82 40",IF(F5="FKG","+43 699 111 93 828 & +43 660 600 25 06",IF(A5="Camp","+43 660 77 39 500",IF(A5="Turnier","+43 660 77 39 500","FEHLER")))))))))))))))) -> +43 660 77 39 500
A6: ='ICS2'!I124 -> Camp | B6: ='ICS2'!B124 -> 46231 | C6: ='ICS2'!C124 -> 0.375 | D6: ='ICS2'!E124 -> NEUFELD | E6: ='ICS2'!H124 -> REAL MADRID CAMP | F6: =A6 -> Camp | G6: =IF(F6="KM","Großfeld",IF(F6="U23","Großfeld",IF(F6="U16","Großfeld",IF(F6="U15","Großfeld",IF(F6="U14","Großfeld",IF(F6="U12_1","55*40",IF(F6="U12_2","55x40",IF(F6="U11","55x40",IF(F6="U10","40x25",IF(F6="U9","40x25",IF(F6="U8","29x22",IF(F6="U7","25x20","16x15")))))))))))) -> 16x15 | H6: =IF(F6="KM","7,32x2,44",IF(F6="U23","7,32x2,44",IF(F6="U16","7,32x2,44",IF(F6="U15","7,32x2,44",IF(F6="U14","7,32x2,44",IF(F6="U13","5x2",IF(F6="U12_1","7,32x2,44",IF(F6="U12_2","7,32x2,44",IF(F6="U11","5x2",IF(F6="U10","5x2 ",IF(F6="U9","5x2","4 Minitore"))))))))))) -> 4 Minitore | I6: =IF(F6="KM","5",IF(F6="U23",5,IF(F6="U16","5",IF(F6="U15","5",IF(F6="U14","4",IF(F6="U13","4",IF(F6="U12_1","4",IF(F6="U12_2","4",IF(F6="U11","4",IF(F6="U10","4",IF(F6="U9","4","3"))))))))))) -> 3 | J6: =IF(F6="KM","Pleninger Stefan & Matthias Wachter",IF(F6="U23","Egzon Gentiani & Dinges Stefan",IF(F6="U16","Serdar Ekinci & Gernot Sevelda & Hubi Oberhofer",IF(F6="U15","",IF(F6="U14","Christian Neckamm & Thomas Pöschl",IF(F6="U13","",IF(F6="U12_1","Tobias Berger & Mario Magler",IF(F6="U12_2","Tobias Berger & Mario Magler",IF(F6="U11","Christian Wirth",IF(F6="U10","Thomas Brandl",IF(F6="U9","Tobias Berger & Sebastian Putric",IF(F6="U8","Ömer Türkes & Taha Mahsumi",IF(F6="U7","Alexander Zax & Jürgen Joszt",IF(F6="FKG","Ronny Archam & Florian Rac",IF(A6="Camp","Berger Dieter",IF(A6="Turnier","Berger Dieter","FEHLER")))))))))))))))) -> Berger Dieter | K6: =IF(F6="KM","+43 664 415 99 09 & +43 699 119 70 312",IF(F6="U23","+43 670 18 59 080 & +43 664 451 22 16",IF(F6="U16","+43 690 104 20 129 & +43 676 401 09 13 & +43 699 181 68 504",IF(F6="U15","",IF(F6="U14","+43 699 192 49 527 & +43 677 613 55 114",IF(F6="U13","",IF(F6="U12_1","+43 66 199 13 52 & +43 664 762 09 93",IF(F6="U12_2","+43 66 199 13 52 & +43 664 762 09 93",IF(F6="U11","+43 660 423 93 83",IF(F6="U10","+43 676 377 16 30",IF(F6="U9","+43 66 199 13 52 & +43 660 914 92 36",IF(F6="U8","+43 676 661 62 26 & +43 681 208 11 599",IF(F6="U7","+43 664 458 88 84 & +43 660 549 82 40",IF(F6="FKG","+43 699 111 93 828 & +43 660 600 25 06",IF(A6="Camp","+43 660 77 39 500",IF(A6="Turnier","+43 660 77 39 500","FEHLER")))))))))))))))) -> +43 660 77 39 500
A7: ='ICS2'!I125 -> Camp | B7: ='ICS2'!B125 -> 46232 | C7: ='ICS2'!C125 -> 0.375 | D7: ='ICS2'!E125 -> NEUFELD | E7: ='ICS2'!H125 -> REAL MADRID CAMP | F7: =A7 -> Camp | G7: =IF(F7="KM","Großfeld",IF(F7="U23","Großfeld",IF(F7="U16","Großfeld",IF(F7="U15","Großfeld",IF(F7="U14","Großfeld",IF(F7="U12_1","55*40",IF(F7="U12_2","55x40",IF(F7="U11","55x40",IF(F7="U10","40x25",IF(F7="U9","40x25",IF(F7="U8","29x22",IF(F7="U7","25x20","16x15")))))))))))) -> 16x15 | H7: =IF(F7="KM","7,32x2,44",IF(F7="U23","7,32x2,44",IF(F7="U16","7,32x2,44",IF(F7="U15","7,32x2,44",IF(F7="U14","7,32x2,44",IF(F7="U13","5x2",IF(F7="U12_1","7,32x2,44",IF(F7="U12_2","7,32x2,44",IF(F7="U11","5x2",IF(F7="U10","5x2 ",IF(F7="U9","5x2","4 Minitore"))))))))))) -> 4 Minitore | I7: =IF(F7="KM","5",IF(F7="U23",5,IF(F7="U16","5",IF(F7="U15","5",IF(F7="U14","4",IF(F7="U13","4",IF(F7="U12_1","4",IF(F7="U12_2","4",IF(F7="U11","4",IF(F7="U10","4",IF(F7="U9","4","3"))))))))))) -> 3 | J7: =IF(F7="KM","Pleninger Stefan & Matthias Wachter",IF(F7="U23","Egzon Gentiani & Dinges Stefan",IF(F7="U16","Serdar Ekinci & Gernot Sevelda & Hubi Oberhofer",IF(F7="U15","",IF(F7="U14","Christian Neckamm & Thomas Pöschl",IF(F7="U13","",IF(F7="U12_1","Tobias Berger & Mario Magler",IF(F7="U12_2","Tobias Berger & Mario Magler",IF(F7="U11","Christian Wirth",IF(F7="U10","Thomas Brandl",IF(F7="U9","Tobias Berger & Sebastian Putric",IF(F7="U8","Ömer Türkes & Taha Mahsumi",IF(F7="U7","Alexander Zax & Jürgen Joszt",IF(F7="FKG","Ronny Archam & Florian Rac",IF(A7="Camp","Berger Dieter",IF(A7="Turnier","Berger Dieter","FEHLER")))))))))))))))) -> Berger Dieter | K7: =IF(F7="KM","+43 664 415 99 09 & +43 699 119 70 312",IF(F7="U23","+43 670 18 59 080 & +43 664 451 22 16",IF(F7="U16","+43 690 104 20 129 & +43 676 401 09 13 & +43 699 181 68 504",IF(F7="U15","",IF(F7="U14","+43 699 192 49 527 & +43 677 613 55 114",IF(F7="U13","",IF(F7="U12_1","+43 66 199 13 52 & +43 664 762 09 93",IF(F7="U12_2","+43 66 199 13 52 & +43 664 762 09 93",IF(F7="U11","+43 660 423 93 83",IF(F7="U10","+43 676 377 16 30",IF(F7="U9","+43 66 199 13 52 & +43 660 914 92 36",IF(F7="U8","+43 676 661 62 26 & +43 681 208 11 599",IF(F7="U7","+43 664 458 88 84 & +43 660 549 82 40",IF(F7="FKG","+43 699 111 93 828 & +43 660 600 25 06",IF(A7="Camp","+43 660 77 39 500",IF(A7="Turnier","+43 660 77 39 500","FEHLER")))))))))))))))) -> +43 660 77 39 500
A8: ='ICS2'!I126 -> Camp | B8: ='ICS2'!B126 -> 46233 | C8: ='ICS2'!C126 -> 0.375 | D8: ='ICS2'!E126 -> NEUFELD | E8: ='ICS2'!H126 -> REAL MADRID CAMP | F8: =A8 -> Camp | G8: =IF(F8="KM","Großfeld",IF(F8="U23","Großfeld",IF(F8="U16","Großfeld",IF(F8="U15","Großfeld",IF(F8="U14","Großfeld",IF(F8="U12_1","55*40",IF(F8="U12_2","55x40",IF(F8="U11","55x40",IF(F8="U10","40x25",IF(F8="U9","40x25",IF(F8="U8","29x22",IF(F8="U7","25x20","16x15")))))))))))) -> 16x15 | H8: =IF(F8="KM","7,32x2,44",IF(F8="U23","7,32x2,44",IF(F8="U16","7,32x2,44",IF(F8="U15","7,32x2,44",IF(F8="U14","7,32x2,44",IF(F8="U13","5x2",IF(F8="U12_1","7,32x2,44",IF(F8="U12_2","7,32x2,44",IF(F8="U11","5x2",IF(F8="U10","5x2 ",IF(F8="U9","5x2","4 Minitore"))))))))))) -> 4 Minitore | I8: =IF(F8="KM","5",IF(F8="U23",5,IF(F8="U16","5",IF(F8="U15","5",IF(F8="U14","4",IF(F8="U13","4",IF(F8="U12_1","4",IF(F8="U12_2","4",IF(F8="U11","4",IF(F8="U10","4",IF(F8="U9","4","3"))))))))))) -> 3 | J8: =IF(F8="KM","Pleninger Stefan & Matthias Wachter",IF(F8="U23","Egzon Gentiani & Dinges Stefan",IF(F8="U16","Serdar Ekinci & Gernot Sevelda & Hubi Oberhofer",IF(F8="U15","",IF(F8="U14","Christian Neckamm & Thomas Pöschl",IF(F8="U13","",IF(F8="U12_1","Tobias Berger & Mario Magler",IF(F8="U12_2","Tobias Berger & Mario Magler",IF(F8="U11","Christian Wirth",IF(F8="U10","Thomas Brandl",IF(F8="U9","Tobias Berger & Sebastian Putric",IF(F8="U8","Ömer Türkes & Taha Mahsumi",IF(F8="U7","Alexander Zax & Jürgen Joszt",IF(F8="FKG","Ronny Archam & Florian Rac",IF(A8="Camp","Berger Dieter",IF(A8="Turnier","Berger Dieter","FEHLER")))))))))))))))) -> Berger Dieter | K8: =IF(F8="KM","+43 664 415 99 09 & +43 699 119 70 312",IF(F8="U23","+43 670 18 59 080 & +43 664 451 22 16",IF(F8="U16","+43 690 104 20 129 & +43 676 401 09 13 & +43 699 181 68 504",IF(F8="U15","",IF(F8="U14","+43 699 192 49 527 & +43 677 613 55 114",IF(F8="U13","",IF(F8="U12_1","+43 66 199 13 52 & +43 664 762 09 93",IF(F8="U12_2","+43 66 199 13 52 & +43 664 762 09 93",IF(F8="U11","+43 660 423 93 83",IF(F8="U10","+43 676 377 16 30",IF(F8="U9","+43 66 199 13 52 & +43 660 914 92 36",IF(F8="U8","+43 676 661 62 26 & +43 681 208 11 599",IF(F8="U7","+43 664 458 88 84 & +43 660 549 82 40",IF(F8="FKG","+43 699 111 93 828 & +43 660 600 25 06",IF(A8="Camp","+43 660 77 39 500",IF(A8="Turnier","+43 660 77 39 500","FEHLER")))))))))))))))) -> +43 660 77 39 500
A9: ='ICS2'!I127 -> Camp | B9: ='ICS2'!B127 -> 46234 | C9: ='ICS2'!C127 -> 0.375 | D9: ='ICS2'!E127 -> NEUFELD | E9: ='ICS2'!H127 -> REAL MADRID CAMP | F9: =A9 -> Camp | G9: =IF(F9="KM","Großfeld",IF(F9="U23","Großfeld",IF(F9="U16","Großfeld",IF(F9="U15","Großfeld",IF(F9="U14","Großfeld",IF(F9="U12_1","55*40",IF(F9="U12_2","55x40",IF(F9="U11","55x40",IF(F9="U10","40x25",IF(F9="U9","40x25",IF(F9="U8","29x22",IF(F9="U7","25x20","16x15")))))))))))) -> 16x15 | H9: =IF(F9="KM","7,32x2,44",IF(F9="U23","7,32x2,44",IF(F9="U16","7,32x2,44",IF(F9="U15","7,32x2,44",IF(F9="U14","7,32x2,44",IF(F9="U13","5x2",IF(F9="U12_1","7,32x2,44",IF(F9="U12_2","7,32x2,44",IF(F9="U11","5x2",IF(F9="U10","5x2 ",IF(F9="U9","5x2","4 Minitore"))))))))))) -> 4 Minitore | I9: =IF(F9="KM","5",IF(F9="U23",5,IF(F9="U16","5",IF(F9="U15","5",IF(F9="U14","4",IF(F9="U13","4",IF(F9="U12_1","4",IF(F9="U12_2","4",IF(F9="U11","4",IF(F9="U10","4",IF(F9="U9","4","3"))))))))))) -> 3 | J9: =IF(F9="KM","Pleninger Stefan & Matthias Wachter",IF(F9="U23","Egzon Gentiani & Dinges Stefan",IF(F9="U16","Serdar Ekinci & Gernot Sevelda & Hubi Oberhofer",IF(F9="U15","",IF(F9="U14","Christian Neckamm & Thomas Pöschl",IF(F9="U13","",IF(F9="U12_1","Tobias Berger & Mario Magler",IF(F9="U12_2","Tobias Berger & Mario Magler",IF(F9="U11","Christian Wirth",IF(F9="U10","Thomas Brandl",IF(F9="U9","Tobias Berger & Sebastian Putric",IF(F9="U8","Ömer Türkes & Taha Mahsumi",IF(F9="U7","Alexander Zax & Jürgen Joszt",IF(F9="FKG","Ronny Archam & Florian Rac",IF(A9="Camp","Berger Dieter",IF(A9="Turnier","Berger Dieter","FEHLER")))))))))))))))) -> Berger Dieter | K9: =IF(F9="KM","+43 664 415 99 09 & +43 699 119 70 312",IF(F9="U23","+43 670 18 59 080 & +43 664 451 22 16",IF(F9="U16","+43 690 104 20 129 & +43 676 401 09 13 & +43 699 181 68 504",IF(F9="U15","",IF(F9="U14","+43 699 192 49 527 & +43 677 613 55 114",IF(F9="U13","",IF(F9="U12_1","+43 66 199 13 52 & +43 664 762 09 93",IF(F9="U12_2","+43 66 199 13 52 & +43 664 762 09 93",IF(F9="U11","+43 660 423 93 83",IF(F9="U10","+43 676 377 16 30",IF(F9="U9","+43 66 199 13 52 & +43 660 914 92 36",IF(F9="U8","+43 676 661 62 26 & +43 681 208 11 599",IF(F9="U7","+43 664 458 88 84 & +43 660 549 82 40",IF(F9="FKG","+43 699 111 93 828 & +43 660 600 25 06",IF(A9="Camp","+43 660 77 39 500",IF(A9="Turnier","+43 660 77 39 500","FEHLER")))))))))))))))) -> +43 660 77 39 500
A10: ='ICS2'!I10 -> U16 | B10: ='ICS2'!B10 -> 46236 | C10: ='ICS2'!C10 -> 0.4375 | D10: ='ICS2'!E10 -> NEUFELD | E10: ='ICS2'!H10 -> Theresienfeld | F10: =A10 -> U16 | G10: =IF(F10="KM","Großfeld",IF(F10="U23","Großfeld",IF(F10="U16","Großfeld",IF(F10="U15","Großfeld",IF(F10="U14","Großfeld",IF(F10="U12_1","55*40",IF(F10="U12_2","55x40",IF(F10="U11","55x40",IF(F10="U10","40x25",IF(F10="U9","40x25",IF(F10="U8","29x22",IF(F10="U7","25x20","16x15")))))))))))) -> Großfeld | H10: =IF(F10="KM","7,32x2,44",IF(F10="U23","7,32x2,44",IF(F10="U16","7,32x2,44",IF(F10="U15","7,32x2,44",IF(F10="U14","7,32x2,44",IF(F10="U13","5x2",IF(F10="U12_1","7,32x2,44",IF(F10="U12_2","7,32x2,44",IF(F10="U11","5x2",IF(F10="U10","5x2 ",IF(F10="U9","5x2","4 Minitore"))))))))))) -> 7,32x2,44 | I10: =IF(F10="KM","5",IF(F10="U23",5,IF(F10="U16","5",IF(F10="U15","5",IF(F10="U14","4",IF(F10="U13","4",IF(F10="U12_1","4",IF(F10="U12_2","4",IF(F10="U11","4",IF(F10="U10","4",IF(F10="U9","4","3"))))))))))) -> 5 | J10: =IF(F10="KM","Pleninger Stefan & Matthias Wachter",IF(F10="U23","Egzon Gentiani & Dinges Stefan",IF(F10="U16","Serdar Ekinci & Gernot Sevelda & Hubi Oberhofer",IF(F10="U15","",IF(F10="U14","Christian Neckamm & Thomas Pöschl",IF(F10="U13","",IF(F10="U12_1","Tobias Berger & Mario Magler",IF(F10="U12_2","Tobias Berger & Mario Magler",IF(F10="U11","Christian Wirth",IF(F10="U10","Thomas Brandl",IF(F10="U9","Tobias Berger & Sebastian Putric",IF(F10="U8","Ömer Türkes & Taha Mahsumi",IF(F10="U7","Alexander Zax & Jürgen Joszt",IF(F10="FKG","Ronny Archam & Florian Rac",IF(A10="Camp","Berger Dieter",IF(A10="Turnier","Berger Dieter","FEHLER")))))))))))))))) -> Serdar Ekinci & Gernot Sevelda & Hubi Oberhofer | K10: =IF(F10="KM","+43 664 415 99 09 & +43 699 119 70 312",IF(F10="U23","+43 670 18 59 080 & +43 664 451 22 16",IF(F10="U16","+43 690 104 20 129 & +43 676 401 09 13 & +43 699 181 68 504",IF(F10="U15","",IF(F10="U14","+43 699 192 49 527 & +43 677 613 55 114",IF(F10="U13","",IF(F10="U12_1","+43 66 199 13 52 & +43 664 762 09 93",IF(F10="U12_2","+43 66 199 13 52 & +43 664 762 09 93",IF(F10="U11","+43 660 423 93 83",IF(F10="U10","+43 676 377 16 30",IF(F10="U9","+43 66 199 13 52 & +43 660 914 92 36",IF(F10="U8","+43 676 661 62 26 & +43 681 208 11 599",IF(F10="U7","+43 664 458 88 84 & +43 660 549 82 40",IF(F10="FKG","+43 699 111 93 828 & +43 660 600 25 06",IF(A10="Camp","+43 660 77 39 500",IF(A10="Turnier","+43 660 77 39 500","FEHLER")))))))))))))))) -> +43 690 104 20 129 & +43 676 401 09 13 & +43 699 181 68 504
A11: ='ICS2'!I128 -> Camp | B11: ='ICS2'!B128 -> 46237 | C11: ='ICS2'!C128 -> 0.375 | D11: ='ICS2'!E128 -> NEUFELD | E11: ='ICS2'!H128 -> MÄDCHENCAMP | F11: =A11 -> Camp | I11: =IF(F11="Großfeld","5",IF(F11="U16","5",IF(F11="U15","5",IF(F11="U14","4",IF(F11="U13","4",IF(F11="U11/U12","4",IF(F11="U9/U10","4",IF(F11="U9","4","3")))))))) -> 3 | J11: =IF(F11="KM","Pleninger Stefan & Matthias Wachter",IF(F11="U23","Egzon Gentiani & Dinges Stefan",IF(F11="U16","Serdar Ekinci & Gernot Sevelda & Hubi Oberhofer",IF(F11="U15","",IF(F11="U14","Christian Neckamm & Thomas Pöschl",IF(F11="U13","",IF(F11="U12_1","Tobias Berger & Mario Magler",IF(F11="U12_2","Tobias Berger & Mario Magler",IF(F11="U11","Christian Wirth",IF(F11="U10","Thomas Brandl",IF(F11="U9","Tobias Berger & Sebastian Putric",IF(F11="U8","Ömer Türkes & Taha Mahsumi",IF(F11="U7","Alexander Zax & Jürgen Joszt",IF(F11="FKG","Ronny Archam & Florian Rac",IF(A11="Camp","Berger Dieter",IF(A11="Turnier","Berger Dieter","FEHLER")))))))))))))))) -> Berger Dieter | K11: =IF(F11="KM","+43 664 415 99 09 & +43 699 119 70 312",IF(F11="U23","+43 670 18 59 080 & +43 664 451 22 16",IF(F11="U16","+43 690 104 20 129 & +43 676 401 09 13 & +43 699 181 68 504",IF(F11="U15","",IF(F11="U14","+43 699 192 49 527 & +43 677 613 55 114",IF(F11="U13","",IF(F11="U12_1","+43 66 199 13 52 & +43 664 762 09 93",IF(F11="U12_2","+43 66 199 13 52 & +43 664 762 09 93",IF(F11="U11","+43 660 423 93 83",IF(F11="U10","+43 676 377 16 30",IF(F11="U9","+43 66 199 13 52 & +43 660 914 92 36",IF(F11="U8","+43 676 661 62 26 & +43 681 208 11 599",IF(F11="U7","+43 664 458 88 84 & +43 660 549 82 40",IF(F11="FKG","+43 699 111 93 828 & +43 660 600 25 06",IF(A11="Camp","+43 660 77 39 500",IF(A11="Turnier","+43 660 77 39 500","FEHLER")))))))))))))))) -> +43 660 77 39 500
A12: ='ICS2'!I129 -> Camp | B12: ='ICS2'!B129 -> 46238 | C12: ='ICS2'!C129 -> 0.375 | D12: ='ICS2'!E129 -> NEUFELD | E12: ='ICS2'!H129 -> MÄDCHENCAMP | F12: =A12 -> Camp | I12: =IF(F12="Großfeld","5",IF(F12="U16","5",IF(F12="U15","5",IF(F12="U14","4",IF(F12="U13","4",IF(F12="U11/U12","4",IF(F12="U9/U10","4",IF(F12="U9","4","3")))))))) -> 3 | J12: =IF(F12="KM","Pleninger Stefan & Matthias Wachter",IF(F12="U23","Egzon Gentiani & Dinges Stefan",IF(F12="U16","Serdar Ekinci & Gernot Sevelda & Hubi Oberhofer",IF(F12="U15","",IF(F12="U14","Christian Neckamm & Thomas Pöschl",IF(F12="U13","",IF(F12="U12_1","Tobias Berger & Mario Magler",IF(F12="U12_2","Tobias Berger & Mario Magler",IF(F12="U11","Christian Wirth",IF(F12="U10","Thomas Brandl",IF(F12="U9","Tobias Berger & Sebastian Putric",IF(F12="U8","Ömer Türkes & Taha Mahsumi",IF(F12="U7","Alexander Zax & Jürgen Joszt",IF(F12="FKG","Ronny Archam & Florian Rac",IF(A12="Camp","Berger Dieter",IF(A12="Turnier","Berger Dieter","FEHLER")))))))))))))))) -> Berger Dieter | K12: =IF(F12="KM","+43 664 415 99 09 & +43 699 119 70 312",IF(F12="U23","+43 670 18 59 080 & +43 664 451 22 16",IF(F12="U16","+43 690 104 20 129 & +43 676 401 09 13 & +43 699 181 68 504",IF(F12="U15","",IF(F12="U14","+43 699 192 49 527 & +43 677 613 55 114",IF(F12="U13","",IF(F12="U12_1","+43 66 199 13 52 & +43 664 762 09 93",IF(F12="U12_2","+43 66 199 13 52 & +43 664 762 09 93",IF(F12="U11","+43 660 423 93 83",IF(F12="U10","+43 676 377 16 30",IF(F12="U9","+43 66 199 13 52 & +43 660 914 92 36",IF(F12="U8","+43 676 661 62 26 & +43 681 208 11 599",IF(F12="U7","+43 664 458 88 84 & +43 660 549 82 40",IF(F12="FKG","+43 699 111 93 828 & +43 660 600 25 06",IF(A12="Camp","+43 660 77 39 500",IF(A12="Turnier","+43 660 77 39 500","FEHLER")))))))))))))))) -> +43 660 77 39 500
A13: ='ICS2'!I130 -> Camp | B13: ='ICS2'!B130 -> 46239 | C13: ='ICS2'!C130 -> 0.375 | D13: ='ICS2'!E130 -> NEUFELD | E13: ='ICS2'!H130 -> MÄDCHENCAMP | F13: =A13 -> Camp | I13: =IF(F13="Großfeld","5",IF(F13="U16","5",IF(F13="U15","5",IF(F13="U14","4",IF(F13="U13","4",IF(F13="U11/U12","4",IF(F13="U9/U10","4",IF(F13="U9","4","3")))))))) -> 3 | J13: =IF(F13="KM","Pleninger Stefan & Matthias Wachter",IF(F13="U23","Egzon Gentiani & Dinges Stefan",IF(F13="U16","Serdar Ekinci & Gernot Sevelda & Hubi Oberhofer",IF(F13="U15","",IF(F13="U14","Christian Neckamm & Thomas Pöschl",IF(F13="U13","",IF(F13="U12_1","Tobias Berger & Mario Magler",IF(F13="U12_2","Tobias Berger & Mario Magler",IF(F13="U11","Christian Wirth",IF(F13="U10","Thomas Brandl",IF(F13="U9","Tobias Berger & Sebastian Putric",IF(F13="U8","Ömer Türkes & Taha Mahsumi",IF(F13="U7","Alexander Zax & Jürgen Joszt",IF(F13="FKG","Ronny Archam & Florian Rac",IF(A13="Camp","Berger Dieter",IF(A13="Turnier","Berger Dieter","FEHLER")))))))))))))))) -> Berger Dieter | K13: =IF(F13="KM","+43 664 415 99 09 & +43 699 119 70 312",IF(F13="U23","+43 670 18 59 080 & +43 664 451 22 16",IF(F13="U16","+43 690 104 20 129 & +43 676 401 09 13 & +43 699 181 68 504",IF(F13="U15","",IF(F13="U14","+43 699 192 49 527 & +43 677 613 55 114",IF(F13="U13","",IF(F13="U12_1","+43 66 199 13 52 & +43 664 762 09 93",IF(F13="U12_2","+43 66 199 13 52 & +43 664 762 09 93",IF(F13="U11","+43 660 423 93 83",IF(F13="U10","+43 676 377 16 30",IF(F13="U9","+43 66 199 13 52 & +43 660 914 92 36",IF(F13="U8","+43 676 661 62 26 & +43 681 208 11 599",IF(F13="U7","+43 664 458 88 84 & +43 660 549 82 40",IF(F13="FKG","+43 699 111 93 828 & +43 660 600 25 06",IF(A13="Camp","+43 660 77 39 500",IF(A13="Turnier","+43 660 77 39 500","FEHLER")))))))))))))))) -> +43 660 77 39 500
A14: ='ICS2'!I4 -> KM | B14: ='ICS2'!B4 -> 46213 | C14: ='ICS2'!C4 -> 0.79166667 | D14: ='ICS2'!E4 -> NEUDÖRFL | E14: ='ICS2'!H4 -> Neudörfl | F14: =A14 -> KM | G14: =IF(F14="KM","Großfeld",IF(F14="U23","Großfeld",IF(F14="U16","Großfeld",IF(F14="U15","Großfeld",IF(F14="U14","Großfeld",IF(F14="U12_1","55*40",IF(F14="U12_2","55x40",IF(F14="U11","55x40",IF(F14="U10","40x25",IF(F14="U9","40x25",IF(F14="U8","29x22",IF(F14="U7","25x20","16x15")))))))))))) -> Großfeld | H14: =IF(F14="KM","7,32x2,44",IF(F14="U23","7,32x2,44",IF(F14="U16","7,32x2,44",IF(F14="U15","7,32x2,44",IF(F14="U14","7,32x2,44",IF(F14="U13","5x2",IF(F14="U12_1","7,32x2,44",IF(F14="U12_2","7,32x2,44",IF(F14="U11","5x2",IF(F14="U10","5x2 ",IF(F14="U9","5x2","4 Minitore"))))))))))) -> 7,32x2,44 | I14: =IF(F14="KM","5",IF(F14="U23",5,IF(F14="U16","5",IF(F14="U15","5",IF(F14="U14","4",IF(F14="U13","4",IF(F14="U12_1","4",IF(F14="U12_2","4",IF(F14="U11","4",IF(F14="U10","4",IF(F14="U9","4","3"))))))))))) -> 5 | J14: =IF(F14="KM","Pleninger Stefan & Matthias Wachter",IF(F14="U23","Egzon Gentiani & Dinges Stefan",IF(F14="U16","Serdar Ekinci & Gernot Sevelda & Hubi Oberhofer",IF(F14="U15","",IF(F14="U14","Christian Neckamm & Thomas Pöschl",IF(F14="U13","",IF(F14="U12_1","Tobias Berger & Mario Magler",IF(F14="U12_2","Tobias Berger & Mario Magler",IF(F14="U11","Christian Wirth",IF(F14="U10","Thomas Brandl",IF(F14="U9","Tobias Berger & Sebastian Putric",IF(F14="U8","Ömer Türkes & Taha Mahsumi",IF(F14="U7","Alexander Zax & Jürgen Joszt",IF(F14="FKG","Ronny Archam & Florian Rac",IF(A14="Camp","Berger Dieter",IF(A14="Turnier","Berger Dieter","FEHLER")))))))))))))))) -> Pleninger Stefan & Matthias Wachter | K14: =IF(F14="KM","+43 664 415 99 09 & +43 699 119 70 312",IF(F14="U23","+43 670 18 59 080 & +43 664 451 22 16",IF(F14="U16","+43 690 104 20 129 & +43 676 401 09 13 & +43 699 181 68 504",IF(F14="U15","",IF(F14="U14","+43 699 192 49 527 & +43 677 613 55 114",IF(F14="U13","",IF(F14="U12_1","+43 66 199 13 52 & +43 664 762 09 93",IF(F14="U12_2","+43 66 199 13 52 & +43 664 762 09 93",IF(F14="U11","+43 660 423 93 83",IF(F14="U10","+43 676 377 16 30",IF(F14="U9","+43 66 199 13 52 & +43 660 914 92 36",IF(F14="U8","+43 676 661 62 26 & +43 681 208 11 599",IF(F14="U7","+43 664 458 88 84 & +43 660 549 82 40",IF(F14="FKG","+43 699 111 93 828 & +43 660 600 25 06",IF(A14="Camp","+43 660 77 39 500",IF(A14="Turnier","+43 660 77 39 500","FEHLER")))))))))))))))) -> +43 664 415 99 09 & +43 699 119 70 312
A15: ='ICS2'!I5 -> KM | B15: ='ICS2'!B5 -> 46217 | C15: ='ICS2'!C5 -> 0.8125 | D15: ='ICS2'!E5 -> PÖTTSCHING | E15: ='ICS2'!H5 -> Pöttsching | F15: =A15 -> KM | G15: =IF(F15="KM","Großfeld",IF(F15="U23","Großfeld",IF(F15="U16","Großfeld",IF(F15="U15","Großfeld",IF(F15="U14","Großfeld",IF(F15="U12_1","55*40",IF(F15="U12_2","55x40",IF(F15="U11","55x40",IF(F15="U10","40x25",IF(F15="U9","40x25",IF(F15="U8","29x22",IF(F15="U7","25x20","16x15")))))))))))) -> Großfeld | H15: =IF(F15="KM","7,32x2,44",IF(F15="U23","7,32x2,44",IF(F15="U16","7,32x2,44",IF(F15="U15","7,32x2,44",IF(F15="U14","7,32x2,44",IF(F15="U13","5x2",IF(F15="U12_1","7,32x2,44",IF(F15="U12_2","7,32x2,44",IF(F15="U11","5x2",IF(F15="U10","5x2 ",IF(F15="U9","5x2","4 Minitore"))))))))))) -> 7,32x2,44 | I15: =IF(F15="KM","5",IF(F15="U23",5,IF(F15="U16","5",IF(F15="U15","5",IF(F15="U14","4",IF(F15="U13","4",IF(F15="U12_1","4",IF(F15="U12_2","4",IF(F15="U11","4",IF(F15="U10","4",IF(F15="U9","4","3"))))))))))) -> 5 | J15: =IF(F15="KM","Pleninger Stefan & Matthias Wachter",IF(F15="U23","Egzon Gentiani & Dinges Stefan",IF(F15="U16","Serdar Ekinci & Gernot Sevelda & Hubi Oberhofer",IF(F15="U15","",IF(F15="U14","Christian Neckamm & Thomas Pöschl",IF(F15="U13","",IF(F15="U12_1","Tobias Berger & Mario Magler",IF(F15="U12_2","Tobias Berger & Mario Magler",IF(F15="U11","Christian Wirth",IF(F15="U10","Thomas Brandl",IF(F15="U9","Tobias Berger & Sebastian Putric",IF(F15="U8","Ömer Türkes & Taha Mahsumi",IF(F15="U7","Alexander Zax & Jürgen Joszt",IF(F15="FKG","Ronny Archam & Florian Rac",IF(A15="Camp","Berger Dieter",IF(A15="Turnier","Berger Dieter","FEHLER")))))))))))))))) -> Pleninger Stefan & Matthias Wachter | K15: =IF(F15="KM","+43 664 415 99 09 & +43 699 119 70 312",IF(F15="U23","+43 670 18 59 080 & +43 664 451 22 16",IF(F15="U16","+43 690 104 20 129 & +43 676 401 09 13 & +43 699 181 68 504",IF(F15="U15","",IF(F15="U14","+43 699 192 49 527 & +43 677 613 55 114",IF(F15="U13","",IF(F15="U12_1","+43 66 199 13 52 & +43 664 762 09 93",IF(F15="U12_2","+43 66 199 13 52 & +43 664 762 09 93",IF(F15="U11","+43 660 423 93 83",IF(F15="U10","+43 676 377 16 30",IF(F15="U9","+43 66 199 13 52 & +43 660 914 92 36",IF(F15="U8","+43 676 661 62 26 & +43 681 208 11 599",IF(F15="U7","+43 664 458 88 84 & +43 660 549 82 40",IF(F15="FKG","+43 699 111 93 828 & +43 660 600 25 06",IF(A15="Camp","+43 660 77 39 500",IF(A15="Turnier","+43 660 77 39 500","FEHLER")))))))))))))))) -> +43 664 415 99 09 & +43 699 119 70 312
A16: ='ICS2'!I6 -> KM | B16: ='ICS2'!B6 -> 46220 | C16: ='ICS2'!C6 -> 0.79166667 | D16: ='ICS2'!E6 -> ROHBACH | E16: ='ICS2'!H6 -> Rohrbach | F16: =A16 -> KM | G16: =IF(F16="KM","Großfeld",IF(F16="U23","Großfeld",IF(F16="U16","Großfeld",IF(F16="U15","Großfeld",IF(F16="U14","Großfeld",IF(F16="U12_1","55*40",IF(F16="U12_2","55x40",IF(F16="U11","55x40",IF(F16="U10","40x25",IF(F16="U9","40x25",IF(F16="U8","29x22",IF(F16="U7","25x20","16x15")))))))))))) -> Großfeld | H16: =IF(F16="KM","7,32x2,44",IF(F16="U23","7,32x2,44",IF(F16="U16","7,32x2,44",IF(F16="U15","7,32x2,44",IF(F16="U14","7,32x2,44",IF(F16="U13","5x2",IF(F16="U12_1","7,32x2,44",IF(F16="U12_2","7,32x2,44",IF(F16="U11","5x2",IF(F16="U10","5x2 ",IF(F16="U9","5x2","4 Minitore"))))))))))) -> 7,32x2,44 | I16: =IF(F16="KM","5",IF(F16="U23",5,IF(F16="U16","5",IF(F16="U15","5",IF(F16="U14","4",IF(F16="U13","4",IF(F16="U12_1","4",IF(F16="U12_2","4",IF(F16="U11","4",IF(F16="U10","4",IF(F16="U9","4","3"))))))))))) -> 5 | J16: =IF(F16="KM","Pleninger Stefan & Matthias Wachter",IF(F16="U23","Egzon Gentiani & Dinges Stefan",IF(F16="U16","Serdar Ekinci & Gernot Sevelda & Hubi Oberhofer",IF(F16="U15","",IF(F16="U14","Christian Neckamm & Thomas Pöschl",IF(F16="U13","",IF(F16="U12_1","Tobias Berger & Mario Magler",IF(F16="U12_2","Tobias Berger & Mario Magler",IF(F16="U11","Christian Wirth",IF(F16="U10","Thomas Brandl",IF(F16="U9","Tobias Berger & Sebastian Putric",IF(F16="U8","Ömer Türkes & Taha Mahsumi",IF(F16="U7","Alexander Zax & Jürgen Joszt",IF(F16="FKG","Ronny Archam & Florian Rac",IF(A16="Camp","Berger Dieter",IF(A16="Turnier","Berger Dieter","FEHLER")))))))))))))))) -> Pleninger Stefan & Matthias Wachter | K16: =IF(F16="KM","+43 664 415 99 09 & +43 699 119 70 312",IF(F16="U23","+43 670 18 59 080 & +43 664 451 22 16",IF(F16="U16","+43 690 104 20 129 & +43 676 401 09 13 & +43 699 181 68 504",IF(F16="U15","",IF(F16="U14","+43 699 192 49 527 & +43 677 613 55 114",IF(F16="U13","",IF(F16="U12_1","+43 66 199 13 52 & +43 664 762 09 93",IF(F16="U12_2","+43 66 199 13 52 & +43 664 762 09 93",IF(F16="U11","+43 660 423 93 83",IF(F16="U10","+43 676 377 16 30",IF(F16="U9","+43 66 199 13 52 & +43 660 914 92 36",IF(F16="U8","+43 676 661 62 26 & +43 681 208 11 599",IF(F16="U7","+43 664 458 88 84 & +43 660 549 82 40",IF(F16="FKG","+43 699 111 93 828 & +43 660 600 25 06",IF(A16="Camp","+43 660 77 39 500",IF(A16="Turnier","+43 660 77 39 500","FEHLER")))))))))))))))) -> +43 664 415 99 09 & +43 699 119 70 312
A17: ='ICS2'!I7 -> KM | B17: ='ICS2'!B7 -> 46227 | C17: ='ICS2'!C7 -> 0.8125 | D17: ='ICS2'!E7 -> SOMMEREIN | E17: ='ICS2'!H7 -> Sommerein | F17: =A17 -> KM | G17: =IF(F17="KM","Großfeld",IF(F17="U23","Großfeld",IF(F17="U16","Großfeld",IF(F17="U15","Großfeld",IF(F17="U14","Großfeld",IF(F17="U12_1","55*40",IF(F17="U12_2","55x40",IF(F17="U11","55x40",IF(F17="U10","40x25",IF(F17="U9","40x25",IF(F17="U8","29x22",IF(F17="U7","25x20","16x15")))))))))))) -> Großfeld | H17: =IF(F17="KM","7,32x2,44",IF(F17="U23","7,32x2,44",IF(F17="U16","7,32x2,44",IF(F17="U15","7,32x2,44",IF(F17="U14","7,32x2,44",IF(F17="U13","5x2",IF(F17="U12_1","7,32x2,44",IF(F17="U12_2","7,32x2,44",IF(F17="U11","5x2",IF(F17="U10","5x2 ",IF(F17="U9","5x2","4 Minitore"))))))))))) -> 7,32x2,44 | I17: =IF(F17="KM","5",IF(F17="U23",5,IF(F17="U16","5",IF(F17="U15","5",IF(F17="U14","4",IF(F17="U13","4",IF(F17="U12_1","4",IF(F17="U12_2","4",IF(F17="U11","4",IF(F17="U10","4",IF(F17="U9","4","3"))))))))))) -> 5 | J17: =IF(F17="KM","Pleninger Stefan & Matthias Wachter",IF(F17="U23","Egzon Gentiani & Dinges Stefan",IF(F17="U16","Serdar Ekinci & Gernot Sevelda & Hubi Oberhofer",IF(F17="U15","",IF(F17="U14","Christian Neckamm & Thomas Pöschl",IF(F17="U13","",IF(F17="U12_1","Tobias Berger & Mario Magler",IF(F17="U12_2","Tobias Berger & Mario Magler",IF(F17="U11","Christian Wirth",IF(F17="U10","Thomas Brandl",IF(F17="U9","Tobias Berger & Sebastian Putric",IF(F17="U8","Ömer Türkes & Taha Mahsumi",IF(F17="U7","Alexander Zax & Jürgen Joszt",IF(F17="FKG","Ronny Archam & Florian Rac",IF(A17="Camp","Berger Dieter",IF(A17="Turnier","Berger Dieter","FEHLER")))))))))))))))) -> Pleninger Stefan & Matthias Wachter | K17: =IF(F17="KM","+43 664 415 99 09 & +43 699 119 70 312",IF(F17="U23","+43 670 18 59 080 & +43 664 451 22 16",IF(F17="U16","+43 690 104 20 129 & +43 676 401 09 13 & +43 699 181 68 504",IF(F17="U15","",IF(F17="U14","+43 699 192 49 527 & +43 677 613 55 114",IF(F17="U13","",IF(F17="U12_1","+43 66 199 13 52 & +43 664 762 09 93",IF(F17="U12_2","+43 66 199 13 52 & +43 664 762 09 93",IF(F17="U11","+43 660 423 93 83",IF(F17="U10","+43 676 377 16 30",IF(F17="U9","+43 66 199 13 52 & +43 660 914 92 36",IF(F17="U8","+43 676 661 62 26 & +43 681 208 11 599",IF(F17="U7","+43 664 458 88 84 & +43 660 549 82 40",IF(F17="FKG","+43 699 111 93 828 & +43 660 600 25 06",IF(A17="Camp","+43 660 77 39 500",IF(A17="Turnier","+43 660 77 39 500","FEHLER")))))))))))))))) -> +43 664 415 99 09 & +43 699 119 70 312
A18: ='ICS2'!I9 -> KM | B18: ='ICS2'!B9 -> 46235 | C18: ='ICS2'!C9 -> 0.72916667 | D18: ='ICS2'!E9 -> KITTSEE | E18: ='ICS2'!H9 -> Kittsee | F18: =A18 -> KM | G18: =IF(F18="KM","Großfeld",IF(F18="U23","Großfeld",IF(F18="U16","Großfeld",IF(F18="U15","Großfeld",IF(F18="U14","Großfeld",IF(F18="U12_1","55*40",IF(F18="U12_2","55x40",IF(F18="U11","55x40",IF(F18="U10","40x25",IF(F18="U9","40x25",IF(F18="U8","29x22",IF(F18="U7","25x20","16x15")))))))))))) -> Großfeld | H18: =IF(F18="KM","7,32x2,44",IF(F18="U23","7,32x2,44",IF(F18="U16","7,32x2,44",IF(F18="U15","7,32x2,44",IF(F18="U14","7,32x2,44",IF(F18="U13","5x2",IF(F18="U12_1","7,32x2,44",IF(F18="U12_2","7,32x2,44",IF(F18="U11","5x2",IF(F18="U10","5x2 ",IF(F18="U9","5x2","4 Minitore"))))))))))) -> 7,32x2,44 | I18: =IF(F18="KM","5",IF(F18="U23",5,IF(F18="U16","5",IF(F18="U15","5",IF(F18="U14","4",IF(F18="U13","4",IF(F18="U12_1","4",IF(F18="U12_2","4",IF(F18="U11","4",IF(F18="U10","4",IF(F18="U9","4","3"))))))))))) -> 5 | J18: =IF(F18="KM","Pleninger Stefan & Matthias Wachter",IF(F18="U23","Egzon Gentiani & Dinges Stefan",IF(F18="U16","Serdar Ekinci & Gernot Sevelda & Hubi Oberhofer",IF(F18="U15","",IF(F18="U14","Christian Neckamm & Thomas Pöschl",IF(F18="U13","",IF(F18="U12_1","Tobias Berger & Mario Magler",IF(F18="U12_2","Tobias Berger & Mario Magler",IF(F18="U11","Christian Wirth",IF(F18="U10","Thomas Brandl",IF(F18="U9","Tobias Berger & Sebastian Putric",IF(F18="U8","Ömer Türkes & Taha Mahsumi",IF(F18="U7","Alexander Zax & Jürgen Joszt",IF(F18="FKG","Ronny Archam & Florian Rac",IF(A18="Camp","Berger Dieter",IF(A18="Turnier","Berger Dieter","FEHLER")))))))))))))))) -> Pleninger Stefan & Matthias Wachter | K18: =IF(F18="KM","+43 664 415 99 09 & +43 699 119 70 312",IF(F18="U23","+43 670 18 59 080 & +43 664 451 22 16",IF(F18="U16","+43 690 104 20 129 & +43 676 401 09 13 & +43 699 181 68 504",IF(F18="U15","",IF(F18="U14","+43 699 192 49 527 & +43 677 613 55 114",IF(F18="U13","",IF(F18="U12_1","+43 66 199 13 52 & +43 664 762 09 93",IF(F18="U12_2","+43 66 199 13 52 & +43 664 762 09 93",IF(F18="U11","+43 660 423 93 83",IF(F18="U10","+43 676 377 16 30",IF(F18="U9","+43 66 199 13 52 & +43 660 914 92 36",IF(F18="U8","+43 676 661 62 26 & +43 681 208 11 599",IF(F18="U7","+43 664 458 88 84 & +43 660 549 82 40",IF(F18="FKG","+43 699 111 93 828 & +43 660 600 25 06",IF(A18="Camp","+43 660 77 39 500",IF(A18="Turnier","+43 660 77 39 500","FEHLER")))))))))))))))) -> +43 664 415 99 09 & +43 699 119 70 312
A19: ='ICS2'!I11 -> KM | B19: ='ICS2'!B11 -> 46241 | C19: ='ICS2'!C11 -> 0.79166667 | D19: ='ICS2'!E11 -> NEUFELD | E19: ='ICS2'!H11 -> Bad Fischau | F19: =A19 -> KM | G19: =IF(F19="KM","Großfeld",IF(F19="U23","Großfeld",IF(F19="U16","Großfeld",IF(F19="U15","Großfeld",IF(F19="U14","Großfeld",IF(F19="U12_1","55*40",IF(F19="U12_2","55x40",IF(F19="U11","55x40",IF(F19="U10","40x25",IF(F19="U9","40x25",IF(F19="U8","29x22",IF(F19="U7","25x20","16x15")))))))))))) -> Großfeld | H19: =IF(F19="KM","7,32x2,44",IF(F19="U23","7,32x2,44",IF(F19="U16","7,32x2,44",IF(F19="U15","7,32x2,44",IF(F19="U14","7,32x2,44",IF(F19="U13","5x2",IF(F19="U12_1","7,32x2,44",IF(F19="U12_2","7,32x2,44",IF(F19="U11","5x2",IF(F19="U10","5x2 ",IF(F19="U9","5x2","4 Minitore"))))))))))) -> 7,32x2,44 | I19: =IF(F19="KM","5",IF(F19="U23",5,IF(F19="U16","5",IF(F19="U15","5",IF(F19="U14","4",IF(F19="U13","4",IF(F19="U12_1","4",IF(F19="U12_2","4",IF(F19="U11","4",IF(F19="U10","4",IF(F19="U9","4","3"))))))))))) -> 5 | J19: =IF(F19="KM","Pleninger Stefan & Matthias Wachter",IF(F19="U23","Egzon Gentiani & Dinges Stefan",IF(F19="U16","Serdar Ekinci & Gernot Sevelda & Hubi Oberhofer",IF(F19="U15","",IF(F19="U14","Christian Neckamm & Thomas Pöschl",IF(F19="U13","",IF(F19="U12_1","Tobias Berger & Mario Magler",IF(F19="U12_2","Tobias Berger & Mario Magler",IF(F19="U11","Christian Wirth",IF(F19="U10","Thomas Brandl",IF(F19="U9","Tobias Berger & Sebastian Putric",IF(F19="U8","Ömer Türkes & Taha Mahsumi",IF(F19="U7","Alexander Zax & Jürgen Joszt",IF(F19="FKG","Ronny Archam & Florian Rac",IF(A19="Camp","Berger Dieter",IF(A19="Turnier","Berger Dieter","FEHLER")))))))))))))))) -> Pleninger Stefan & Matthias Wachter | K19: =IF(F19="KM","+43 664 415 99 09 & +43 699 119 70 312",IF(F19="U23","+43 670 18 59 080 & +43 664 451 22 16",IF(F19="U16","+43 690 104 20 129 & +43 676 401 09 13 & +43 699 181 68 504",IF(F19="U15","",IF(F19="U14","+43 699 192 49 527 & +43 677 613 55 114",IF(F19="U13","",IF(F19="U12_1","+43 66 199 13 52 & +43 664 762 09 93",IF(F19="U12_2","+43 66 199 13 52 & +43 664 762 09 93",IF(F19="U11","+43 660 423 93 83",IF(F19="U10","+43 676 377 16 30",IF(F19="U9","+43 66 199 13 52 & +43 660 914 92 36",IF(F19="U8","+43 676 661 62 26 & +43 681 208 11 599",IF(F19="U7","+43 664 458 88 84 & +43 660 549 82 40",IF(F19="FKG","+43 699 111 93 828 & +43 660 600 25 06",IF(A19="Camp","+43 660 77 39 500",IF(A19="Turnier","+43 660 77 39 500","FEHLER")))))))))))))))) -> +43 664 415 99 09 & +43 699 119 70 312
A20: ='ICS2'!I23 -> KM | B20: ='ICS2'!B23 -> 46250 | C20: ='ICS2'!C23 -> 0.72916667 | D20: ='ICS2'!E23 -> KITTSEE | E20: ='ICS2'!H23 -> Kittsee | F20: =A20 -> KM | G20: =IF(F20="KM","Großfeld",IF(F20="U23","Großfeld",IF(F20="U16","Großfeld",IF(F20="U15","Großfeld",IF(F20="U14","Großfeld",IF(F20="U12_1","55*40",IF(F20="U12_2","55x40",IF(F20="U11","55x40",IF(F20="U10","40x25",IF(F20="U9","40x25",IF(F20="U8","29x22",IF(F20="U7","25x20","16x15")))))))))))) -> Großfeld | H20: =IF(F20="KM","7,32x2,44",IF(F20="U23","7,32x2,44",IF(F20="U16","7,32x2,44",IF(F20="U15","7,32x2,44",IF(F20="U14","7,32x2,44",IF(F20="U13","5x2",IF(F20="U12_1","7,32x2,44",IF(F20="U12_2","7,32x2,44",IF(F20="U11","5x2",IF(F20="U10","5x2 ",IF(F20="U9","5x2","4 Minitore"))))))))))) -> 7,32x2,44 | I20: =IF(F20="KM","5",IF(F20="U23",5,IF(F20="U16","5",IF(F20="U15","5",IF(F20="U14","4",IF(F20="U13","4",IF(F20="U12_1","4",IF(F20="U12_2","4",IF(F20="U11","4",IF(F20="U10","4",IF(F20="U9","4","3"))))))))))) -> 5 | J20: =IF(F20="KM","Pleninger Stefan & Matthias Wachter",IF(F20="U23","Egzon Gentiani & Dinges Stefan",IF(F20="U16","Serdar Ekinci & Gernot Sevelda & Hubi Oberhofer",IF(F20="U15","",IF(F20="U14","Christian Neckamm & Thomas Pöschl",IF(F20="U13","",IF(F20="U12_1","Tobias Berger & Mario Magler",IF(F20="U12_2","Tobias Berger & Mario Magler",IF(F20="U11","Christian Wirth",IF(F20="U10","Thomas Brandl",IF(F20="U9","Tobias Berger & Sebastian Putric",IF(F20="U8","Ömer Türkes & Taha Mahsumi",IF(F20="U7","Alexander Zax & Jürgen Joszt",IF(F20="FKG","Ronny Archam & Florian Rac",IF(A20="Camp","Berger Dieter",IF(A20="Turnier","Berger Dieter","FEHLER")))))))))))))))) -> Pleninger Stefan & Matthias Wachter | K20: =IF(F20="KM","+43 664 415 99 09 & +43 699 119 70 312",IF(F20="U23","+43 670 18 59 080 & +43 664 451 22 16",IF(F20="U16","+43 690 104 20 129 & +43 676 401 09 13 & +43 699 181 68 504",IF(F20="U15","",IF(F20="U14","+43 699 192 49 527 & +43 677 613 55 114",IF(F20="U13","",IF(F20="U12_1","+43 66 199 13 52 & +43 664 762 09 93",IF(F20="U12_2","+43 66 199 13 52 & +43 664 762 09 93",IF(F20="U11","+43 660 423 93 83",IF(F20="U10","+43 676 377 16 30",IF(F20="U9","+43 66 199 13 52 & +43 660 914 92 36",IF(F20="U8","+43 676 661 62 26 & +43 681 208 11 599",IF(F20="U7","+43 664 458 88 84 & +43 660 549 82 40",IF(F20="FKG","+43 699 111 93 828 & +43 660 600 25 06",IF(A20="Camp","+43 660 77 39 500",IF(A20="Turnier","+43 660 77 39 500","FEHLER")))))))))))))))) -> +43 664 415 99 09 & +43 699 119 70 312
A21: ='ICS2'!I24 -> KM | B21: ='ICS2'!B24 -> 46255 | C21: ='ICS2'!C24 -> 0.83333333 | D21: ='ICS2'!E24 -> DEUTSCH JAHRNDORF | E21: ='ICS2'!H24 -> Deutsch Jahrndorf | F21: =A21 -> KM | G21: =IF(F21="KM","Großfeld",IF(F21="U23","Großfeld",IF(F21="U16","Großfeld",IF(F21="U15","Großfeld",IF(F21="U14","Großfeld",IF(F21="U12_1","55*40",IF(F21="U12_2","55x40",IF(F21="U11","55x40",IF(F21="U10","40x25",IF(F21="U9","40x25",IF(F21="U8","29x22",IF(F21="U7","25x20","16x15")))))))))))) -> Großfeld | H21: =IF(F21="KM","7,32x2,44",IF(F21="U23","7,32x2,44",IF(F21="U16","7,32x2,44",IF(F21="U15","7,32x2,44",IF(F21="U14","7,32x2,44",IF(F21="U13","5x2",IF(F21="U12_1","7,32x2,44",IF(F21="U12_2","7,32x2,44",IF(F21="U11","5x2",IF(F21="U10","5x2 ",IF(F21="U9","5x2","4 Minitore"))))))))))) -> 7,32x2,44 | I21: =IF(F21="KM","5",IF(F21="U23",5,IF(F21="U16","5",IF(F21="U15","5",IF(F21="U14","4",IF(F21="U13","4",IF(F21="U12_1","4",IF(F21="U12_2","4",IF(F21="U11","4",IF(F21="U10","4",IF(F21="U9","4","3"))))))))))) -> 5 | J21: =IF(F21="KM","Pleninger Stefan & Matthias Wachter",IF(F21="U23","Egzon Gentiani & Dinges Stefan",IF(F21="U16","Serdar Ekinci & Gernot Sevelda & Hubi Oberhofer",IF(F21="U15","",IF(F21="U14","Christian Neckamm & Thomas Pöschl",IF(F21="U13","",IF(F21="U12_1","Tobias Berger & Mario Magler",IF(F21="U12_2","Tobias Berger & Mario Magler",IF(F21="U11","Christian Wirth",IF(F21="U10","Thomas Brandl",IF(F21="U9","Tobias Berger & Sebastian Putric",IF(F21="U8","Ömer Türkes & Taha Mahsumi",IF(F21="U7","Alexander Zax & Jürgen Joszt",IF(F21="FKG","Ronny Archam & Florian Rac",IF(A21="Camp","Berger Dieter",IF(A21="Turnier","Berger Dieter","FEHLER")))))))))))))))) -> Pleninger Stefan & Matthias Wachter | K21: =IF(F21="KM","+43 664 415 99 09 & +43 699 119 70 312",IF(F21="U23","+43 670 18 59 080 & +43 664 451 22 16",IF(F21="U16","+43 690 104 20 129 & +43 676 401 09 13 & +43 699 181 68 504",IF(F21="U15","",IF(F21="U14","+43 699 192 49 527 & +43 677 613 55 114",IF(F21="U13","",IF(F21="U12_1","+43 66 199 13 52 & +43 664 762 09 93",IF(F21="U12_2","+43 66 199 13 52 & +43 664 762 09 93",IF(F21="U11","+43 660 423 93 83",IF(F21="U10","+43 676 377 16 30",IF(F21="U9","+43 66 199 13 52 & +43 660 914 92 36",IF(F21="U8","+43 676 661 62 26 & +43 681 208 11 599",IF(F21="U7","+43 664 458 88 84 & +43 660 549 82 40",IF(F21="FKG","+43 699 111 93 828 & +43 660 600 25 06",IF(A21="Camp","+43 660 77 39 500",IF(A21="Turnier","+43 660 77 39 500","FEHLER")))))))))))))))) -> +43 664 415 99 09 & +43 699 119 70 312
A22: ='ICS2'!I13 -> U14 | B22: ='ICS2'!B13 -> 46243 | C22: ='ICS2'!C13 -> 0.625 | D22: ='ICS2'!E13 -> GROßHÖFLEIN | E22: ='ICS2'!H13 -> Vienna U13 | F22: =A22 -> U14 | G22: =IF(F22="KM","Großfeld",IF(F22="U23","Großfeld",IF(F22="U16","Großfeld",IF(F22="U15","Großfeld",IF(F22="U14","Großfeld",IF(F22="U12_1","55*40",IF(F22="U12_2","55x40",IF(F22="U11","55x40",IF(F22="U10","40x25",IF(F22="U9","40x25",IF(F22="U8","29x22",IF(F22="U7","25x20","16x15")))))))))))) -> Großfeld | H22: =IF(F22="KM","7,32x2,44",IF(F22="U23","7,32x2,44",IF(F22="U16","7,32x2,44",IF(F22="U15","7,32x2,44",IF(F22="U14","7,32x2,44",IF(F22="U13","5x2",IF(F22="U12_1","7,32x2,44",IF(F22="U12_2","7,32x2,44",IF(F22="U11","5x2",IF(F22="U10","5x2 ",IF(F22="U9","5x2","4 Minitore"))))))))))) -> 7,32x2,44 | I22: =IF(F22="KM","5",IF(F22="U23",5,IF(F22="U16","5",IF(F22="U15","5",IF(F22="U14","4",IF(F22="U13","4",IF(F22="U12_1","4",IF(F22="U12_2","4",IF(F22="U11","4",IF(F22="U10","4",IF(F22="U9","4","3"))))))))))) -> 4 | J22: =IF(F22="KM","Pleninger Stefan & Matthias Wachter",IF(F22="U23","Egzon Gentiani & Dinges Stefan",IF(F22="U16","Serdar Ekinci & Gernot Sevelda & Hubi Oberhofer",IF(F22="U15","",IF(F22="U14","Christian Neckamm & Thomas Pöschl",IF(F22="U13","",IF(F22="U12_1","Tobias Berger & Mario Magler",IF(F22="U12_2","Tobias Berger & Mario Magler",IF(F22="U11","Christian Wirth",IF(F22="U10","Thomas Brandl",IF(F22="U9","Tobias Berger & Sebastian Putric",IF(F22="U8","Ömer Türkes & Taha Mahsumi",IF(F22="U7","Alexander Zax & Jürgen Joszt",IF(F22="FKG","Ronny Archam & Florian Rac",IF(A22="Camp","Berger Dieter",IF(A22="Turnier","Berger Dieter","FEHLER")))))))))))))))) -> Christian Neckamm & Thomas Pöschl | K22: =IF(F22="KM","+43 664 415 99 09 & +43 699 119 70 312",IF(F22="U23","+43 670 18 59 080 & +43 664 451 22 16",IF(F22="U16","+43 690 104 20 129 & +43 676 401 09 13 & +43 699 181 68 504",IF(F22="U15","",IF(F22="U14","+43 699 192 49 527 & +43 677 613 55 114",IF(F22="U13","",IF(F22="U12_1","+43 66 199 13 52 & +43 664 762 09 93",IF(F22="U12_2","+43 66 199 13 52 & +43 664 762 09 93",IF(F22="U11","+43 660 423 93 83",IF(F22="U10","+43 676 377 16 30",IF(F22="U9","+43 66 199 13 52 & +43 660 914 92 36",IF(F22="U8","+43 676 661 62 26 & +43 681 208 11 599",IF(F22="U7","+43 664 458 88 84 & +43 660 549 82 40",IF(F22="FKG","+43 699 111 93 828 & +43 660 600 25 06",IF(A22="Camp","+43 660 77 39 500",IF(A22="Turnier","+43 660 77 39 500","FEHLER")))))))))))))))) -> +43 699 192 49 527 & +43 677 613 55 114
A23: ='ICS2'!I26 -> KM | B23: ='ICS2'!B26 -> 46270 | C23: ='ICS2'!C26 -> 0.6875 | D23: ='ICS2'!E26 -> MÖNCHHOF | E23: ='ICS2'!H26 -> Mönchhof | F23: =A23 -> KM | G23: =IF(F23="KM","Großfeld",IF(F23="U23","Großfeld",IF(F23="U16","Großfeld",IF(F23="U15","Großfeld",IF(F23="U14","Großfeld",IF(F23="U12_1","55*40",IF(F23="U12_2","55x40",IF(F23="U11","55x40",IF(F23="U10","40x25",IF(F23="U9","40x25",IF(F23="U8","29x22",IF(F23="U7","25x20","16x15")))))))))))) -> Großfeld | H23: =IF(F23="KM","7,32x2,44",IF(F23="U23","7,32x2,44",IF(F23="U16","7,32x2,44",IF(F23="U15","7,32x2,44",IF(F23="U14","7,32x2,44",IF(F23="U13","5x2",IF(F23="U12_1","7,32x2,44",IF(F23="U12_2","7,32x2,44",IF(F23="U11","5x2",IF(F23="U10","5x2 ",IF(F23="U9","5x2","4 Minitore"))))))))))) -> 7,32x2,44 | I23: =IF(F23="KM","5",IF(F23="U23",5,IF(F23="U16","5",IF(F23="U15","5",IF(F23="U14","4",IF(F23="U13","4",IF(F23="U12_1","4",IF(F23="U12_2","4",IF(F23="U11","4",IF(F23="U10","4",IF(F23="U9","4","3"))))))))))) -> 5 | J23: =IF(F23="KM","Pleninger Stefan & Matthias Wachter",IF(F23="U23","Egzon Gentiani & Dinges Stefan",IF(F23="U16","Serdar Ekinci & Gernot Sevelda & Hubi Oberhofer",IF(F23="U15","",IF(F23="U14","Christian Neckamm & Thomas Pöschl",IF(F23="U13","",IF(F23="U12_1","Tobias Berger & Mario Magler",IF(F23="U12_2","Tobias Berger & Mario Magler",IF(F23="U11","Christian Wirth",IF(F23="U10","Thomas Brandl",IF(F23="U9","Tobias Berger & Sebastian Putric",IF(F23="U8","Ömer Türkes & Taha Mahsumi",IF(F23="U7","Alexander Zax & Jürgen Joszt",IF(F23="FKG","Ronny Archam & Florian Rac",IF(A23="Camp","Berger Dieter",IF(A23="Turnier","Berger Dieter","FEHLER")))))))))))))))) -> Pleninger Stefan & Matthias Wachter | K23: =IF(F23="KM","+43 664 415 99 09 & +43 699 119 70 312",IF(F23="U23","+43 670 18 59 080 & +43 664 451 22 16",IF(F23="U16","+43 690 104 20 129 & +43 676 401 09 13 & +43 699 181 68 504",IF(F23="U15","",IF(F23="U14","+43 699 192 49 527 & +43 677 613 55 114",IF(F23="U13","",IF(F23="U12_1","+43 66 199 13 52 & +43 664 762 09 93",IF(F23="U12_2","+43 66 199 13 52 & +43 664 762 09 93",IF(F23="U11","+43 660 423 93 83",IF(F23="U10","+43 676 377 16 30",IF(F23="U9","+43 66 199 13 52 & +43 660 914 92 36",IF(F23="U8","+43 676 661 62 26 & +43 681 208 11 599",IF(F23="U7","+43 664 458 88 84 & +43 660 549 82 40",IF(F23="FKG","+43 699 111 93 828 & +43 660 600 25 06",IF(A23="Camp","+43 660 77 39 500",IF(A23="Turnier","+43 660 77 39 500","FEHLER")))))))))))))))) -> +43 664 415 99 09 & +43 699 119 70 312
A24: ='ICS2'!I16 -> U14 | B24: ='ICS2'!B16 -> 46255 | C24: ='ICS2'!C16 -> 0.75 | D24: ='ICS2'!E16 -> GROßHÖFLEIN | E24: ='ICS2'!H16 -> Bad Erlach | F24: =A24 -> U14 | G24: =IF(F24="KM","Großfeld",IF(F24="U23","Großfeld",IF(F24="U16","Großfeld",IF(F24="U15","Großfeld",IF(F24="U14","Großfeld",IF(F24="U12_1","55*40",IF(F24="U12_2","55x40",IF(F24="U11","55x40",IF(F24="U10","40x25",IF(F24="U9","40x25",IF(F24="U8","29x22",IF(F24="U7","25x20","16x15")))))))))))) -> Großfeld | H24: =IF(F24="KM","7,32x2,44",IF(F24="U23","7,32x2,44",IF(F24="U16","7,32x2,44",IF(F24="U15","7,32x2,44",IF(F24="U14","7,32x2,44",IF(F24="U13","5x2",IF(F24="U12_1","7,32x2,44",IF(F24="U12_2","7,32x2,44",IF(F24="U11","5x2",IF(F24="U10","5x2 ",IF(F24="U9","5x2","4 Minitore"))))))))))) -> 7,32x2,44 | I24: =IF(F24="KM","5",IF(F24="U23",5,IF(F24="U16","5",IF(F24="U15","5",IF(F24="U14","4",IF(F24="U13","4",IF(F24="U12_1","4",IF(F24="U12_2","4",IF(F24="U11","4",IF(F24="U10","4",IF(F24="U9","4","3"))))))))))) -> 4 | J24: =IF(F24="KM","Pleninger Stefan & Matthias Wachter",IF(F24="U23","Egzon Gentiani & Dinges Stefan",IF(F24="U16","Serdar Ekinci & Gernot Sevelda & Hubi Oberhofer",IF(F24="U15","",IF(F24="U14","Christian Neckamm & Thomas Pöschl",IF(F24="U13","",IF(F24="U12_1","Tobias Berger & Mario Magler",IF(F24="U12_2","Tobias Berger & Mario Magler",IF(F24="U11","Christian Wirth",IF(F24="U10","Thomas Brandl",IF(F24="U9","Tobias Berger & Sebastian Putric",IF(F24="U8","Ömer Türkes & Taha Mahsumi",IF(F24="U7","Alexander Zax & Jürgen Joszt",IF(F24="FKG","Ronny Archam & Florian Rac",IF(A24="Camp","Berger Dieter",IF(A24="Turnier","Berger Dieter","FEHLER")))))))))))))))) -> Christian Neckamm & Thomas Pöschl | K24: =IF(F24="KM","+43 664 415 99 09 & +43 699 119 70 312",IF(F24="U23","+43 670 18 59 080 & +43 664 451 22 16",IF(F24="U16","+43 690 104 20 129 & +43 676 401 09 13 & +43 699 181 68 504",IF(F24="U15","",IF(F24="U14","+43 699 192 49 527 & +43 677 613 55 114",IF(F24="U13","",IF(F24="U12_1","+43 66 199 13 52 & +43 664 762 09 93",IF(F24="U12_2","+43 66 199 13 52 & +43 664 762 09 93",IF(F24="U11","+43 660 423 93 83",IF(F24="U10","+43 676 377 16 30",IF(F24="U9","+43 66 199 13 52 & +43 660 914 92 36",IF(F24="U8","+43 676 661 62 26 & +43 681 208 11 599",IF(F24="U7","+43 664 458 88 84 & +43 660 549 82 40",IF(F24="FKG","+43 699 111 93 828 & +43 660 600 25 06",IF(A24="Camp","+43 660 77 39 500",IF(A24="Turnier","+43 660 77 39 500","FEHLER")))))))))))))))) -> +43 699 192 49 527 & +43 677 613 55 114
A25: ='ICS2'!I28 -> KM | B25: ='ICS2'!B28 -> 46284 | C25: ='ICS2'!C28 -> 0.66666667 | D25: ='ICS2'!E28 -> GATTENDORF | E25: ='ICS2'!H28 -> Gattendorf | F25: =A25 -> KM | G25: =IF(F25="KM","Großfeld",IF(F25="U23","Großfeld",IF(F25="U16","Großfeld",IF(F25="U15","Großfeld",IF(F25="U14","Großfeld",IF(F25="U12_1","55*40",IF(F25="U12_2","55x40",IF(F25="U11","55x40",IF(F25="U10","40x25",IF(F25="U9","40x25",IF(F25="U8","29x22",IF(F25="U7","25x20","16x15")))))))))))) -> Großfeld | H25: =IF(F25="KM","7,32x2,44",IF(F25="U23","7,32x2,44",IF(F25="U16","7,32x2,44",IF(F25="U15","7,32x2,44",IF(F25="U14","7,32x2,44",IF(F25="U13","5x2",IF(F25="U12_1","7,32x2,44",IF(F25="U12_2","7,32x2,44",IF(F25="U11","5x2",IF(F25="U10","5x2 ",IF(F25="U9","5x2","4 Minitore"))))))))))) -> 7,32x2,44 | I25: =IF(F25="KM","5",IF(F25="U23",5,IF(F25="U16","5",IF(F25="U15","5",IF(F25="U14","4",IF(F25="U13","4",IF(F25="U12_1","4",IF(F25="U12_2","4",IF(F25="U11","4",IF(F25="U10","4",IF(F25="U9","4","3"))))))))))) -> 5 | J25: =IF(F25="KM","Pleninger Stefan & Matthias Wachter",IF(F25="U23","Egzon Gentiani & Dinges Stefan",IF(F25="U16","Serdar Ekinci & Gernot Sevelda & Hubi Oberhofer",IF(F25="U15","",IF(F25="U14","Christian Neckamm & Thomas Pöschl",IF(F25="U13","",IF(F25="U12_1","Tobias Berger & Mario Magler",IF(F25="U12_2","Tobias Berger & Mario Magler",IF(F25="U11","Christian Wirth",IF(F25="U10","Thomas Brandl",IF(F25="U9","Tobias Berger & Sebastian Putric",IF(F25="U8","Ömer Türkes & Taha Mahsumi",IF(F25="U7","Alexander Zax & Jürgen Joszt",IF(F25="FKG","Ronny Archam & Florian Rac",IF(A25="Camp","Berger Dieter",IF(A25="Turnier","Berger Dieter","FEHLER")))))))))))))))) -> Pleninger Stefan & Matthias Wachter | K25: =IF(F25="KM","+43 664 415 99 09 & +43 699 119 70 312",IF(F25="U23","+43 670 18 59 080 & +43 664 451 22 16",IF(F25="U16","+43 690 104 20 129 & +43 676 401 09 13 & +43 699 181 68 504",IF(F25="U15","",IF(F25="U14","+43 699 192 49 527 & +43 677 613 55 114",IF(F25="U13","",IF(F25="U12_1","+43 66 199 13 52 & +43 664 762 09 93",IF(F25="U12_2","+43 66 199 13 52 & +43 664 762 09 93",IF(F25="U11","+43 660 423 93 83",IF(F25="U10","+43 676 377 16 30",IF(F25="U9","+43 66 199 13 52 & +43 660 914 92 36",IF(F25="U8","+43 676 661 62 26 & +43 681 208 11 599",IF(F25="U7","+43 664 458 88 84 & +43 660 549 82 40",IF(F25="FKG","+43 699 111 93 828 & +43 660 600 25 06",IF(A25="Camp","+43 660 77 39 500",IF(A25="Turnier","+43 660 77 39 500","FEHLER")))))))))))))))) -> +43 664 415 99 09 & +43 699 119 70 312
A26: ='ICS2'!I134 -> Turnier | B26: ='ICS2'!B134 -> 46256 | C26: ='ICS2'!C134 -> 0.375 | D26: ='ICS2'!E134 -> NEUFELD | E26: ='ICS2'!H134 -> viele Gegner | F26: =A26 -> Turnier | I26: =IF(F26="Großfeld","5",IF(F26="U16","5",IF(F26="U15","5",IF(F26="U14","4",IF(F26="U13","4",IF(F26="U11/U12","4",IF(F26="U9/U10","4",IF(F26="U9","4","3")))))))) -> 3 | J26: =IF(F26="KM","Pleninger Stefan & Matthias Wachter",IF(F26="U23","Egzon Gentiani & Dinges Stefan",IF(F26="U16","Serdar Ekinci & Gernot Sevelda & Hubi Oberhofer",IF(F26="U15","",IF(F26="U14","Christian Neckamm & Thomas Pöschl",IF(F26="U13","",IF(F26="U12_1","Tobias Berger & Mario Magler",IF(F26="U12_2","Tobias Berger & Mario Magler",IF(F26="U11","Christian Wirth",IF(F26="U10","Thomas Brandl",IF(F26="U9","Tobias Berger & Sebastian Putric",IF(F26="U8","Ömer Türkes & Taha Mahsumi",IF(F26="U7","Alexander Zax & Jürgen Joszt",IF(F26="FKG","Ronny Archam & Florian Rac",IF(A26="Camp","Berger Dieter",IF(A26="Turnier","Berger Dieter","FEHLER")))))))))))))))) -> Berger Dieter | K26: =IF(F26="KM","+43 664 415 99 09 & +43 699 119 70 312",IF(F26="U23","+43 670 18 59 080 & +43 664 451 22 16",IF(F26="U16","+43 690 104 20 129 & +43 676 401 09 13 & +43 699 181 68 504",IF(F26="U15","",IF(F26="U14","+43 699 192 49 527 & +43 677 613 55 114",IF(F26="U13","",IF(F26="U12_1","+43 66 199 13 52 & +43 664 762 09 93",IF(F26="U12_2","+43 66 199 13 52 & +43 664 762 09 93",IF(F26="U11","+43 660 423 93 83",IF(F26="U10","+43 676 377 16 30",IF(F26="U9","+43 66 199 13 52 & +43 660 914 92 36",IF(F26="U8","+43 676 661 62 26 & +43 681 208 11 599",IF(F26="U7","+43 664 458 88 84 & +43 660 549 82 40",IF(F26="FKG","+43 699 111 93 828 & +43 660 600 25 06",IF(A26="Camp","+43 660 77 39 500",IF(A26="Turnier","+43 660 77 39 500","FEHLER")))))))))))))))) -> +43 660 77 39 500
A27: ='ICS2'!I30 -> KM | B27: ='ICS2'!B30 -> 46297 | C27: ='ICS2'!C30 -> 0.8125 | D27: ='ICS2'!E30 -> SIEGENDORF | E27: ='ICS2'!H30 -> Siegendorf | F27: =A27 -> KM | G27: =IF(F27="KM","Großfeld",IF(F27="U23","Großfeld",IF(F27="U16","Großfeld",IF(F27="U15","Großfeld",IF(F27="U14","Großfeld",IF(F27="U12_1","55*40",IF(F27="U12_2","55x40",IF(F27="U11","55x40",IF(F27="U10","40x25",IF(F27="U9","40x25",IF(F27="U8","29x22",IF(F27="U7","25x20","16x15")))))))))))) -> Großfeld | H27: =IF(F27="KM","7,32x2,44",IF(F27="U23","7,32x2,44",IF(F27="U16","7,32x2,44",IF(F27="U15","7,32x2,44",IF(F27="U14","7,32x2,44",IF(F27="U13","5x2",IF(F27="U12_1","7,32x2,44",IF(F27="U12_2","7,32x2,44",IF(F27="U11","5x2",IF(F27="U10","5x2 ",IF(F27="U9","5x2","4 Minitore"))))))))))) -> 7,32x2,44 | I27: =IF(F27="KM","5",IF(F27="U23",5,IF(F27="U16","5",IF(F27="U15","5",IF(F27="U14","4",IF(F27="U13","4",IF(F27="U12_1","4",IF(F27="U12_2","4",IF(F27="U11","4",IF(F27="U10","4",IF(F27="U9","4","3"))))))))))) -> 5 | J27: =IF(F27="KM","Pleninger Stefan & Matthias Wachter",IF(F27="U23","Egzon Gentiani & Dinges Stefan",IF(F27="U16","Serdar Ekinci & Gernot Sevelda & Hubi Oberhofer",IF(F27="U15","",IF(F27="U14","Christian Neckamm & Thomas Pöschl",IF(F27="U13","",IF(F27="U12_1","Tobias Berger & Mario Magler",IF(F27="U12_2","Tobias Berger & Mario Magler",IF(F27="U11","Christian Wirth",IF(F27="U10","Thomas Brandl",IF(F27="U9","Tobias Berger & Sebastian Putric",IF(F27="U8","Ömer Türkes & Taha Mahsumi",IF(F27="U7","Alexander Zax & Jürgen Joszt",IF(F27="FKG","Ronny Archam & Florian Rac",IF(A27="Camp","Berger Dieter",IF(A27="Turnier","Berger Dieter","FEHLER")))))))))))))))) -> Pleninger Stefan & Matthias Wachter | K27: =IF(F27="KM","+43 664 415 99 09 & +43 699 119 70 312",IF(F27="U23","+43 670 18 59 080 & +43 664 451 22 16",IF(F27="U16","+43 690 104 20 129 & +43 676 401 09 13 & +43 699 181 68 504",IF(F27="U15","",IF(F27="U14","+43 699 192 49 527 & +43 677 613 55 114",IF(F27="U13","",IF(F27="U12_1","+43 66 199 13 52 & +43 664 762 09 93",IF(F27="U12_2","+43 66 199 13 52 & +43 664 762 09 93",IF(F27="U11","+43 660 423 93 83",IF(F27="U10","+43 676 377 16 30",IF(F27="U9","+43 66 199 13 52 & +43 660 914 92 36",IF(F27="U8","+43 676 661 62 26 & +43 681 208 11 599",IF(F27="U7","+43 664 458 88 84 & +43 660 549 82 40",IF(F27="FKG","+43 699 111 93 828 & +43 660 600 25 06",IF(A27="Camp","+43 660 77 39 500",IF(A27="Turnier","+43 660 77 39 500","FEHLER")))))))))))))))) -> +43 664 415 99 09 & +43 699 119 70 312
A28: ='ICS2'!I18 -> U16 | B28: ='ICS2'!B18 -> 46260 | C28: ='ICS2'!C18 -> 0.41666667 | D28: ='ICS2'!E18 -> NEUFELD | E28: ='ICS2'!H18 -> Traiskirchen | F28: =A28 -> U16 | G28: =IF(F28="KM","Großfeld",IF(F28="U23","Großfeld",IF(F28="U16","Großfeld",IF(F28="U15","Großfeld",IF(F28="U14","Großfeld",IF(F28="U12_1","55*40",IF(F28="U12_2","55x40",IF(F28="U11","55x40",IF(F28="U10","40x25",IF(F28="U9","40x25",IF(F28="U8","29x22",IF(F28="U7","25x20","16x15")))))))))))) -> Großfeld | H28: =IF(F28="KM","7,32x2,44",IF(F28="U23","7,32x2,44",IF(F28="U16","7,32x2,44",IF(F28="U15","7,32x2,44",IF(F28="U14","7,32x2,44",IF(F28="U13","5x2",IF(F28="U12_1","7,32x2,44",IF(F28="U12_2","7,32x2,44",IF(F28="U11","5x2",IF(F28="U10","5x2 ",IF(F28="U9","5x2","4 Minitore"))))))))))) -> 7,32x2,44 | I28: =IF(F28="KM","5",IF(F28="U23",5,IF(F28="U16","5",IF(F28="U15","5",IF(F28="U14","4",IF(F28="U13","4",IF(F28="U12_1","4",IF(F28="U12_2","4",IF(F28="U11","4",IF(F28="U10","4",IF(F28="U9","4","3"))))))))))) -> 5 | J28: =IF(F28="KM","Pleninger Stefan & Matthias Wachter",IF(F28="U23","Egzon Gentiani & Dinges Stefan",IF(F28="U16","Serdar Ekinci & Gernot Sevelda & Hubi Oberhofer",IF(F28="U15","",IF(F28="U14","Christian Neckamm & Thomas Pöschl",IF(F28="U13","",IF(F28="U12_1","Tobias Berger & Mario Magler",IF(F28="U12_2","Tobias Berger & Mario Magler",IF(F28="U11","Christian Wirth",IF(F28="U10","Thomas Brandl",IF(F28="U9","Tobias Berger & Sebastian Putric",IF(F28="U8","Ömer Türkes & Taha Mahsumi",IF(F28="U7","Alexander Zax & Jürgen Joszt",IF(F28="FKG","Ronny Archam & Florian Rac",IF(A28="Camp","Berger Dieter",IF(A28="Turnier","Berger Dieter","FEHLER")))))))))))))))) -> Serdar Ekinci & Gernot Sevelda & Hubi Oberhofer | K28: =IF(F28="KM","+43 664 415 99 09 & +43 699 119 70 312",IF(F28="U23","+43 670 18 59 080 & +43 664 451 22 16",IF(F28="U16","+43 690 104 20 129 & +43 676 401 09 13 & +43 699 181 68 504",IF(F28="U15","",IF(F28="U14","+43 699 192 49 527 & +43 677 613 55 114",IF(F28="U13","",IF(F28="U12_1","+43 66 199 13 52 & +43 664 762 09 93",IF(F28="U12_2","+43 66 199 13 52 & +43 664 762 09 93",IF(F28="U11","+43 660 423 93 83",IF(F28="U10","+43 676 377 16 30",IF(F28="U9","+43 66 199 13 52 & +43 660 914 92 36",IF(F28="U8","+43 676 661 62 26 & +43 681 208 11 599",IF(F28="U7","+43 664 458 88 84 & +43 660 549 82 40",IF(F28="FKG","+43 699 111 93 828 & +43 660 600 25 06",IF(A28="Camp","+43 660 77 39 500",IF(A28="Turnier","+43 660 77 39 500","FEHLER")))))))))))))))) -> +43 690 104 20 129 & +43 676 401 09 13 & +43 699 181 68 504
A29: ='ICS2'!I32 -> KM | B29: ='ICS2'!B32 -> 46311 | C29: ='ICS2'!C32 -> 0.8125 | D29: ='ICS2'!E32 -> HORNSTEIN | E29: ='ICS2'!H32 -> Hornstein | F29: =A29 -> KM | G29: =IF(F29="KM","Großfeld",IF(F29="U23","Großfeld",IF(F29="U16","Großfeld",IF(F29="U15","Großfeld",IF(F29="U14","Großfeld",IF(F29="U12_1","55*40",IF(F29="U12_2","55x40",IF(F29="U11","55x40",IF(F29="U10","40x25",IF(F29="U9","40x25",IF(F29="U8","29x22",IF(F29="U7","25x20","16x15")))))))))))) -> Großfeld | H29: =IF(F29="KM","7,32x2,44",IF(F29="U23","7,32x2,44",IF(F29="U16","7,32x2,44",IF(F29="U15","7,32x2,44",IF(F29="U14","7,32x2,44",IF(F29="U13","5x2",IF(F29="U12_1","7,32x2,44",IF(F29="U12_2","7,32x2,44",IF(F29="U11","5x2",IF(F29="U10","5x2 ",IF(F29="U9","5x2","4 Minitore"))))))))))) -> 7,32x2,44 | I29: =IF(F29="KM","5",IF(F29="U23",5,IF(F29="U16","5",IF(F29="U15","5",IF(F29="U14","4",IF(F29="U13","4",IF(F29="U12_1","4",IF(F29="U12_2","4",IF(F29="U11","4",IF(F29="U10","4",IF(F29="U9","4","3"))))))))))) -> 5 | J29: =IF(F29="KM","Pleninger Stefan & Matthias Wachter",IF(F29="U23","Egzon Gentiani & Dinges Stefan",IF(F29="U16","Serdar Ekinci & Gernot Sevelda & Hubi Oberhofer",IF(F29="U15","",IF(F29="U14","Christian Neckamm & Thomas Pöschl",IF(F29="U13","",IF(F29="U12_1","Tobias Berger & Mario Magler",IF(F29="U12_2","Tobias Berger & Mario Magler",IF(F29="U11","Christian Wirth",IF(F29="U10","Thomas Brandl",IF(F29="U9","Tobias Berger & Sebastian Putric",IF(F29="U8","Ömer Türkes & Taha Mahsumi",IF(F29="U7","Alexander Zax & Jürgen Joszt",IF(F29="FKG","Ronny Archam & Florian Rac",IF(A29="Camp","Berger Dieter",IF(A29="Turnier","Berger Dieter","FEHLER")))))))))))))))) -> Pleninger Stefan & Matthias Wachter | K29: =IF(F29="KM","+43 664 415 99 09 & +43 699 119 70 312",IF(F29="U23","+43 670 18 59 080 & +43 664 451 22 16",IF(F29="U16","+43 690 104 20 129 & +43 676 401 09 13 & +43 699 181 68 504",IF(F29="U15","",IF(F29="U14","+43 699 192 49 527 & +43 677 613 55 114",IF(F29="U13","",IF(F29="U12_1","+43 66 199 13 52 & +43 664 762 09 93",IF(F29="U12_2","+43 66 199 13 52 & +43 664 762 09 93",IF(F29="U11","+43 660 423 93 83",IF(F29="U10","+43 676 377 16 30",IF(F29="U9","+43 66 199 13 52 & +43 660 914 92 36",IF(F29="U8","+43 676 661 62 26 & +43 681 208 11 599",IF(F29="U7","+43 664 458 88 84 & +43 660 549 82 40",IF(F29="FKG","+43 699 111 93 828 & +43 660 600 25 06",IF(A29="Camp","+43 660 77 39 500",IF(A29="Turnier","+43 660 77 39 500","FEHLER")))))))))))))))) -> +43 664 415 99 09 & +43 699 119 70 312
A30: ='ICS2'!I19 -> U14 | B30: ='ICS2'!B19 -> 46260 | C30: ='ICS2'!C19 -> 0.79166667 | D30: ='ICS2'!E19 -> GROßHÖFLEIN | E30: ='ICS2'!H19 -> SPG Leitha/Stotzing | F30: =A30 -> U14 | G30: =IF(F30="KM","Großfeld",IF(F30="U23","Großfeld",IF(F30="U16","Großfeld",IF(F30="U15","Großfeld",IF(F30="U14","Großfeld",IF(F30="U12_1","55*40",IF(F30="U12_2","55x40",IF(F30="U11","55x40",IF(F30="U10","40x25",IF(F30="U9","40x25",IF(F30="U8","29x22",IF(F30="U7","25x20","16x15")))))))))))) -> Großfeld | H30: =IF(F30="KM","7,32x2,44",IF(F30="U23","7,32x2,44",IF(F30="U16","7,32x2,44",IF(F30="U15","7,32x2,44",IF(F30="U14","7,32x2,44",IF(F30="U13","5x2",IF(F30="U12_1","7,32x2,44",IF(F30="U12_2","7,32x2,44",IF(F30="U11","5x2",IF(F30="U10","5x2 ",IF(F30="U9","5x2","4 Minitore"))))))))))) -> 7,32x2,44 | I30: =IF(F30="KM","5",IF(F30="U23",5,IF(F30="U16","5",IF(F30="U15","5",IF(F30="U14","4",IF(F30="U13","4",IF(F30="U12_1","4",IF(F30="U12_2","4",IF(F30="U11","4",IF(F30="U10","4",IF(F30="U9","4","3"))))))))))) -> 4 | J30: =IF(F30="KM","Pleninger Stefan & Matthias Wachter",IF(F30="U23","Egzon Gentiani & Dinges Stefan",IF(F30="U16","Serdar Ekinci & Gernot Sevelda & Hubi Oberhofer",IF(F30="U15","",IF(F30="U14","Christian Neckamm & Thomas Pöschl",IF(F30="U13","",IF(F30="U12_1","Tobias Berger & Mario Magler",IF(F30="U12_2","Tobias Berger & Mario Magler",IF(F30="U11","Christian Wirth",IF(F30="U10","Thomas Brandl",IF(F30="U9","Tobias Berger & Sebastian Putric",IF(F30="U8","Ömer Türkes & Taha Mahsumi",IF(F30="U7","Alexander Zax & Jürgen Joszt",IF(F30="FKG","Ronny Archam & Florian Rac",IF(A30="Camp","Berger Dieter",IF(A30="Turnier","Berger Dieter","FEHLER")))))))))))))))) -> Christian Neckamm & Thomas Pöschl | K30: =IF(F30="KM","+43 664 415 99 09 & +43 699 119 70 312",IF(F30="U23","+43 670 18 59 080 & +43 664 451 22 16",IF(F30="U16","+43 690 104 20 129 & +43 676 401 09 13 & +43 699 181 68 504",IF(F30="U15","",IF(F30="U14","+43 699 192 49 527 & +43 677 613 55 114",IF(F30="U13","",IF(F30="U12_1","+43 66 199 13 52 & +43 664 762 09 93",IF(F30="U12_2","+43 66 199 13 52 & +43 664 762 09 93",IF(F30="U11","+43 660 423 93 83",IF(F30="U10","+43 676 377 16 30",IF(F30="U9","+43 66 199 13 52 & +43 660 914 92 36",IF(F30="U8","+43 676 661 62 26 & +43 681 208 11 599",IF(F30="U7","+43 664 458 88 84 & +43 660 549 82 40",IF(F30="FKG","+43 699 111 93 828 & +43 660 600 25 06",IF(A30="Camp","+43 660 77 39 500",IF(A30="Turnier","+43 660 77 39 500","FEHLER")))))))))))))))) -> +43 699 192 49 527 & +43 677 613 55 114
A31: ='ICS2'!I34 -> KM | B31: ='ICS2'!B34 -> 46326 | C31: ='ICS2'!C34 -> 0.75 | D31: ='ICS2'!E34 -> ILLMITZ | E31: ='ICS2'!H34 -> Illmitz | F31: =A31 -> KM | G31: =IF(F31="KM","Großfeld",IF(F31="U23","Großfeld",IF(F31="U16","Großfeld",IF(F31="U15","Großfeld",IF(F31="U14","Großfeld",IF(F31="U12_1","55*40",IF(F31="U12_2","55x40",IF(F31="U11","55x40",IF(F31="U10","40x25",IF(F31="U9","40x25",IF(F31="U8","29x22",IF(F31="U7","25x20","16x15")))))))))))) -> Großfeld | H31: =IF(F31="KM","7,32x2,44",IF(F31="U23","7,32x2,44",IF(F31="U16","7,32x2,44",IF(F31="U15","7,32x2,44",IF(F31="U14","7,32x2,44",IF(F31="U13","5x2",IF(F31="U12_1","7,32x2,44",IF(F31="U12_2","7,32x2,44",IF(F31="U11","5x2",IF(F31="U10","5x2 ",IF(F31="U9","5x2","4 Minitore"))))))))))) -> 7,32x2,44 | I31: =IF(F31="KM","5",IF(F31="U23",5,IF(F31="U16","5",IF(F31="U15","5",IF(F31="U14","4",IF(F31="U13","4",IF(F31="U12_1","4",IF(F31="U12_2","4",IF(F31="U11","4",IF(F31="U10","4",IF(F31="U9","4","3"))))))))))) -> 5 | J31: =IF(F31="KM","Pleninger Stefan & Matthias Wachter",IF(F31="U23","Egzon Gentiani & Dinges Stefan",IF(F31="U16","Serdar Ekinci & Gernot Sevelda & Hubi Oberhofer",IF(F31="U15","",IF(F31="U14","Christian Neckamm & Thomas Pöschl",IF(F31="U13","",IF(F31="U12_1","Tobias Berger & Mario Magler",IF(F31="U12_2","Tobias Berger & Mario Magler",IF(F31="U11","Christian Wirth",IF(F31="U10","Thomas Brandl",IF(F31="U9","Tobias Berger & Sebastian Putric",IF(F31="U8","Ömer Türkes & Taha Mahsumi",IF(F31="U7","Alexander Zax & Jürgen Joszt",IF(F31="FKG","Ronny Archam & Florian Rac",IF(A31="Camp","Berger Dieter",IF(A31="Turnier","Berger Dieter","FEHLER")))))))))))))))) -> Pleninger Stefan & Matthias Wachter | K31: =IF(F31="KM","+43 664 415 99 09 & +43 699 119 70 312",IF(F31="U23","+43 670 18 59 080 & +43 664 451 22 16",IF(F31="U16","+43 690 104 20 129 & +43 676 401 09 13 & +43 699 181 68 504",IF(F31="U15","",IF(F31="U14","+43 699 192 49 527 & +43 677 613 55 114",IF(F31="U13","",IF(F31="U12_1","+43 66 199 13 52 & +43 664 762 09 93",IF(F31="U12_2","+43 66 199 13 52 & +43 664 762 09 93",IF(F31="U11","+43 660 423 93 83",IF(F31="U10","+43 676 377 16 30",IF(F31="U9","+43 66 199 13 52 & +43 660 914 92 36",IF(F31="U8","+43 676 661 62 26 & +43 681 208 11 599",IF(F31="U7","+43 664 458 88 84 & +43 660 549 82 40",IF(F31="FKG","+43 699 111 93 828 & +43 660 600 25 06",IF(A31="Camp","+43 660 77 39 500",IF(A31="Turnier","+43 660 77 39 500","FEHLER")))))))))))))))) -> +43 664 415 99 09 & +43 699 119 70 312
A32: ='ICS2'!I20 -> U14 | B32: ='ICS2'!B20 -> 46263 | C32: ='ICS2'!C20 -> 0.4375 | D32: ='ICS2'!E20 -> GROßHÖFLEIN | E32: ='ICS2'!H20 -> Oggau | F32: =A32 -> U14 | G32: =IF(F32="KM","Großfeld",IF(F32="U23","Großfeld",IF(F32="U16","Großfeld",IF(F32="U15","Großfeld",IF(F32="U14","Großfeld",IF(F32="U12_1","55*40",IF(F32="U12_2","55x40",IF(F32="U11","55x40",IF(F32="U10","40x25",IF(F32="U9","40x25",IF(F32="U8","29x22",IF(F32="U7","25x20","16x15")))))))))))) -> Großfeld | H32: =IF(F32="KM","7,32x2,44",IF(F32="U23","7,32x2,44",IF(F32="U16","7,32x2,44",IF(F32="U15","7,32x2,44",IF(F32="U14","7,32x2,44",IF(F32="U13","5x2",IF(F32="U12_1","7,32x2,44",IF(F32="U12_2","7,32x2,44",IF(F32="U11","5x2",IF(F32="U10","5x2 ",IF(F32="U9","5x2","4 Minitore"))))))))))) -> 7,32x2,44 | I32: =IF(F32="KM","5",IF(F32="U23",5,IF(F32="U16","5",IF(F32="U15","5",IF(F32="U14","4",IF(F32="U13","4",IF(F32="U12_1","4",IF(F32="U12_2","4",IF(F32="U11","4",IF(F32="U10","4",IF(F32="U9","4","3"))))))))))) -> 4 | J32: =IF(F32="KM","Pleninger Stefan & Matthias Wachter",IF(F32="U23","Egzon Gentiani & Dinges Stefan",IF(F32="U16","Serdar Ekinci & Gernot Sevelda & Hubi Oberhofer",IF(F32="U15","",IF(F32="U14","Christian Neckamm & Thomas Pöschl",IF(F32="U13","",IF(F32="U12_1","Tobias Berger & Mario Magler",IF(F32="U12_2","Tobias Berger & Mario Magler",IF(F32="U11","Christian Wirth",IF(F32="U10","Thomas Brandl",IF(F32="U9","Tobias Berger & Sebastian Putric",IF(F32="U8","Ömer Türkes & Taha Mahsumi",IF(F32="U7","Alexander Zax & Jürgen Joszt",IF(F32="FKG","Ronny Archam & Florian Rac",IF(A32="Camp","Berger Dieter",IF(A32="Turnier","Berger Dieter","FEHLER")))))))))))))))) -> Christian Neckamm & Thomas Pöschl | K32: =IF(F32="KM","+43 664 415 99 09 & +43 699 119 70 312",IF(F32="U23","+43 670 18 59 080 & +43 664 451 22 16",IF(F32="U16","+43 690 104 20 129 & +43 676 401 09 13 & +43 699 181 68 504",IF(F32="U15","",IF(F32="U14","+43 699 192 49 527 & +43 677 613 55 114",IF(F32="U13","",IF(F32="U12_1","+43 66 199 13 52 & +43 664 762 09 93",IF(F32="U12_2","+43 66 199 13 52 & +43 664 762 09 93",IF(F32="U11","+43 660 423 93 83",IF(F32="U10","+43 676 377 16 30",IF(F32="U9","+43 66 199 13 52 & +43 660 914 92 36",IF(F32="U8","+43 676 661 62 26 & +43 681 208 11 599",IF(F32="U7","+43 664 458 88 84 & +43 660 549 82 40",IF(F32="FKG","+43 699 111 93 828 & +43 660 600 25 06",IF(A32="Camp","+43 660 77 39 500",IF(A32="Turnier","+43 660 77 39 500","FEHLER")))))))))))))))) -> +43 699 192 49 527 & +43 677 613 55 114
A33: ='ICS2'!I22 -> KM | B33: ='ICS2'!B22 -> 46445 | C33: ='ICS2'!C22 -> 0.5 | D33: ='ICS2'!E22 -> BAD ERLACH | E33: ='ICS2'!H22 -> Bad Erlach | F33: =A33 -> KM | G33: =IF(F33="KM","Großfeld",IF(F33="U23","Großfeld",IF(F33="U16","Großfeld",IF(F33="U15","Großfeld",IF(F33="U14","Großfeld",IF(F33="U12_1","55*40",IF(F33="U12_2","55x40",IF(F33="U11","55x40",IF(F33="U10","40x25",IF(F33="U9","40x25",IF(F33="U8","29x22",IF(F33="U7","25x20","16x15")))))))))))) -> Großfeld | H33: =IF(F33="KM","7,32x2,44",IF(F33="U23","7,32x2,44",IF(F33="U16","7,32x2,44",IF(F33="U15","7,32x2,44",IF(F33="U14","7,32x2,44",IF(F33="U13","5x2",IF(F33="U12_1","7,32x2,44",IF(F33="U12_2","7,32x2,44",IF(F33="U11","5x2",IF(F33="U10","5x2 ",IF(F33="U9","5x2","4 Minitore"))))))))))) -> 7,32x2,44 | I33: =IF(F33="KM","5",IF(F33="U23",5,IF(F33="U16","5",IF(F33="U15","5",IF(F33="U14","4",IF(F33="U13","4",IF(F33="U12_1","4",IF(F33="U12_2","4",IF(F33="U11","4",IF(F33="U10","4",IF(F33="U9","4","3"))))))))))) -> 5 | J33: =IF(F33="KM","Pleninger Stefan & Matthias Wachter",IF(F33="U23","Egzon Gentiani & Dinges Stefan",IF(F33="U16","Serdar Ekinci & Gernot Sevelda & Hubi Oberhofer",IF(F33="U15","",IF(F33="U14","Christian Neckamm & Thomas Pöschl",IF(F33="U13","",IF(F33="U12_1","Tobias Berger & Mario Magler",IF(F33="U12_2","Tobias Berger & Mario Magler",IF(F33="U11","Christian Wirth",IF(F33="U10","Thomas Brandl",IF(F33="U9","Tobias Berger & Sebastian Putric",IF(F33="U8","Ömer Türkes & Taha Mahsumi",IF(F33="U7","Alexander Zax & Jürgen Joszt",IF(F33="FKG","Ronny Archam & Florian Rac",IF(A33="Camp","Berger Dieter",IF(A33="Turnier","Berger Dieter","FEHLER")))))))))))))))) -> Pleninger Stefan & Matthias Wachter | K33: =IF(F33="KM","+43 664 415 99 09 & +43 699 119 70 312",IF(F33="U23","+43 670 18 59 080 & +43 664 451 22 16",IF(F33="U16","+43 690 104 20 129 & +43 676 401 09 13 & +43 699 181 68 504",IF(F33="U15","",IF(F33="U14","+43 699 192 49 527 & +43 677 613 55 114",IF(F33="U13","",IF(F33="U12_1","+43 66 199 13 52 & +43 664 762 09 93",IF(F33="U12_2","+43 66 199 13 52 & +43 664 762 09 93",IF(F33="U11","+43 660 423 93 83",IF(F33="U10","+43 676 377 16 30",IF(F33="U9","+43 66 199 13 52 & +43 660 914 92 36",IF(F33="U8","+43 676 661 62 26 & +43 681 208 11 599",IF(F33="U7","+43 664 458 88 84 & +43 660 549 82 40",IF(F33="FKG","+43 699 111 93 828 & +43 660 600 25 06",IF(A33="Camp","+43 660 77 39 500",IF(A33="Turnier","+43 660 77 39 500","FEHLER")))))))))))))))) -> +43 664 415 99 09 & +43 699 119 70 312
A34: ='ICS2'!I38 -> U23 | B34: ='ICS2'!B38 -> 46263 | C34: ='ICS2'!C38 -> 0.66666667 | D34: ='ICS2'!E38 -> NEUFELD | E34: ='ICS2'!H38 -> Tadten | F34: =A34 -> U23 | G34: =IF(F34="KM","Großfeld",IF(F34="U23","Großfeld",IF(F34="U16","Großfeld",IF(F34="U15","Großfeld",IF(F34="U14","Großfeld",IF(F34="U12_1","55*40",IF(F34="U12_2","55x40",IF(F34="U11","55x40",IF(F34="U10","40x25",IF(F34="U9","40x25",IF(F34="U8","29x22",IF(F34="U7","25x20","16x15")))))))))))) -> Großfeld | H34: =IF(F34="KM","7,32x2,44",IF(F34="U23","7,32x2,44",IF(F34="U16","7,32x2,44",IF(F34="U15","7,32x2,44",IF(F34="U14","7,32x2,44",IF(F34="U13","5x2",IF(F34="U12_1","7,32x2,44",IF(F34="U12_2","7,32x2,44",IF(F34="U11","5x2",IF(F34="U10","5x2 ",IF(F34="U9","5x2","4 Minitore"))))))))))) -> 7,32x2,44 | I34: =IF(F34="KM","5",IF(F34="U23",5,IF(F34="U16","5",IF(F34="U15","5",IF(F34="U14","4",IF(F34="U13","4",IF(F34="U12_1","4",IF(F34="U12_2","4",IF(F34="U11","4",IF(F34="U10","4",IF(F34="U9","4","3"))))))))))) -> 5 | J34: =IF(F34="KM","Pleninger Stefan & Matthias Wachter",IF(F34="U23","Egzon Gentiani & Dinges Stefan",IF(F34="U16","Serdar Ekinci & Gernot Sevelda & Hubi Oberhofer",IF(F34="U15","",IF(F34="U14","Christian Neckamm & Thomas Pöschl",IF(F34="U13","",IF(F34="U12_1","Tobias Berger & Mario Magler",IF(F34="U12_2","Tobias Berger & Mario Magler",IF(F34="U11","Christian Wirth",IF(F34="U10","Thomas Brandl",IF(F34="U9","Tobias Berger & Sebastian Putric",IF(F34="U8","Ömer Türkes & Taha Mahsumi",IF(F34="U7","Alexander Zax & Jürgen Joszt",IF(F34="FKG","Ronny Archam & Florian Rac",IF(A34="Camp","Berger Dieter",IF(A34="Turnier","Berger Dieter","FEHLER")))))))))))))))) -> Egzon Gentiani & Dinges Stefan | K34: =IF(F34="KM","+43 664 415 99 09 & +43 699 119 70 312",IF(F34="U23","+43 670 18 59 080 & +43 664 451 22 16",IF(F34="U16","+43 690 104 20 129 & +43 676 401 09 13 & +43 699 181 68 504",IF(F34="U15","",IF(F34="U14","+43 699 192 49 527 & +43 677 613 55 114",IF(F34="U13","",IF(F34="U12_1","+43 66 199 13 52 & +43 664 762 09 93",IF(F34="U12_2","+43 66 199 13 52 & +43 664 762 09 93",IF(F34="U11","+43 660 423 93 83",IF(F34="U10","+43 676 377 16 30",IF(F34="U9","+43 66 199 13 52 & +43 660 914 92 36",IF(F34="U8","+43 676 661 62 26 & +43 681 208 11 599",IF(F34="U7","+43 664 458 88 84 & +43 660 549 82 40",IF(F34="FKG","+43 699 111 93 828 & +43 660 600 25 06",IF(A34="Camp","+43 660 77 39 500",IF(A34="Turnier","+43 660 77 39 500","FEHLER")))))))))))))))) -> +43 670 18 59 080 & +43 664 451 22 16
A35: ='ICS2'!I25 -> KM | B35: ='ICS2'!B25 -> 46263 | C35: ='ICS2'!C25 -> 0.75 | D35: ='ICS2'!E25 -> NEUFELD | E35: ='ICS2'!H25 -> Tadten | F35: =A35 -> KM | G35: =IF(F35="KM","Großfeld",IF(F35="U23","Großfeld",IF(F35="U16","Großfeld",IF(F35="U15","Großfeld",IF(F35="U14","Großfeld",IF(F35="U12_1","55*40",IF(F35="U12_2","55x40",IF(F35="U11","55x40",IF(F35="U10","40x25",IF(F35="U9","40x25",IF(F35="U8","29x22",IF(F35="U7","25x20","16x15")))))))))))) -> Großfeld | H35: =IF(F35="KM","7,32x2,44",IF(F35="U23","7,32x2,44",IF(F35="U16","7,32x2,44",IF(F35="U15","7,32x2,44",IF(F35="U14","7,32x2,44",IF(F35="U13","5x2",IF(F35="U12_1","7,32x2,44",IF(F35="U12_2","7,32x2,44",IF(F35="U11","5x2",IF(F35="U10","5x2 ",IF(F35="U9","5x2","4 Minitore"))))))))))) -> 7,32x2,44 | I35: =IF(F35="KM","5",IF(F35="U23",5,IF(F35="U16","5",IF(F35="U15","5",IF(F35="U14","4",IF(F35="U13","4",IF(F35="U12_1","4",IF(F35="U12_2","4",IF(F35="U11","4",IF(F35="U10","4",IF(F35="U9","4","3"))))))))))) -> 5 | J35: =IF(F35="KM","Pleninger Stefan & Matthias Wachter",IF(F35="U23","Egzon Gentiani & Dinges Stefan",IF(F35="U16","Serdar Ekinci & Gernot Sevelda & Hubi Oberhofer",IF(F35="U15","",IF(F35="U14","Christian Neckamm & Thomas Pöschl",IF(F35="U13","",IF(F35="U12_1","Tobias Berger & Mario Magler",IF(F35="U12_2","Tobias Berger & Mario Magler",IF(F35="U11","Christian Wirth",IF(F35="U10","Thomas Brandl",IF(F35="U9","Tobias Berger & Sebastian Putric",IF(F35="U8","Ömer Türkes & Taha Mahsumi",IF(F35="U7","Alexander Zax & Jürgen Joszt",IF(F35="FKG","Ronny Archam & Florian Rac",IF(A35="Camp","Berger Dieter",IF(A35="Turnier","Berger Dieter","FEHLER")))))))))))))))) -> Pleninger Stefan & Matthias Wachter | K35: =IF(F35="KM","+43 664 415 99 09 & +43 699 119 70 312",IF(F35="U23","+43 670 18 59 080 & +43 664 451 22 16",IF(F35="U16","+43 690 104 20 129 & +43 676 401 09 13 & +43 699 181 68 504",IF(F35="U15","",IF(F35="U14","+43 699 192 49 527 & +43 677 613 55 114",IF(F35="U13","",IF(F35="U12_1","+43 66 199 13 52 & +43 664 762 09 93",IF(F35="U12_2","+43 66 199 13 52 & +43 664 762 09 93",IF(F35="U11","+43 660 423 93 83",IF(F35="U10","+43 676 377 16 30",IF(F35="U9","+43 66 199 13 52 & +43 660 914 92 36",IF(F35="U8","+43 676 661 62 26 & +43 681 208 11 599",IF(F35="U7","+43 664 458 88 84 & +43 660 549 82 40",IF(F35="FKG","+43 699 111 93 828 & +43 660 600 25 06",IF(A35="Camp","+43 660 77 39 500",IF(A35="Turnier","+43 660 77 39 500","FEHLER")))))))))))))))) -> +43 664 415 99 09 & +43 699 119 70 312
A36: ='ICS2'!I69 -> U12_1 | B36: ='ICS2'!B69 -> 46270 | C36: ='ICS2'!C69 -> 0.58333333 | D36: ='ICS2'!E69 -> STEINBRUNN | E36: ='ICS2'!H69 -> Stotzing | F36: =A36 -> U12_1 | G36: =IF(F36="KM","Großfeld",IF(F36="U23","Großfeld",IF(F36="U16","Großfeld",IF(F36="U15","Großfeld",IF(F36="U14","Großfeld",IF(F36="U12_1","55*40",IF(F36="U12_2","55x40",IF(F36="U11","55x40",IF(F36="U10","40x25",IF(F36="U9","40x25",IF(F36="U8","29x22",IF(F36="U7","25x20","16x15")))))))))))) -> 55*40 | H36: =IF(F36="KM","7,32x2,44",IF(F36="U23","7,32x2,44",IF(F36="U16","7,32x2,44",IF(F36="U15","7,32x2,44",IF(F36="U14","7,32x2,44",IF(F36="U13","5x2",IF(F36="U12_1","7,32x2,44",IF(F36="U12_2","7,32x2,44",IF(F36="U11","5x2",IF(F36="U10","5x2 ",IF(F36="U9","5x2","4 Minitore"))))))))))) -> 7,32x2,44 | I36: =IF(F36="KM","5",IF(F36="U23",5,IF(F36="U16","5",IF(F36="U15","5",IF(F36="U14","4",IF(F36="U13","4",IF(F36="U12_1","4",IF(F36="U12_2","4",IF(F36="U11","4",IF(F36="U10","4",IF(F36="U9","4","3"))))))))))) -> 4 | J36: =IF(F36="KM","Pleninger Stefan & Matthias Wachter",IF(F36="U23","Egzon Gentiani & Dinges Stefan",IF(F36="U16","Serdar Ekinci & Gernot Sevelda & Hubi Oberhofer",IF(F36="U15","",IF(F36="U14","Christian Neckamm & Thomas Pöschl",IF(F36="U13","",IF(F36="U12_1","Tobias Berger & Mario Magler",IF(F36="U12_2","Tobias Berger & Mario Magler",IF(F36="U11","Christian Wirth",IF(F36="U10","Thomas Brandl",IF(F36="U9","Tobias Berger & Sebastian Putric",IF(F36="U8","Ömer Türkes & Taha Mahsumi",IF(F36="U7","Alexander Zax & Jürgen Joszt",IF(F36="FKG","Ronny Archam & Florian Rac",IF(A36="Camp","Berger Dieter",IF(A36="Turnier","Berger Dieter","FEHLER")))))))))))))))) -> Tobias Berger & Mario Magler | K36: =IF(F36="KM","+43 664 415 99 09 & +43 699 119 70 312",IF(F36="U23","+43 670 18 59 080 & +43 664 451 22 16",IF(F36="U16","+43 690 104 20 129 & +43 676 401 09 13 & +43 699 181 68 504",IF(F36="U15","",IF(F36="U14","+43 699 192 49 527 & +43 677 613 55 114",IF(F36="U13","",IF(F36="U12_1","+43 66 199 13 52 & +43 664 762 09 93",IF(F36="U12_2","+43 66 199 13 52 & +43 664 762 09 93",IF(F36="U11","+43 660 423 93 83",IF(F36="U10","+43 676 377 16 30",IF(F36="U9","+43 66 199 13 52 & +43 660 914 92 36",IF(F36="U8","+43 676 661 62 26 & +43 681 208 11 599",IF(F36="U7","+43 664 458 88 84 & +43 660 549 82 40",IF(F36="FKG","+43 699 111 93 828 & +43 660 600 25 06",IF(A36="Camp","+43 660 77 39 500",IF(A36="Turnier","+43 660 77 39 500","FEHLER")))))))))))))))) -> +43 66 199 13 52 & +43 664 762 09 93
A37: ='ICS2'!I103 -> U9 | B37: ='ICS2'!B103 -> 46289 | C37: ='ICS2'!C103 -> 0.70833333 | D37: ='ICS2'!E103 -> GROßHÖFLEIN | E37: ='ICS2'!H103 -> Großhöflein | F37: =A37 -> U9 | G37: =IF(F37="KM","Großfeld",IF(F37="U23","Großfeld",IF(F37="U16","Großfeld",IF(F37="U15","Großfeld",IF(F37="U14","Großfeld",IF(F37="U12_1","55*40",IF(F37="U12_2","55x40",IF(F37="U11","55x40",IF(F37="U10","40x25",IF(F37="U9","40x25",IF(F37="U8","29x22",IF(F37="U7","25x20","16x15")))))))))))) -> 40x25 | H37: =IF(F37="KM","7,32x2,44",IF(F37="U23","7,32x2,44",IF(F37="U16","7,32x2,44",IF(F37="U15","7,32x2,44",IF(F37="U14","7,32x2,44",IF(F37="U13","5x2",IF(F37="U12_1","7,32x2,44",IF(F37="U12_2","7,32x2,44",IF(F37="U11","5x2",IF(F37="U10","5x2 ",IF(F37="U9","5x2","4 Minitore"))))))))))) -> 5x2 | I37: =IF(F37="KM","5",IF(F37="U23",5,IF(F37="U16","5",IF(F37="U15","5",IF(F37="U14","4",IF(F37="U13","4",IF(F37="U12_1","4",IF(F37="U12_2","4",IF(F37="U11","4",IF(F37="U10","4",IF(F37="U9","4","3"))))))))))) -> 4 | J37: =IF(F37="KM","Pleninger Stefan & Matthias Wachter",IF(F37="U23","Egzon Gentiani & Dinges Stefan",IF(F37="U16","Serdar Ekinci & Gernot Sevelda & Hubi Oberhofer",IF(F37="U15","",IF(F37="U14","Christian Neckamm & Thomas Pöschl",IF(F37="U13","",IF(F37="U12_1","Tobias Berger & Mario Magler",IF(F37="U12_2","Tobias Berger & Mario Magler",IF(F37="U11","Christian Wirth",IF(F37="U10","Thomas Brandl",IF(F37="U9","Tobias Berger & Sebastian Putric",IF(F37="U8","Ömer Türkes & Taha Mahsumi",IF(F37="U7","Alexander Zax & Jürgen Joszt",IF(F37="FKG","Ronny Archam & Florian Rac",IF(A37="Camp","Berger Dieter",IF(A37="Turnier","Berger Dieter","FEHLER")))))))))))))))) -> Tobias Berger & Sebastian Putric | K37: =IF(F37="KM","+43 664 415 99 09 & +43 699 119 70 312",IF(F37="U23","+43 670 18 59 080 & +43 664 451 22 16",IF(F37="U16","+43 690 104 20 129 & +43 676 401 09 13 & +43 699 181 68 504",IF(F37="U15","",IF(F37="U14","+43 699 192 49 527 & +43 677 613 55 114",IF(F37="U13","",IF(F37="U12_1","+43 66 199 13 52 & +43 664 762 09 93",IF(F37="U12_2","+43 66 199 13 52 & +43 664 762 09 93",IF(F37="U11","+43 660 423 93 83",IF(F37="U10","+43 676 377 16 30",IF(F37="U9","+43 66 199 13 52 & +43 660 914 92 36",IF(F37="U8","+43 676 661 62 26 & +43 681 208 11 599",IF(F37="U7","+43 664 458 88 84 & +43 660 549 82 40",IF(F37="FKG","+43 699 111 93 828 & +43 660 600 25 06",IF(A37="Camp","+43 660 77 39 500",IF(A37="Turnier","+43 660 77 39 500","FEHLER")))))))))))))))) -> +43 66 199 13 52 & +43 660 914 92 36
A38: ='ICS2'!I89 -> U11 | B38: ='ICS2'!B89 -> 46270 | C38: ='ICS2'!C89 -> 0.41666667 | D38: ='ICS2'!E89 -> STEINBRUNN | E38: ='ICS2'!H89 -> Leithaprodersdorf | F38: =A38 -> U11 | G38: =IF(F38="KM","Großfeld",IF(F38="U23","Großfeld",IF(F38="U16","Großfeld",IF(F38="U15","Großfeld",IF(F38="U14","Großfeld",IF(F38="U12_1","55*40",IF(F38="U12_2","55x40",IF(F38="U11","55x40",IF(F38="U10","40x25",IF(F38="U9","40x25",IF(F38="U8","29x22",IF(F38="U7","25x20","16x15")))))))))))) -> 55x40 | H38: =IF(F38="KM","7,32x2,44",IF(F38="U23","7,32x2,44",IF(F38="U16","7,32x2,44",IF(F38="U15","7,32x2,44",IF(F38="U14","7,32x2,44",IF(F38="U13","5x2",IF(F38="U12_1","7,32x2,44",IF(F38="U12_2","7,32x2,44",IF(F38="U11","5x2",IF(F38="U10","5x2 ",IF(F38="U9","5x2","4 Minitore"))))))))))) -> 5x2 | I38: =IF(F38="KM","5",IF(F38="U23",5,IF(F38="U16","5",IF(F38="U15","5",IF(F38="U14","4",IF(F38="U13","4",IF(F38="U12_1","4",IF(F38="U12_2","4",IF(F38="U11","4",IF(F38="U10","4",IF(F38="U9","4","3"))))))))))) -> 4 | J38: =IF(F38="KM","Pleninger Stefan & Matthias Wachter",IF(F38="U23","Egzon Gentiani & Dinges Stefan",IF(F38="U16","Serdar Ekinci & Gernot Sevelda & Hubi Oberhofer",IF(F38="U15","",IF(F38="U14","Christian Neckamm & Thomas Pöschl",IF(F38="U13","",IF(F38="U12_1","Tobias Berger & Mario Magler",IF(F38="U12_2","Tobias Berger & Mario Magler",IF(F38="U11","Christian Wirth",IF(F38="U10","Thomas Brandl",IF(F38="U9","Tobias Berger & Sebastian Putric",IF(F38="U8","Ömer Türkes & Taha Mahsumi",IF(F38="U7","Alexander Zax & Jürgen Joszt",IF(F38="FKG","Ronny Archam & Florian Rac",IF(A38="Camp","Berger Dieter",IF(A38="Turnier","Berger Dieter","FEHLER")))))))))))))))) -> Christian Wirth | K38: =IF(F38="KM","+43 664 415 99 09 & +43 699 119 70 312",IF(F38="U23","+43 670 18 59 080 & +43 664 451 22 16",IF(F38="U16","+43 690 104 20 129 & +43 676 401 09 13 & +43 699 181 68 504",IF(F38="U15","",IF(F38="U14","+43 699 192 49 527 & +43 677 613 55 114",IF(F38="U13","",IF(F38="U12_1","+43 66 199 13 52 & +43 664 762 09 93",IF(F38="U12_2","+43 66 199 13 52 & +43 664 762 09 93",IF(F38="U11","+43 660 423 93 83",IF(F38="U10","+43 676 377 16 30",IF(F38="U9","+43 66 199 13 52 & +43 660 914 92 36",IF(F38="U8","+43 676 661 62 26 & +43 681 208 11 599",IF(F38="U7","+43 664 458 88 84 & +43 660 549 82 40",IF(F38="FKG","+43 699 111 93 828 & +43 660 600 25 06",IF(A38="Camp","+43 660 77 39 500",IF(A38="Turnier","+43 660 77 39 500","FEHLER")))))))))))))))) -> +43 660 423 93 83
A39: ='ICS2'!I79 -> U12_2 | B39: ='ICS2'!B79 -> 46270 | C39: ='ICS2'!C79 -> 0.5 | D39: ='ICS2'!E79 -> STEINBRUNN | E39: ='ICS2'!H79 -> St. Margarethen | F39: =A39 -> U12_2 | G39: =IF(F39="KM","Großfeld",IF(F39="U23","Großfeld",IF(F39="U16","Großfeld",IF(F39="U15","Großfeld",IF(F39="U14","Großfeld",IF(F39="U12_1","55*40",IF(F39="U12_2","55x40",IF(F39="U11","55x40",IF(F39="U10","40x25",IF(F39="U9","40x25",IF(F39="U8","29x22",IF(F39="U7","25x20","16x15")))))))))))) -> 55x40 | H39: =IF(F39="KM","7,32x2,44",IF(F39="U23","7,32x2,44",IF(F39="U16","7,32x2,44",IF(F39="U15","7,32x2,44",IF(F39="U14","7,32x2,44",IF(F39="U13","5x2",IF(F39="U12_1","7,32x2,44",IF(F39="U12_2","7,32x2,44",IF(F39="U11","5x2",IF(F39="U10","5x2 ",IF(F39="U9","5x2","4 Minitore"))))))))))) -> 7,32x2,44 | I39: =IF(F39="KM","5",IF(F39="U23",5,IF(F39="U16","5",IF(F39="U15","5",IF(F39="U14","4",IF(F39="U13","4",IF(F39="U12_1","4",IF(F39="U12_2","4",IF(F39="U11","4",IF(F39="U10","4",IF(F39="U9","4","3"))))))))))) -> 4 | J39: =IF(F39="KM","Pleninger Stefan & Matthias Wachter",IF(F39="U23","Egzon Gentiani & Dinges Stefan",IF(F39="U16","Serdar Ekinci & Gernot Sevelda & Hubi Oberhofer",IF(F39="U15","",IF(F39="U14","Christian Neckamm & Thomas Pöschl",IF(F39="U13","",IF(F39="U12_1","Tobias Berger & Mario Magler",IF(F39="U12_2","Tobias Berger & Mario Magler",IF(F39="U11","Christian Wirth",IF(F39="U10","Thomas Brandl",IF(F39="U9","Tobias Berger & Sebastian Putric",IF(F39="U8","Ömer Türkes & Taha Mahsumi",IF(F39="U7","Alexander Zax & Jürgen Joszt",IF(F39="FKG","Ronny Archam & Florian Rac",IF(A39="Camp","Berger Dieter",IF(A39="Turnier","Berger Dieter","FEHLER")))))))))))))))) -> Tobias Berger & Mario Magler | K39: =IF(F39="KM","+43 664 415 99 09 & +43 699 119 70 312",IF(F39="U23","+43 670 18 59 080 & +43 664 451 22 16",IF(F39="U16","+43 690 104 20 129 & +43 676 401 09 13 & +43 699 181 68 504",IF(F39="U15","",IF(F39="U14","+43 699 192 49 527 & +43 677 613 55 114",IF(F39="U13","",IF(F39="U12_1","+43 66 199 13 52 & +43 664 762 09 93",IF(F39="U12_2","+43 66 199 13 52 & +43 664 762 09 93",IF(F39="U11","+43 660 423 93 83",IF(F39="U10","+43 676 377 16 30",IF(F39="U9","+43 66 199 13 52 & +43 660 914 92 36",IF(F39="U8","+43 676 661 62 26 & +43 681 208 11 599",IF(F39="U7","+43 664 458 88 84 & +43 660 549 82 40",IF(F39="FKG","+43 699 111 93 828 & +43 660 600 25 06",IF(A39="Camp","+43 660 77 39 500",IF(A39="Turnier","+43 660 77 39 500","FEHLER")))))))))))))))) -> +43 66 199 13 52 & +43 664 762 09 93
A40: ='ICS2'!I60 -> U14 | B40: ='ICS2'!B60 -> 46270 | C40: ='ICS2'!C60 -> 0.4375 | D40: ='ICS2'!E60 -> GROßHÖFLEIN | E40: ='ICS2'!H60 -> St. Georgen/Eisenstadt | F40: =A40 -> U14 | G40: =IF(F40="KM","Großfeld",IF(F40="U23","Großfeld",IF(F40="U16","Großfeld",IF(F40="U15","Großfeld",IF(F40="U14","Großfeld",IF(F40="U12_1","55*40",IF(F40="U12_2","55x40",IF(F40="U11","55x40",IF(F40="U10","40x25",IF(F40="U9","40x25",IF(F40="U8","29x22",IF(F40="U7","25x20","16x15")))))))))))) -> Großfeld | H40: =IF(F40="KM","7,32x2,44",IF(F40="U23","7,32x2,44",IF(F40="U16","7,32x2,44",IF(F40="U15","7,32x2,44",IF(F40="U14","7,32x2,44",IF(F40="U13","5x2",IF(F40="U12_1","7,32x2,44",IF(F40="U12_2","7,32x2,44",IF(F40="U11","5x2",IF(F40="U10","5x2 ",IF(F40="U9","5x2","4 Minitore"))))))))))) -> 7,32x2,44 | I40: =IF(F40="KM","5",IF(F40="U23",5,IF(F40="U16","5",IF(F40="U15","5",IF(F40="U14","4",IF(F40="U13","4",IF(F40="U12_1","4",IF(F40="U12_2","4",IF(F40="U11","4",IF(F40="U10","4",IF(F40="U9","4","3"))))))))))) -> 4 | J40: =IF(F40="KM","Pleninger Stefan & Matthias Wachter",IF(F40="U23","Egzon Gentiani & Dinges Stefan",IF(F40="U16","Serdar Ekinci & Gernot Sevelda & Hubi Oberhofer",IF(F40="U15","",IF(F40="U14","Christian Neckamm & Thomas Pöschl",IF(F40="U13","",IF(F40="U12_1","Tobias Berger & Mario Magler",IF(F40="U12_2","Tobias Berger & Mario Magler",IF(F40="U11","Christian Wirth",IF(F40="U10","Thomas Brandl",IF(F40="U9","Tobias Berger & Sebastian Putric",IF(F40="U8","Ömer Türkes & Taha Mahsumi",IF(F40="U7","Alexander Zax & Jürgen Joszt",IF(F40="FKG","Ronny Archam & Florian Rac",IF(A40="Camp","Berger Dieter",IF(A40="Turnier","Berger Dieter","FEHLER")))))))))))))))) -> Christian Neckamm & Thomas Pöschl | K40: =IF(F40="KM","+43 664 415 99 09 & +43 699 119 70 312",IF(F40="U23","+43 670 18 59 080 & +43 664 451 22 16",IF(F40="U16","+43 690 104 20 129 & +43 676 401 09 13 & +43 699 181 68 504",IF(F40="U15","",IF(F40="U14","+43 699 192 49 527 & +43 677 613 55 114",IF(F40="U13","",IF(F40="U12_1","+43 66 199 13 52 & +43 664 762 09 93",IF(F40="U12_2","+43 66 199 13 52 & +43 664 762 09 93",IF(F40="U11","+43 660 423 93 83",IF(F40="U10","+43 676 377 16 30",IF(F40="U9","+43 66 199 13 52 & +43 660 914 92 36",IF(F40="U8","+43 676 661 62 26 & +43 681 208 11 599",IF(F40="U7","+43 664 458 88 84 & +43 660 549 82 40",IF(F40="FKG","+43 699 111 93 828 & +43 660 600 25 06",IF(A40="Camp","+43 660 77 39 500",IF(A40="Turnier","+43 660 77 39 500","FEHLER")))))))))))))))) -> +43 699 192 49 527 & +43 677 613 55 114
A41: ='ICS2'!I99 -> U10 | B41: ='ICS2'!B99 -> 46277 | C41: ='ICS2'!C99 -> 0.47916667 | D41: ='ICS2'!E99 -> SIEGENDORF | E41: ='ICS2'!H99 -> Turnier | F41: =A41 -> U10 | G41: =IF(F41="KM","Großfeld",IF(F41="U23","Großfeld",IF(F41="U16","Großfeld",IF(F41="U15","Großfeld",IF(F41="U14","Großfeld",IF(F41="U12_1","55*40",IF(F41="U12_2","55x40",IF(F41="U11","55x40",IF(F41="U10","40x25",IF(F41="U9","40x25",IF(F41="U8","29x22",IF(F41="U7","25x20","16x15")))))))))))) -> 40x25 | H41: =IF(F41="KM","7,32x2,44",IF(F41="U23","7,32x2,44",IF(F41="U16","7,32x2,44",IF(F41="U15","7,32x2,44",IF(F41="U14","7,32x2,44",IF(F41="U13","5x2",IF(F41="U12_1","7,32x2,44",IF(F41="U12_2","7,32x2,44",IF(F41="U11","5x2",IF(F41="U10","5x2 ",IF(F41="U9","5x2","4 Minitore"))))))))))) -> 5x2 | I41: =IF(F41="KM","5",IF(F41="U23",5,IF(F41="U16","5",IF(F41="U15","5",IF(F41="U14","4",IF(F41="U13","4",IF(F41="U12_1","4",IF(F41="U12_2","4",IF(F41="U11","4",IF(F41="U10","4",IF(F41="U9","4","3"))))))))))) -> 4 | J41: =IF(F41="KM","Pleninger Stefan & Matthias Wachter",IF(F41="U23","Egzon Gentiani & Dinges Stefan",IF(F41="U16","Serdar Ekinci & Gernot Sevelda & Hubi Oberhofer",IF(F41="U15","",IF(F41="U14","Christian Neckamm & Thomas Pöschl",IF(F41="U13","",IF(F41="U12_1","Tobias Berger & Mario Magler",IF(F41="U12_2","Tobias Berger & Mario Magler",IF(F41="U11","Christian Wirth",IF(F41="U10","Thomas Brandl",IF(F41="U9","Tobias Berger & Sebastian Putric",IF(F41="U8","Ömer Türkes & Taha Mahsumi",IF(F41="U7","Alexander Zax & Jürgen Joszt",IF(F41="FKG","Ronny Archam & Florian Rac",IF(A41="Camp","Berger Dieter",IF(A41="Turnier","Berger Dieter","FEHLER")))))))))))))))) -> Thomas Brandl | K41: =IF(F41="KM","+43 664 415 99 09 & +43 699 119 70 312",IF(F41="U23","+43 670 18 59 080 & +43 664 451 22 16",IF(F41="U16","+43 690 104 20 129 & +43 676 401 09 13 & +43 699 181 68 504",IF(F41="U15","",IF(F41="U14","+43 699 192 49 527 & +43 677 613 55 114",IF(F41="U13","",IF(F41="U12_1","+43 66 199 13 52 & +43 664 762 09 93",IF(F41="U12_2","+43 66 199 13 52 & +43 664 762 09 93",IF(F41="U11","+43 660 423 93 83",IF(F41="U10","+43 676 377 16 30",IF(F41="U9","+43 66 199 13 52 & +43 660 914 92 36",IF(F41="U8","+43 676 661 62 26 & +43 681 208 11 599",IF(F41="U7","+43 664 458 88 84 & +43 660 549 82 40",IF(F41="FKG","+43 699 111 93 828 & +43 660 600 25 06",IF(A41="Camp","+43 660 77 39 500",IF(A41="Turnier","+43 660 77 39 500","FEHLER")))))))))))))))) -> +43 676 377 16 30
A42: ='ICS2'!I100 -> U10 | B42: ='ICS2'!B100 -> 46305 | C42: ='ICS2'!C100 -> 0.375 | D42: ='ICS2'!E100 -> TRAUSDORF | E42: ='ICS2'!H100 -> Turnier | F42: =A42 -> U10 | G42: =IF(F42="KM","Großfeld",IF(F42="U23","Großfeld",IF(F42="U16","Großfeld",IF(F42="U15","Großfeld",IF(F42="U14","Großfeld",IF(F42="U12_1","55*40",IF(F42="U12_2","55x40",IF(F42="U11","55x40",IF(F42="U10","40x25",IF(F42="U9","40x25",IF(F42="U8","29x22",IF(F42="U7","25x20","16x15")))))))))))) -> 40x25 | H42: =IF(F42="KM","7,32x2,44",IF(F42="U23","7,32x2,44",IF(F42="U16","7,32x2,44",IF(F42="U15","7,32x2,44",IF(F42="U14","7,32x2,44",IF(F42="U13","5x2",IF(F42="U12_1","7,32x2,44",IF(F42="U12_2","7,32x2,44",IF(F42="U11","5x2",IF(F42="U10","5x2 ",IF(F42="U9","5x2","4 Minitore"))))))))))) -> 5x2 | I42: =IF(F42="KM","5",IF(F42="U23",5,IF(F42="U16","5",IF(F42="U15","5",IF(F42="U14","4",IF(F42="U13","4",IF(F42="U12_1","4",IF(F42="U12_2","4",IF(F42="U11","4",IF(F42="U10","4",IF(F42="U9","4","3"))))))))))) -> 4 | J42: =IF(F42="KM","Pleninger Stefan & Matthias Wachter",IF(F42="U23","Egzon Gentiani & Dinges Stefan",IF(F42="U16","Serdar Ekinci & Gernot Sevelda & Hubi Oberhofer",IF(F42="U15","",IF(F42="U14","Christian Neckamm & Thomas Pöschl",IF(F42="U13","",IF(F42="U12_1","Tobias Berger & Mario Magler",IF(F42="U12_2","Tobias Berger & Mario Magler",IF(F42="U11","Christian Wirth",IF(F42="U10","Thomas Brandl",IF(F42="U9","Tobias Berger & Sebastian Putric",IF(F42="U8","Ömer Türkes & Taha Mahsumi",IF(F42="U7","Alexander Zax & Jürgen Joszt",IF(F42="FKG","Ronny Archam & Florian Rac",IF(A42="Camp","Berger Dieter",IF(A42="Turnier","Berger Dieter","FEHLER")))))))))))))))) -> Thomas Brandl | K42: =IF(F42="KM","+43 664 415 99 09 & +43 699 119 70 312",IF(F42="U23","+43 670 18 59 080 & +43 664 451 22 16",IF(F42="U16","+43 690 104 20 129 & +43 676 401 09 13 & +43 699 181 68 504",IF(F42="U15","",IF(F42="U14","+43 699 192 49 527 & +43 677 613 55 114",IF(F42="U13","",IF(F42="U12_1","+43 66 199 13 52 & +43 664 762 09 93",IF(F42="U12_2","+43 66 199 13 52 & +43 664 762 09 93",IF(F42="U11","+43 660 423 93 83",IF(F42="U10","+43 676 377 16 30",IF(F42="U9","+43 66 199 13 52 & +43 660 914 92 36",IF(F42="U8","+43 676 661 62 26 & +43 681 208 11 599",IF(F42="U7","+43 664 458 88 84 & +43 660 549 82 40",IF(F42="FKG","+43 699 111 93 828 & +43 660 600 25 06",IF(A42="Camp","+43 660 77 39 500",IF(A42="Turnier","+43 660 77 39 500","FEHLER")))))))))))))))) -> +43 676 377 16 30
A43: ='ICS2'!I60 -> U14 | B43: ='ICS2'!B60 -> 46270 | C43: ='ICS2'!C60 -> 0.4375 | D43: ='ICS2'!E60 -> GROßHÖFLEIN | E43: ='ICS2'!H60 -> St. Georgen/Eisenstadt | F43: =A43 -> U14 | G43: =IF(F43="KM","Großfeld",IF(F43="U23","Großfeld",IF(F43="U16","Großfeld",IF(F43="U15","Großfeld",IF(F43="U14","Großfeld",IF(F43="U12_1","55*40",IF(F43="U12_2","55x40",IF(F43="U11","55x40",IF(F43="U10","40x25",IF(F43="U9","40x25",IF(F43="U8","29x22",IF(F43="U7","25x20","16x15")))))))))))) -> Großfeld | H43: =IF(F43="KM","7,32x2,44",IF(F43="U23","7,32x2,44",IF(F43="U16","7,32x2,44",IF(F43="U15","7,32x2,44",IF(F43="U14","7,32x2,44",IF(F43="U13","5x2",IF(F43="U12_1","7,32x2,44",IF(F43="U12_2","7,32x2,44",IF(F43="U11","5x2",IF(F43="U10","5x2 ",IF(F43="U9","5x2","4 Minitore"))))))))))) -> 7,32x2,44 | I43: =IF(F43="KM","5",IF(F43="U23",5,IF(F43="U16","5",IF(F43="U15","5",IF(F43="U14","4",IF(F43="U13","4",IF(F43="U12_1","4",IF(F43="U12_2","4",IF(F43="U11","4",IF(F43="U10","4",IF(F43="U9","4","3"))))))))))) -> 4 | J43: =IF(F43="KM","Pleninger Stefan & Matthias Wachter",IF(F43="U23","Egzon Gentiani & Dinges Stefan",IF(F43="U16","Serdar Ekinci & Gernot Sevelda & Hubi Oberhofer",IF(F43="U15","",IF(F43="U14","Christian Neckamm & Thomas Pöschl",IF(F43="U13","",IF(F43="U12_1","Tobias Berger & Mario Magler",IF(F43="U12_2","Tobias Berger & Mario Magler",IF(F43="U11","Christian Wirth",IF(F43="U10","Thomas Brandl",IF(F43="U9","Tobias Berger & Sebastian Putric",IF(F43="U8","Ömer Türkes & Taha Mahsumi",IF(F43="U7","Alexander Zax & Jürgen Joszt",IF(F43="FKG","Ronny Archam & Florian Rac",IF(A43="Camp","Berger Dieter",IF(A43="Turnier","Berger Dieter","FEHLER")))))))))))))))) -> Christian Neckamm & Thomas Pöschl | K43: =IF(F43="KM","+43 664 415 99 09 & +43 699 119 70 312",IF(F43="U23","+43 670 18 59 080 & +43 664 451 22 16",IF(F43="U16","+43 690 104 20 129 & +43 676 401 09 13 & +43 699 181 68 504",IF(F43="U15","",IF(F43="U14","+43 699 192 49 527 & +43 677 613 55 114",IF(F43="U13","",IF(F43="U12_1","+43 66 199 13 52 & +43 664 762 09 93",IF(F43="U12_2","+43 66 199 13 52 & +43 664 762 09 93",IF(F43="U11","+43 660 423 93 83",IF(F43="U10","+43 676 377 16 30",IF(F43="U9","+43 66 199 13 52 & +43 660 914 92 36",IF(F43="U8","+43 676 661 62 26 & +43 681 208 11 599",IF(F43="U7","+43 664 458 88 84 & +43 660 549 82 40",IF(F43="FKG","+43 699 111 93 828 & +43 660 600 25 06",IF(A43="Camp","+43 660 77 39 500",IF(A43="Turnier","+43 660 77 39 500","FEHLER")))))))))))))))) -> +43 699 192 49 527 & +43 677 613 55 114
A44: ='ICS2'!I101 -> U10 | B44: ='ICS2'!B101 -> 46270 | C44: ='ICS2'!C101 -> 0.54166667 | D44: ='ICS2'!E101 -> RUST | E44: ='ICS2'!H101 -> Turnier | F44: =A44 -> U10 | G44: =IF(F44="KM","Großfeld",IF(F44="U23","Großfeld",IF(F44="U16","Großfeld",IF(F44="U15","Großfeld",IF(F44="U14","Großfeld",IF(F44="U12_1","55*40",IF(F44="U12_2","55x40",IF(F44="U11","55x40",IF(F44="U10","40x25",IF(F44="U9","40x25",IF(F44="U8","29x22",IF(F44="U7","25x20","16x15")))))))))))) -> 40x25 | H44: =IF(F44="KM","7,32x2,44",IF(F44="U23","7,32x2,44",IF(F44="U16","7,32x2,44",IF(F44="U15","7,32x2,44",IF(F44="U14","7,32x2,44",IF(F44="U13","5x2",IF(F44="U12_1","7,32x2,44",IF(F44="U12_2","7,32x2,44",IF(F44="U11","5x2",IF(F44="U10","5x2 ",IF(F44="U9","5x2","4 Minitore"))))))))))) -> 5x2 | I44: =IF(F44="KM","5",IF(F44="U23",5,IF(F44="U16","5",IF(F44="U15","5",IF(F44="U14","4",IF(F44="U13","4",IF(F44="U12_1","4",IF(F44="U12_2","4",IF(F44="U11","4",IF(F44="U10","4",IF(F44="U9","4","3"))))))))))) -> 4 | J44: =IF(F44="KM","Pleninger Stefan & Matthias Wachter",IF(F44="U23","Egzon Gentiani & Dinges Stefan",IF(F44="U16","Serdar Ekinci & Gernot Sevelda & Hubi Oberhofer",IF(F44="U15","",IF(F44="U14","Christian Neckamm & Thomas Pöschl",IF(F44="U13","",IF(F44="U12_1","Tobias Berger & Mario Magler",IF(F44="U12_2","Tobias Berger & Mario Magler",IF(F44="U11","Christian Wirth",IF(F44="U10","Thomas Brandl",IF(F44="U9","Tobias Berger & Sebastian Putric",IF(F44="U8","Ömer Türkes & Taha Mahsumi",IF(F44="U7","Alexander Zax & Jürgen Joszt",IF(F44="FKG","Ronny Archam & Florian Rac",IF(A44="Camp","Berger Dieter",IF(A44="Turnier","Berger Dieter","FEHLER")))))))))))))))) -> Thomas Brandl | K44: =IF(F44="KM","+43 664 415 99 09 & +43 699 119 70 312",IF(F44="U23","+43 670 18 59 080 & +43 664 451 22 16",IF(F44="U16","+43 690 104 20 129 & +43 676 401 09 13 & +43 699 181 68 504",IF(F44="U15","",IF(F44="U14","+43 699 192 49 527 & +43 677 613 55 114",IF(F44="U13","",IF(F44="U12_1","+43 66 199 13 52 & +43 664 762 09 93",IF(F44="U12_2","+43 66 199 13 52 & +43 664 762 09 93",IF(F44="U11","+43 660 423 93 83",IF(F44="U10","+43 676 377 16 30",IF(F44="U9","+43 66 199 13 52 & +43 660 914 92 36",IF(F44="U8","+43 676 661 62 26 & +43 681 208 11 599",IF(F44="U7","+43 664 458 88 84 & +43 660 549 82 40",IF(F44="FKG","+43 699 111 93 828 & +43 660 600 25 06",IF(A44="Camp","+43 660 77 39 500",IF(A44="Turnier","+43 660 77 39 500","FEHLER")))))))))))))))) -> +43 676 377 16 30
A45: ='ICS2'!I102 -> U10 | B45: ='ICS2'!B102 -> 46291 | C45: ='ICS2'!C102 -> 0.58333333 | D45: ='ICS2'!E102 -> ST.GEORGEN | E45: ='ICS2'!H102 -> Turnier | F45: =A45 -> U10 | G45: =IF(F45="KM","Großfeld",IF(F45="U23","Großfeld",IF(F45="U16","Großfeld",IF(F45="U15","Großfeld",IF(F45="U14","Großfeld",IF(F45="U12_1","55*40",IF(F45="U12_2","55x40",IF(F45="U11","55x40",IF(F45="U10","40x25",IF(F45="U9","40x25",IF(F45="U8","29x22",IF(F45="U7","25x20","16x15")))))))))))) -> 40x25 | H45: =IF(F45="KM","7,32x2,44",IF(F45="U23","7,32x2,44",IF(F45="U16","7,32x2,44",IF(F45="U15","7,32x2,44",IF(F45="U14","7,32x2,44",IF(F45="U13","5x2",IF(F45="U12_1","7,32x2,44",IF(F45="U12_2","7,32x2,44",IF(F45="U11","5x2",IF(F45="U10","5x2 ",IF(F45="U9","5x2","4 Minitore"))))))))))) -> 5x2 | I45: =IF(F45="KM","5",IF(F45="U23",5,IF(F45="U16","5",IF(F45="U15","5",IF(F45="U14","4",IF(F45="U13","4",IF(F45="U12_1","4",IF(F45="U12_2","4",IF(F45="U11","4",IF(F45="U10","4",IF(F45="U9","4","3"))))))))))) -> 4 | J45: =IF(F45="KM","Pleninger Stefan & Matthias Wachter",IF(F45="U23","Egzon Gentiani & Dinges Stefan",IF(F45="U16","Serdar Ekinci & Gernot Sevelda & Hubi Oberhofer",IF(F45="U15","",IF(F45="U14","Christian Neckamm & Thomas Pöschl",IF(F45="U13","",IF(F45="U12_1","Tobias Berger & Mario Magler",IF(F45="U12_2","Tobias Berger & Mario Magler",IF(F45="U11","Christian Wirth",IF(F45="U10","Thomas Brandl",IF(F45="U9","Tobias Berger & Sebastian Putric",IF(F45="U8","Ömer Türkes & Taha Mahsumi",IF(F45="U7","Alexander Zax & Jürgen Joszt",IF(F45="FKG","Ronny Archam & Florian Rac",IF(A45="Camp","Berger Dieter",IF(A45="Turnier","Berger Dieter","FEHLER")))))))))))))))) -> Thomas Brandl | K45: =IF(F45="KM","+43 664 415 99 09 & +43 699 119 70 312",IF(F45="U23","+43 670 18 59 080 & +43 664 451 22 16",IF(F45="U16","+43 690 104 20 129 & +43 676 401 09 13 & +43 699 181 68 504",IF(F45="U15","",IF(F45="U14","+43 699 192 49 527 & +43 677 613 55 114",IF(F45="U13","",IF(F45="U12_1","+43 66 199 13 52 & +43 664 762 09 93",IF(F45="U12_2","+43 66 199 13 52 & +43 664 762 09 93",IF(F45="U11","+43 660 423 93 83",IF(F45="U10","+43 676 377 16 30",IF(F45="U9","+43 66 199 13 52 & +43 660 914 92 36",IF(F45="U8","+43 676 661 62 26 & +43 681 208 11 599",IF(F45="U7","+43 664 458 88 84 & +43 660 549 82 40",IF(F45="FKG","+43 699 111 93 828 & +43 660 600 25 06",IF(A45="Camp","+43 660 77 39 500",IF(A45="Turnier","+43 660 77 39 500","FEHLER")))))))))))))))) -> +43 676 377 16 30
A46: ='ICS2'!I40 -> U23 | B46: ='ICS2'!B40 -> 46276 | C46: ='ICS2'!C40 -> 0.72916667 | D46: ='ICS2'!E40 -> NEUFELD | E46: ='ICS2'!H40 -> Winden | F46: =A46 -> U23 | G46: =IF(F46="KM","Großfeld",IF(F46="U23","Großfeld",IF(F46="U16","Großfeld",IF(F46="U15","Großfeld",IF(F46="U14","Großfeld",IF(F46="U12_1","55*40",IF(F46="U12_2","55x40",IF(F46="U11","55x40",IF(F46="U10","40x25",IF(F46="U9","40x25",IF(F46="U8","29x22",IF(F46="U7","25x20","16x15")))))))))))) -> Großfeld | H46: =IF(F46="KM","7,32x2,44",IF(F46="U23","7,32x2,44",IF(F46="U16","7,32x2,44",IF(F46="U15","7,32x2,44",IF(F46="U14","7,32x2,44",IF(F46="U13","5x2",IF(F46="U12_1","7,32x2,44",IF(F46="U12_2","7,32x2,44",IF(F46="U11","5x2",IF(F46="U10","5x2 ",IF(F46="U9","5x2","4 Minitore"))))))))))) -> 7,32x2,44 | I46: =IF(F46="KM","5",IF(F46="U23",5,IF(F46="U16","5",IF(F46="U15","5",IF(F46="U14","4",IF(F46="U13","4",IF(F46="U12_1","4",IF(F46="U12_2","4",IF(F46="U11","4",IF(F46="U10","4",IF(F46="U9","4","3"))))))))))) -> 5 | J46: =IF(F46="KM","Pleninger Stefan & Matthias Wachter",IF(F46="U23","Egzon Gentiani & Dinges Stefan",IF(F46="U16","Serdar Ekinci & Gernot Sevelda & Hubi Oberhofer",IF(F46="U15","",IF(F46="U14","Christian Neckamm & Thomas Pöschl",IF(F46="U13","",IF(F46="U12_1","Tobias Berger & Mario Magler",IF(F46="U12_2","Tobias Berger & Mario Magler",IF(F46="U11","Christian Wirth",IF(F46="U10","Thomas Brandl",IF(F46="U9","Tobias Berger & Sebastian Putric",IF(F46="U8","Ömer Türkes & Taha Mahsumi",IF(F46="U7","Alexander Zax & Jürgen Joszt",IF(F46="FKG","Ronny Archam & Florian Rac",IF(A46="Camp","Berger Dieter",IF(A46="Turnier","Berger Dieter","FEHLER")))))))))))))))) -> Egzon Gentiani & Dinges Stefan | K46: =IF(F46="KM","+43 664 415 99 09 & +43 699 119 70 312",IF(F46="U23","+43 670 18 59 080 & +43 664 451 22 16",IF(F46="U16","+43 690 104 20 129 & +43 676 401 09 13 & +43 699 181 68 504",IF(F46="U15","",IF(F46="U14","+43 699 192 49 527 & +43 677 613 55 114",IF(F46="U13","",IF(F46="U12_1","+43 66 199 13 52 & +43 664 762 09 93",IF(F46="U12_2","+43 66 199 13 52 & +43 664 762 09 93",IF(F46="U11","+43 660 423 93 83",IF(F46="U10","+43 676 377 16 30",IF(F46="U9","+43 66 199 13 52 & +43 660 914 92 36",IF(F46="U8","+43 676 661 62 26 & +43 681 208 11 599",IF(F46="U7","+43 664 458 88 84 & +43 660 549 82 40",IF(F46="FKG","+43 699 111 93 828 & +43 660 600 25 06",IF(A46="Camp","+43 660 77 39 500",IF(A46="Turnier","+43 660 77 39 500","FEHLER")))))))))))))))) -> +43 670 18 59 080 & +43 664 451 22 16
A47: ='ICS2'!I90 -> U11 | B47: ='ICS2'!B90 -> 46276 | C47: ='ICS2'!C90 -> 0.77083333 | D47: ='ICS2'!E90 -> HORNSTEIN | E47: ='ICS2'!H90 -> Hornstein | F47: =A47 -> U11 | G47: =IF(F47="KM","Großfeld",IF(F47="U23","Großfeld",IF(F47="U16","Großfeld",IF(F47="U15","Großfeld",IF(F47="U14","Großfeld",IF(F47="U12_1","55*40",IF(F47="U12_2","55x40",IF(F47="U11","55x40",IF(F47="U10","40x25",IF(F47="U9","40x25",IF(F47="U8","29x22",IF(F47="U7","25x20","16x15")))))))))))) -> 55x40 | H47: =IF(F47="KM","7,32x2,44",IF(F47="U23","7,32x2,44",IF(F47="U16","7,32x2,44",IF(F47="U15","7,32x2,44",IF(F47="U14","7,32x2,44",IF(F47="U13","5x2",IF(F47="U12_1","7,32x2,44",IF(F47="U12_2","7,32x2,44",IF(F47="U11","5x2",IF(F47="U10","5x2 ",IF(F47="U9","5x2","4 Minitore"))))))))))) -> 5x2 | I47: =IF(F47="KM","5",IF(F47="U23",5,IF(F47="U16","5",IF(F47="U15","5",IF(F47="U14","4",IF(F47="U13","4",IF(F47="U12_1","4",IF(F47="U12_2","4",IF(F47="U11","4",IF(F47="U10","4",IF(F47="U9","4","3"))))))))))) -> 4 | J47: =IF(F47="KM","Pleninger Stefan & Matthias Wachter",IF(F47="U23","Egzon Gentiani & Dinges Stefan",IF(F47="U16","Serdar Ekinci & Gernot Sevelda & Hubi Oberhofer",IF(F47="U15","",IF(F47="U14","Christian Neckamm & Thomas Pöschl",IF(F47="U13","",IF(F47="U12_1","Tobias Berger & Mario Magler",IF(F47="U12_2","Tobias Berger & Mario Magler",IF(F47="U11","Christian Wirth",IF(F47="U10","Thomas Brandl",IF(F47="U9","Tobias Berger & Sebastian Putric",IF(F47="U8","Ömer Türkes & Taha Mahsumi",IF(F47="U7","Alexander Zax & Jürgen Joszt",IF(F47="FKG","Ronny Archam & Florian Rac",IF(A47="Camp","Berger Dieter",IF(A47="Turnier","Berger Dieter","FEHLER")))))))))))))))) -> Christian Wirth | K47: =IF(F47="KM","+43 664 415 99 09 & +43 699 119 70 312",IF(F47="U23","+43 670 18 59 080 & +43 664 451 22 16",IF(F47="U16","+43 690 104 20 129 & +43 676 401 09 13 & +43 699 181 68 504",IF(F47="U15","",IF(F47="U14","+43 699 192 49 527 & +43 677 613 55 114",IF(F47="U13","",IF(F47="U12_1","+43 66 199 13 52 & +43 664 762 09 93",IF(F47="U12_2","+43 66 199 13 52 & +43 664 762 09 93",IF(F47="U11","+43 660 423 93 83",IF(F47="U10","+43 676 377 16 30",IF(F47="U9","+43 66 199 13 52 & +43 660 914 92 36",IF(F47="U8","+43 676 661 62 26 & +43 681 208 11 599",IF(F47="U7","+43 664 458 88 84 & +43 660 549 82 40",IF(F47="FKG","+43 699 111 93 828 & +43 660 600 25 06",IF(A47="Camp","+43 660 77 39 500",IF(A47="Turnier","+43 660 77 39 500","FEHLER")))))))))))))))) -> +43 660 423 93 83
A48: ='ICS2'!I91 -> U11 | B48: ='ICS2'!B91 -> 46284 | C48: ='ICS2'!C91 -> 0.41666667 | D48: ='ICS2'!E91 -> WULKAPRODERSDORF | E48: ='ICS2'!H91 -> Wulkaprodersdorf | F48: =A48 -> U11 | G48: =IF(F48="KM","Großfeld",IF(F48="U23","Großfeld",IF(F48="U16","Großfeld",IF(F48="U15","Großfeld",IF(F48="U14","Großfeld",IF(F48="U12_1","55*40",IF(F48="U12_2","55x40",IF(F48="U11","55x40",IF(F48="U10","40x25",IF(F48="U9","40x25",IF(F48="U8","29x22",IF(F48="U7","25x20","16x15")))))))))))) -> 55x40 | H48: =IF(F48="KM","7,32x2,44",IF(F48="U23","7,32x2,44",IF(F48="U16","7,32x2,44",IF(F48="U15","7,32x2,44",IF(F48="U14","7,32x2,44",IF(F48="U13","5x2",IF(F48="U12_1","7,32x2,44",IF(F48="U12_2","7,32x2,44",IF(F48="U11","5x2",IF(F48="U10","5x2 ",IF(F48="U9","5x2","4 Minitore"))))))))))) -> 5x2 | I48: =IF(F48="KM","5",IF(F48="U23",5,IF(F48="U16","5",IF(F48="U15","5",IF(F48="U14","4",IF(F48="U13","4",IF(F48="U12_1","4",IF(F48="U12_2","4",IF(F48="U11","4",IF(F48="U10","4",IF(F48="U9","4","3"))))))))))) -> 4 | J48: =IF(F48="KM","Pleninger Stefan & Matthias Wachter",IF(F48="U23","Egzon Gentiani & Dinges Stefan",IF(F48="U16","Serdar Ekinci & Gernot Sevelda & Hubi Oberhofer",IF(F48="U15","",IF(F48="U14","Christian Neckamm & Thomas Pöschl",IF(F48="U13","",IF(F48="U12_1","Tobias Berger & Mario Magler",IF(F48="U12_2","Tobias Berger & Mario Magler",IF(F48="U11","Christian Wirth",IF(F48="U10","Thomas Brandl",IF(F48="U9","Tobias Berger & Sebastian Putric",IF(F48="U8","Ömer Türkes & Taha Mahsumi",IF(F48="U7","Alexander Zax & Jürgen Joszt",IF(F48="FKG","Ronny Archam & Florian Rac",IF(A48="Camp","Berger Dieter",IF(A48="Turnier","Berger Dieter","FEHLER")))))))))))))))) -> Christian Wirth | K48: =IF(F48="KM","+43 664 415 99 09 & +43 699 119 70 312",IF(F48="U23","+43 670 18 59 080 & +43 664 451 22 16",IF(F48="U16","+43 690 104 20 129 & +43 676 401 09 13 & +43 699 181 68 504",IF(F48="U15","",IF(F48="U14","+43 699 192 49 527 & +43 677 613 55 114",IF(F48="U13","",IF(F48="U12_1","+43 66 199 13 52 & +43 664 762 09 93",IF(F48="U12_2","+43 66 199 13 52 & +43 664 762 09 93",IF(F48="U11","+43 660 423 93 83",IF(F48="U10","+43 676 377 16 30",IF(F48="U9","+43 66 199 13 52 & +43 660 914 92 36",IF(F48="U8","+43 676 661 62 26 & +43 681 208 11 599",IF(F48="U7","+43 664 458 88 84 & +43 660 549 82 40",IF(F48="FKG","+43 699 111 93 828 & +43 660 600 25 06",IF(A48="Camp","+43 660 77 39 500",IF(A48="Turnier","+43 660 77 39 500","FEHLER")))))))))))))))) -> +43 660 423 93 83
A49: ='ICS2'!I27 -> KM | B49: ='ICS2'!B27 -> 46276 | C49: ='ICS2'!C27 -> 0.8125 | D49: ='ICS2'!E27 -> NEUFELD | E49: ='ICS2'!H27 -> Winden | F49: =A49 -> KM | G49: =IF(F49="KM","Großfeld",IF(F49="U23","Großfeld",IF(F49="U16","Großfeld",IF(F49="U15","Großfeld",IF(F49="U14","Großfeld",IF(F49="U12_1","55*40",IF(F49="U12_2","55x40",IF(F49="U11","55x40",IF(F49="U10","40x25",IF(F49="U9","40x25",IF(F49="U8","29x22",IF(F49="U7","25x20","16x15")))))))))))) -> Großfeld | H49: =IF(F49="KM","7,32x2,44",IF(F49="U23","7,32x2,44",IF(F49="U16","7,32x2,44",IF(F49="U15","7,32x2,44",IF(F49="U14","7,32x2,44",IF(F49="U13","5x2",IF(F49="U12_1","7,32x2,44",IF(F49="U12_2","7,32x2,44",IF(F49="U11","5x2",IF(F49="U10","5x2 ",IF(F49="U9","5x2","4 Minitore"))))))))))) -> 7,32x2,44 | I49: =IF(F49="KM","5",IF(F49="U23",5,IF(F49="U16","5",IF(F49="U15","5",IF(F49="U14","4",IF(F49="U13","4",IF(F49="U12_1","4",IF(F49="U12_2","4",IF(F49="U11","4",IF(F49="U10","4",IF(F49="U9","4","3"))))))))))) -> 5 | J49: =IF(F49="KM","Pleninger Stefan & Matthias Wachter",IF(F49="U23","Egzon Gentiani & Dinges Stefan",IF(F49="U16","Serdar Ekinci & Gernot Sevelda & Hubi Oberhofer",IF(F49="U15","",IF(F49="U14","Christian Neckamm & Thomas Pöschl",IF(F49="U13","",IF(F49="U12_1","Tobias Berger & Mario Magler",IF(F49="U12_2","Tobias Berger & Mario Magler",IF(F49="U11","Christian Wirth",IF(F49="U10","Thomas Brandl",IF(F49="U9","Tobias Berger & Sebastian Putric",IF(F49="U8","Ömer Türkes & Taha Mahsumi",IF(F49="U7","Alexander Zax & Jürgen Joszt",IF(F49="FKG","Ronny Archam & Florian Rac",IF(A49="Camp","Berger Dieter",IF(A49="Turnier","Berger Dieter","FEHLER")))))))))))))))) -> Pleninger Stefan & Matthias Wachter | K49: =IF(F49="KM","+43 664 415 99 09 & +43 699 119 70 312",IF(F49="U23","+43 670 18 59 080 & +43 664 451 22 16",IF(F49="U16","+43 690 104 20 129 & +43 676 401 09 13 & +43 699 181 68 504",IF(F49="U15","",IF(F49="U14","+43 699 192 49 527 & +43 677 613 55 114",IF(F49="U13","",IF(F49="U12_1","+43 66 199 13 52 & +43 664 762 09 93",IF(F49="U12_2","+43 66 199 13 52 & +43 664 762 09 93",IF(F49="U11","+43 660 423 93 83",IF(F49="U10","+43 676 377 16 30",IF(F49="U9","+43 66 199 13 52 & +43 660 914 92 36",IF(F49="U8","+43 676 661 62 26 & +43 681 208 11 599",IF(F49="U7","+43 664 458 88 84 & +43 660 549 82 40",IF(F49="FKG","+43 699 111 93 828 & +43 660 600 25 06",IF(A49="Camp","+43 660 77 39 500",IF(A49="Turnier","+43 660 77 39 500","FEHLER")))))))))))))))) -> +43 664 415 99 09 & +43 699 119 70 312
A50: ='ICS2'!I104 -> U9 | B50: ='ICS2'!B104 -> 46278 | C50: ='ICS2'!C104 -> 0.45833333 | D50: ='ICS2'!E104 -> NEUFELD | E50: ='ICS2'!H104 -> Steinbrunn | F50: =A50 -> U9 | G50: =IF(F50="KM","Großfeld",IF(F50="U23","Großfeld",IF(F50="U16","Großfeld",IF(F50="U15","Großfeld",IF(F50="U14","Großfeld",IF(F50="U12_1","55*40",IF(F50="U12_2","55x40",IF(F50="U11","55x40",IF(F50="U10","40x25",IF(F50="U9","40x25",IF(F50="U8","29x22",IF(F50="U7","25x20","16x15")))))))))))) -> 40x25 | H50: =IF(F50="KM","7,32x2,44",IF(F50="U23","7,32x2,44",IF(F50="U16","7,32x2,44",IF(F50="U15","7,32x2,44",IF(F50="U14","7,32x2,44",IF(F50="U13","5x2",IF(F50="U12_1","7,32x2,44",IF(F50="U12_2","7,32x2,44",IF(F50="U11","5x2",IF(F50="U10","5x2 ",IF(F50="U9","5x2","4 Minitore"))))))))))) -> 5x2 | I50: =IF(F50="KM","5",IF(F50="U23",5,IF(F50="U16","5",IF(F50="U15","5",IF(F50="U14","4",IF(F50="U13","4",IF(F50="U12_1","4",IF(F50="U12_2","4",IF(F50="U11","4",IF(F50="U10","4",IF(F50="U9","4","3"))))))))))) -> 4 | J50: =IF(F50="KM","Pleninger Stefan & Matthias Wachter",IF(F50="U23","Egzon Gentiani & Dinges Stefan",IF(F50="U16","Serdar Ekinci & Gernot Sevelda & Hubi Oberhofer",IF(F50="U15","",IF(F50="U14","Christian Neckamm & Thomas Pöschl",IF(F50="U13","",IF(F50="U12_1","Tobias Berger & Mario Magler",IF(F50="U12_2","Tobias Berger & Mario Magler",IF(F50="U11","Christian Wirth",IF(F50="U10","Thomas Brandl",IF(F50="U9","Tobias Berger & Sebastian Putric",IF(F50="U8","Ömer Türkes & Taha Mahsumi",IF(F50="U7","Alexander Zax & Jürgen Joszt",IF(F50="FKG","Ronny Archam & Florian Rac",IF(A50="Camp","Berger Dieter",IF(A50="Turnier","Berger Dieter","FEHLER")))))))))))))))) -> Tobias Berger & Sebastian Putric | K50: =IF(F50="KM","+43 664 415 99 09 & +43 699 119 70 312",IF(F50="U23","+43 670 18 59 080 & +43 664 451 22 16",IF(F50="U16","+43 690 104 20 129 & +43 676 401 09 13 & +43 699 181 68 504",IF(F50="U15","",IF(F50="U14","+43 699 192 49 527 & +43 677 613 55 114",IF(F50="U13","",IF(F50="U12_1","+43 66 199 13 52 & +43 664 762 09 93",IF(F50="U12_2","+43 66 199 13 52 & +43 664 762 09 93",IF(F50="U11","+43 660 423 93 83",IF(F50="U10","+43 676 377 16 30",IF(F50="U9","+43 66 199 13 52 & +43 660 914 92 36",IF(F50="U8","+43 676 661 62 26 & +43 681 208 11 599",IF(F50="U7","+43 664 458 88 84 & +43 660 549 82 40",IF(F50="FKG","+43 699 111 93 828 & +43 660 600 25 06",IF(A50="Camp","+43 660 77 39 500",IF(A50="Turnier","+43 660 77 39 500","FEHLER")))))))))))))))) -> +43 66 199 13 52 & +43 660 914 92 36
A51: ='ICS2'!I94 -> U11 | B51: ='ICS2'!B94 -> 46305 | C51: ='ICS2'!C94 -> 0.5625 | D51: ='ICS2'!E94 -> LEITHAPRODERSDORF | E51: ='ICS2'!H94 -> Leithaprodersdorf | F51: =A51 -> U11 | G51: =IF(F51="KM","Großfeld",IF(F51="U23","Großfeld",IF(F51="U16","Großfeld",IF(F51="U15","Großfeld",IF(F51="U14","Großfeld",IF(F51="U12_1","55*40",IF(F51="U12_2","55x40",IF(F51="U11","55x40",IF(F51="U10","40x25",IF(F51="U9","40x25",IF(F51="U8","29x22",IF(F51="U7","25x20","16x15")))))))))))) -> 55x40 | H51: =IF(F51="KM","7,32x2,44",IF(F51="U23","7,32x2,44",IF(F51="U16","7,32x2,44",IF(F51="U15","7,32x2,44",IF(F51="U14","7,32x2,44",IF(F51="U13","5x2",IF(F51="U12_1","7,32x2,44",IF(F51="U12_2","7,32x2,44",IF(F51="U11","5x2",IF(F51="U10","5x2 ",IF(F51="U9","5x2","4 Minitore"))))))))))) -> 5x2 | I51: =IF(F51="KM","5",IF(F51="U23",5,IF(F51="U16","5",IF(F51="U15","5",IF(F51="U14","4",IF(F51="U13","4",IF(F51="U12_1","4",IF(F51="U12_2","4",IF(F51="U11","4",IF(F51="U10","4",IF(F51="U9","4","3"))))))))))) -> 4 | J51: =IF(F51="KM","Pleninger Stefan & Matthias Wachter",IF(F51="U23","Egzon Gentiani & Dinges Stefan",IF(F51="U16","Serdar Ekinci & Gernot Sevelda & Hubi Oberhofer",IF(F51="U15","",IF(F51="U14","Christian Neckamm & Thomas Pöschl",IF(F51="U13","",IF(F51="U12_1","Tobias Berger & Mario Magler",IF(F51="U12_2","Tobias Berger & Mario Magler",IF(F51="U11","Christian Wirth",IF(F51="U10","Thomas Brandl",IF(F51="U9","Tobias Berger & Sebastian Putric",IF(F51="U8","Ömer Türkes & Taha Mahsumi",IF(F51="U7","Alexander Zax & Jürgen Joszt",IF(F51="FKG","Ronny Archam & Florian Rac",IF(A51="Camp","Berger Dieter",IF(A51="Turnier","Berger Dieter","FEHLER")))))))))))))))) -> Christian Wirth | K51: =IF(F51="KM","+43 664 415 99 09 & +43 699 119 70 312",IF(F51="U23","+43 670 18 59 080 & +43 664 451 22 16",IF(F51="U16","+43 690 104 20 129 & +43 676 401 09 13 & +43 699 181 68 504",IF(F51="U15","",IF(F51="U14","+43 699 192 49 527 & +43 677 613 55 114",IF(F51="U13","",IF(F51="U12_1","+43 66 199 13 52 & +43 664 762 09 93",IF(F51="U12_2","+43 66 199 13 52 & +43 664 762 09 93",IF(F51="U11","+43 660 423 93 83",IF(F51="U10","+43 676 377 16 30",IF(F51="U9","+43 66 199 13 52 & +43 660 914 92 36",IF(F51="U8","+43 676 661 62 26 & +43 681 208 11 599",IF(F51="U7","+43 664 458 88 84 & +43 660 549 82 40",IF(F51="FKG","+43 699 111 93 828 & +43 660 600 25 06",IF(A51="Camp","+43 660 77 39 500",IF(A51="Turnier","+43 660 77 39 500","FEHLER")))))))))))))))) -> +43 660 423 93 83
A52: ='ICS2'!I81 -> U12_2 | B52: ='ICS2'!B81 -> 46284 | C52: ='ICS2'!C81 -> 0.45833333 | D52: ='ICS2'!E81 -> GROßHÖFLEIN | E52: ='ICS2'!H81 -> Großhöflein | F52: =A52 -> U12_2 | G52: =IF(F52="KM","Großfeld",IF(F52="U23","Großfeld",IF(F52="U16","Großfeld",IF(F52="U15","Großfeld",IF(F52="U14","Großfeld",IF(F52="U12_1","55*40",IF(F52="U12_2","55x40",IF(F52="U11","55x40",IF(F52="U10","40x25",IF(F52="U9","40x25",IF(F52="U8","29x22",IF(F52="U7","25x20","16x15")))))))))))) -> 55x40 | H52: =IF(F52="KM","7,32x2,44",IF(F52="U23","7,32x2,44",IF(F52="U16","7,32x2,44",IF(F52="U15","7,32x2,44",IF(F52="U14","7,32x2,44",IF(F52="U13","5x2",IF(F52="U12_1","7,32x2,44",IF(F52="U12_2","7,32x2,44",IF(F52="U11","5x2",IF(F52="U10","5x2 ",IF(F52="U9","5x2","4 Minitore"))))))))))) -> 7,32x2,44 | I52: =IF(F52="KM","5",IF(F52="U23",5,IF(F52="U16","5",IF(F52="U15","5",IF(F52="U14","4",IF(F52="U13","4",IF(F52="U12_1","4",IF(F52="U12_2","4",IF(F52="U11","4",IF(F52="U10","4",IF(F52="U9","4","3"))))))))))) -> 4 | J52: =IF(F52="KM","Pleninger Stefan & Matthias Wachter",IF(F52="U23","Egzon Gentiani & Dinges Stefan",IF(F52="U16","Serdar Ekinci & Gernot Sevelda & Hubi Oberhofer",IF(F52="U15","",IF(F52="U14","Christian Neckamm & Thomas Pöschl",IF(F52="U13","",IF(F52="U12_1","Tobias Berger & Mario Magler",IF(F52="U12_2","Tobias Berger & Mario Magler",IF(F52="U11","Christian Wirth",IF(F52="U10","Thomas Brandl",IF(F52="U9","Tobias Berger & Sebastian Putric",IF(F52="U8","Ömer Türkes & Taha Mahsumi",IF(F52="U7","Alexander Zax & Jürgen Joszt",IF(F52="FKG","Ronny Archam & Florian Rac",IF(A52="Camp","Berger Dieter",IF(A52="Turnier","Berger Dieter","FEHLER")))))))))))))))) -> Tobias Berger & Mario Magler | K52: =IF(F52="KM","+43 664 415 99 09 & +43 699 119 70 312",IF(F52="U23","+43 670 18 59 080 & +43 664 451 22 16",IF(F52="U16","+43 690 104 20 129 & +43 676 401 09 13 & +43 699 181 68 504",IF(F52="U15","",IF(F52="U14","+43 699 192 49 527 & +43 677 613 55 114",IF(F52="U13","",IF(F52="U12_1","+43 66 199 13 52 & +43 664 762 09 93",IF(F52="U12_2","+43 66 199 13 52 & +43 664 762 09 93",IF(F52="U11","+43 660 423 93 83",IF(F52="U10","+43 676 377 16 30",IF(F52="U9","+43 66 199 13 52 & +43 660 914 92 36",IF(F52="U8","+43 676 661 62 26 & +43 681 208 11 599",IF(F52="U7","+43 664 458 88 84 & +43 660 549 82 40",IF(F52="FKG","+43 699 111 93 828 & +43 660 600 25 06",IF(A52="Camp","+43 660 77 39 500",IF(A52="Turnier","+43 660 77 39 500","FEHLER")))))))))))))))) -> +43 66 199 13 52 & +43 664 762 09 93
